description,isic_code,isic_label,isic_description
ubucuruzi bwibinyobwa higanjemo ibisembuye,5630,Bars & beverage serving,Beverage serving activities
Igitara gicururizwaho imyenda n'inkweto,4782,Market stall: clothing,"Retail sale via stalls and markets of textiles, clothing and footwear"
cantine icuruza ibinyobwa nibiribwa,5610,Restaurants & food service,Restaurants and mobile food service activities
UBUCURUZI BW'IBIRIBWA MURI SUPERMARKET,4711,"General shop, mainly food","Retail sale in non-specialized stores with food, beverages or tobacco predominating"
gucuruza ibinyobwa birimo fanfa jus beer.,5630,Bars & beverage serving,Beverage serving activities
UBUHINZI BW'IBIHINGA BITANDUKANYE,0111,Growing cereals & legumes,"Growing of cereals (except rice), leguminous crops and oil seeds"
UBUHINZI N'UBWOROZI BUTUNGA URUGO RWE,9810,Household own-use production,Undifferentiated goods-producing activities of private households for own use
UBUDANDAZI BWA REESITORA,4721,Specialised food shop,Retail sale of food in specialized stores
UMURIMO WINGENZI NUBUCURUZI BWIBINYOBWA BISEMBUYE BYIGANJEMO IBYA BRARIRWA NA SKOR,5630,Bars & beverage serving,Beverage serving activities
Ubudandazi bw' ubuconco bwiganjemo inkweto zabadamu,4782,Market stall: clothing,"Retail sale via stalls and markets of textiles, clothing and footwear"
barogosha abagabo nabagore,9602,Hairdressing & beauty,Hairdressing and other beauty treatment
"ubufandazi bwubuconco bwiganjemo ibitoki ,ibirayi,umuceri",4711,"General shop, mainly food","Retail sale in non-specialized stores with food, beverages or tobacco predominating"
Akabari gacuruza ubushera,5630,Bars & beverage serving,Beverage serving activities
ubucuru bwa boutique budandaza,4719,"General shop, other goods",Other retail sale in non-specialized stores
UBUDANDAZI BWIGANJEMO IBYO KURYA NO KUNYWA,4711,"General shop, mainly food","Retail sale in non-specialized stores with food, beverages or tobacco predominating"
ubudandazi bwibinyobwa higanjemo ugwagwa,5630,Bars & beverage serving,Beverage serving activities
ubucuruzi bwiganjemo ibikoresho byubwubatsi,4752,Hardware & paint shop,"Retail sale of hardware, paints and glass in specialized stores"
Bacuruza ibinyobwa nibyo kurya (brouchette),5630,Bars & beverage serving,Beverage serving activities
imirimo yerekeranye nokugabura,5630,Bars & beverage serving,Beverage serving activities
"Gutunganya inzara kubakobwa, abahungu",9602,Hairdressing & beauty,Hairdressing and other beauty treatment
Ubucuruzi bwi ndagara nubunyobwa ni birungo,4711,"General shop, mainly food","Retail sale in non-specialized stores with food, beverages or tobacco predominating"
Ubucuruzi budandaza amandazi ni cyayi ahabugenewe,5610,Restaurants & food service,Restaurants and mobile food service activities
Akabari gacuruza ubushera ninzoga zibitoki,5630,Bars & beverage serving,Beverage serving activities
UBUCURUZI BUDETAYA,4711,"General shop, mainly food","Retail sale in non-specialized stores with food, beverages or tobacco predominating"
GUCURUZA INYANYA,4711,"General shop, mainly food","Retail sale in non-specialized stores with food, beverages or tobacco predominating"
butike,4719,"General shop, other goods",Other retail sale in non-specialized stores
Ubucuruzi budandaza inkweto/boda boda,4782,Market stall: clothing,"Retail sale via stalls and markets of textiles, clothing and footwear"
ubucuruzi buciriritse bwiganjemo ibikoresho byomugikoni namafu nibirayi,4719,"General shop, other goods",Other retail sale in non-specialized stores
Quincaillerie,4752,Hardware & paint shop,"Retail sale of hardware, paints and glass in specialized stores"
UBUCURUZI BWA BOUTIQUE HIGANJE JUS N'IBIKORESHO BY'ISUKU,4711,"General shop, mainly food","Retail sale in non-specialized stores with food, beverages or tobacco predominating"
Ubucuruzi budandaza bwiganjemo Amafu,4719,"General shop, other goods",Other retail sale in non-specialized stores
ubucuruzi budandaza hivanzemo ibiribwa,4711,"General shop, mainly food","Retail sale in non-specialized stores with food, beverages or tobacco predominating"
ubudondozi bw'imyenda,1410,Tailoring & clothing making,"Manufacture of wearing apparel, except fur apparel"
"ubucuruzi budandaza higanjemo amavuta,ibirayi,isukari",4711,"General shop, mainly food","Retail sale in non-specialized stores with food, beverages or tobacco predominating"
"ubucuruzi budandaza,ibitunguru",4711,"General shop, mainly food","Retail sale in non-specialized stores with food, beverages or tobacco predominating"
ubucuruzi bw amakara,4773,Other specialised shop,Other retail sale of new goods in specialized stores
Umudozi,1410,Tailoring & clothing making,"Manufacture of wearing apparel, except fur apparel"
BUTIKE IDANDAZA UBUCONCO,4719,"General shop, other goods",Other retail sale in non-specialized stores
KUDANDAZA IMINEKE,4782,Market stall: clothing,"Retail sale via stalls and markets of textiles, clothing and footwear"
ubudandazi bw amakara,4773,Other specialised shop,Other retail sale of new goods in specialized stores
ubucuruzi bw'imiti ya amatungo,4772,Pharmacy & cosmetics shop,"Retail sale of pharmaceutical and medical goods, cosmetic and toilet articles in specialized stores"
GUCURUZA BADANDAZA IBIRIBWA,4711,"General shop, mainly food","Retail sale in non-specialized stores with food, beverages or tobacco predominating"
"ubudandazi bwibiribwa bidatetse byiganjemo imboga,nigitoki.",4711,"General shop, mainly food","Retail sale in non-specialized stores with food, beverages or tobacco predominating"
Bacuruzaga akabari k'inzoga y' Urwagwa ( Inzoga ziva mu b'itoki),5630,Bars & beverage serving,Beverage serving activities
Gucuruza inzoga zisembuye,5630,Bars & beverage serving,Beverage serving activities
"Ubucuruzi bwibiribwa,umuceri,kawunga,ibishyimbo namavuta yo kurya",4721,Specialised food shop,Retail sale of food in specialized stores
ubucuruzi buvangavanze,4719,"General shop, other goods",Other retail sale in non-specialized stores
kwakira abantu no kubaha ibyo kunywa,5630,Bars & beverage serving,Beverage serving activities
ubucuruzi bucuruza ubushera ahantu habugenewe,5630,Bars & beverage serving,Beverage serving activities
"gusya amasaka,ibigori,soya,imyumbati",1061,Grain milling,Manufacture of grain mill products
icyuma gisya amasaka,1061,Grain milling,Manufacture of grain mill products
kudandaza ibiribwa n'ibinyobwa muri alimentation,4711,"General shop, mainly food","Retail sale in non-specialized stores with food, beverages or tobacco predominating"
"Ubucuruzi bwibiribwa muri boutique ntoya ( ubugari ,umuceli)",4711,"General shop, mainly food","Retail sale in non-specialized stores with food, beverages or tobacco predominating"
Ubucuruzi bw'ubuconco,4719,"General shop, other goods",Other retail sale in non-specialized stores
Gutanga service yo kugaburira abantu ibiribwa bihiye,5610,Restaurants & food service,Restaurants and mobile food service activities
ubucuruzi budandaza bwiganjemo ibiribwa nk ibirayi na kawunga,4711,"General shop, mainly food","Retail sale in non-specialized stores with food, beverages or tobacco predominating"
Boutique icuruza uduconsho higanjemo ibiribwa)ibinyobwa bisembuye,4711,"General shop, mainly food","Retail sale in non-specialized stores with food, beverages or tobacco predominating"
ubucuruzi budandaza ibyiganje ibiribwa,4711,"General shop, mainly food","Retail sale in non-specialized stores with food, beverages or tobacco predominating"
"ubucuruzi bwimyendabyabagabo ,mwisokon, amashati amapantalon , amashati ,",4782,Market stall: clothing,"Retail sale via stalls and markets of textiles, clothing and footwear"
UBUHINZI BWOROZI BUGAMIJE UGUTUNGA URUGO,9810,Household own-use production,Undifferentiated goods-producing activities of private households for own use
UBUHINZI BW'IMITEJA,0113,Growing vegetables & tubers,"Growing of vegetables and melons, roots and tubers"
ubucuruzi bwibiribwa bwiganjemo akawunga numuceri,4721,Specialised food shop,Retail sale of food in specialized stores
"ubucuruzi budandazi  (ubunyobwa,akawunga ,isukari,ubuto ,ubugali)",4721,Specialised food shop,Retail sale of food in specialized stores
Cantine iseriva icyayi n'amandazi,5610,Restaurants & food service,Restaurants and mobile food service activities
Ubudandaza bw'ibiribwa bwiganjemo Amandazi,4721,Specialised food shop,Retail sale of food in specialized stores
"kudandaza higanjemo ibiribwa nibyo kunwa : amandazi , nimigati , icyayi",5610,Restaurants & food service,Restaurants and mobile food service activities
KUGABURIRA ABANTU MURI CANYINE,5610,Restaurants & food service,Restaurants and mobile food service activities
ubucuruzi bw inkweto mu isoko,4782,Market stall: clothing,"Retail sale via stalls and markets of textiles, clothing and footwear"
boutique idandaza yiganjemo ibikoresho,4719,"General shop, other goods",Other retail sale in non-specialized stores
Ubucuruzi bwiganjemo kudanaza ibiribwa,4711,"General shop, mainly food","Retail sale in non-specialized stores with food, beverages or tobacco predominating"
UBUCURZI BWA BOUTIQUE YIGANJEMO IBIRIBWA,4711,"General shop, mainly food","Retail sale in non-specialized stores with food, beverages or tobacco predominating"
ubucuruzi( butike)  ubuconco,4719,"General shop, other goods",Other retail sale in non-specialized stores
GURUZA IBINYOBWA BITANDUKANYE MUKABARI,5630,Bars & beverage serving,Beverage serving activities
ubucuruzi bwiganjemo ibyokurya,4711,"General shop, mainly food","Retail sale in non-specialized stores with food, beverages or tobacco predominating"
kwakiriza abantu ibinyobwa,5630,Bars & beverage serving,Beverage serving activities
"ubudandazi bwiganjemo ibitunguru ,amavuta ,umuceli",4781,Market stall: food & drinks,"Retail sale via stalls and markets of food, beverages and tobacco products"
Gupima urwagwa(kudandaza),5630,Bars & beverage serving,Beverage serving activities
UBUCURUZI BWIBIKORESHO BWUBWUBATSI,4752,Hardware & paint shop,"Retail sale of hardware, paints and glass in specialized stores"
"ubudandazi bwiganjemo, umunyu,isukari, ubuto, amazabune, amavuta yo kwisiga nibindi",4719,"General shop, other goods",Other retail sale in non-specialized stores
Ubucuruzi budandaza ibintu bitandukanye byiganjemo umunyu w'urugera,4711,"General shop, mainly food","Retail sale in non-specialized stores with food, beverages or tobacco predominating"
Kudandazi bwiganjemo ibiribwa,4721,Specialised food shop,Retail sale of food in specialized stores
"Umucuruzi w' imbuto, nimboga",4781,Market stall: food & drinks,"Retail sale via stalls and markets of food, beverages and tobacco products"
gucuruza urwagwa mu buryo budandaza,5630,Bars & beverage serving,Beverage serving activities
"Ubucuruzi budandaza(kawunga,umuceri,amavuta)",4721,Specialised food shop,Retail sale of food in specialized stores
gusya amafu,1061,Grain milling,Manufacture of grain mill products
Ubucuruzi budandaza ibyo kurya ibiribwa n' ibinyobwa,4711,"General shop, mainly food","Retail sale in non-specialized stores with food, beverages or tobacco predominating"
"UBUCURUZI BWA VOKA MW,ISOKO",4781,Market stall: food & drinks,"Retail sale via stalls and markets of food, beverages and tobacco products"
GUTEKA IBIDIYA ABIGABURI ABATURAGE,5610,Restaurants & food service,Restaurants and mobile food service activities
Nukogosha imisatsi,9602,Hairdressing & beauty,Hairdressing and other beauty treatment
"UBUCURUZI BUDANDAZA BWIGANJEMO IBIRIBWA(IFU Y'UBUGALI,UMUCELI,UMUNYU,ISUKALI,BOMBO,SAMURE,BOMBO,BISCUITS)",4711,"General shop, mainly food","Retail sale in non-specialized stores with food, beverages or tobacco predominating"
ubudandazi bwibikoresho by' ubwubatsi,4752,Hardware & paint shop,"Retail sale of hardware, paints and glass in specialized stores"
Kudandaza ibiribwa higanjemo ibirayi nibitoki kawunga namavuta yokurya,4721,Specialised food shop,Retail sale of food in specialized stores
UBUCURUZI BUDANDAZA IBINTU BITANDUKANYE HIGANJEMO IBYO KURYA,4711,"General shop, mainly food","Retail sale in non-specialized stores with food, beverages or tobacco predominating"
kudandaza higanjemo ibiribwa nibikoresho by'isuku,4719,"General shop, other goods",Other retail sale in non-specialized stores
ubucuruzi bw'uduconco,4719,"General shop, other goods",Other retail sale in non-specialized stores
ubucuruzi bw'imiti y'amatungo,4772,Pharmacy & cosmetics shop,"Retail sale of pharmaceutical and medical goods, cosmetic and toilet articles in specialized stores"
Ubudandazi bwa butike higanjemo ibiribwa,4711,"General shop, mainly food","Retail sale in non-specialized stores with food, beverages or tobacco predominating"
ubucuruzi bwa boutique budandaza bwiganjemo inkweto za Bodabada,4771,Clothing & shoe shop,"Retail sale of clothing, footwear and leather articles in specialized stores"
udundazi bwinkweto,4782,Market stall: clothing,"Retail sale via stalls and markets of textiles, clothing and footwear"
"gushesha ibigori,amasaka,imyumbati (gusya)",1061,Grain milling,Manufacture of grain mill products
ubucuruzi bw ibiribwa,4721,Specialised food shop,Retail sale of food in specialized stores
Ubucuruzi budandaza ibiribwa higanjemo ibishyimbo,4721,Specialised food shop,Retail sale of food in specialized stores
gusya ibinyampeke nimyumbati,1061,Grain milling,Manufacture of grain mill products
ubucuruzi bw'amakara munzu y'ubucuruzi,4799,Street & mobile vending,"Other retail sale not in stores, stalls or markets"
gucurura spairparts,4773,Other specialised shop,Other retail sale of new goods in specialized stores
"ubudandazi bukorerwa muri boutique bwiganjemo ,ubunyobwa, soya,isabune",4719,"General shop, other goods",Other retail sale in non-specialized stores
Kudandaza ibicuruzwa byiganjemo ibyokurya no kunywa,4711,"General shop, mainly food","Retail sale in non-specialized stores with food, beverages or tobacco predominating"
"ubucuruzibudandaza bwiganjemo ibyo kurya: umunyu,isukari,umuceri,amavuta",4711,"General shop, mainly food","Retail sale in non-specialized stores with food, beverages or tobacco predominating"
ubucuruzi bwibintu bitandukanye  bwiganjemo ibiribwa namavuta yokwisiga nayo kurya,4711,"General shop, mainly food","Retail sale in non-specialized stores with food, beverages or tobacco predominating"
UBUCURUZI BUDANDAZA BWIGANJEMO'IBIRIBWA MURI BOUTIQUE,4721,Specialised food shop,Retail sale of food in specialized stores
"ubudandazi bw'imyenda, inkweto n'ibiribwa nk'umuceri,akawunga,amavuta n'ibindi bijyanye nabyo",4771,Clothing & shoe shop,"Retail sale of clothing, footwear and leather articles in specialized stores"
ubucuruzi bwamakara,4773,Other specialised shop,Other retail sale of new goods in specialized stores
Ubucuruzi bw'inzoga zisembuye nizidasembuye,5630,Bars & beverage serving,Beverage serving activities
kogosha abantu bakuru na bana,9602,Hairdressing & beauty,Hairdressing and other beauty treatment
ubucuruzi budandaza ubuconco bbwiganjemo ibokoresho byokudoda,4719,"General shop, other goods",Other retail sale in non-specialized stores
UBUDANDAZA BWIBIRIBWA BWIGANJEMO IBIRIBWA,4721,Specialised food shop,Retail sale of food in specialized stores
Imirimo y'ubucuruzi bw'inzoga (urwarwa),5630,Bars & beverage serving,Beverage serving activities
ubucuruzi bwinganjemo ibyo kurya,4711,"General shop, mainly food","Retail sale in non-specialized stores with food, beverages or tobacco predominating"
"Gucuruza umuceri ,isukari,amasabune,umunyu.",4711,"General shop, mainly food","Retail sale in non-specialized stores with food, beverages or tobacco predominating"
Gucuruza amavuta yo kwisiga ni icyuma gisya cyu umuriro,1061,Grain milling,Manufacture of grain mill products
Ubudandazi bw'inzoga,5630,Bars & beverage serving,Beverage serving activities
Ubucuruzi budandaza bw'iganjemo ibyo kurya,4711,"General shop, mainly food","Retail sale in non-specialized stores with food, beverages or tobacco predominating"
UBUDANDAZI BWIMYENDA MU MUHANDA,4799,Street & mobile vending,"Other retail sale not in stores, stalls or markets"
ubudandazi bwa butike bwiganjemo ibiribwa,4711,"General shop, mainly food","Retail sale in non-specialized stores with food, beverages or tobacco predominating"
"acuruza;amafu,inzoga,isukare,umunyu,..",4719,"General shop, other goods",Other retail sale in non-specialized stores
KURIMA AHO BAZATERA IBIGORI,0111,Growing cereals & legumes,"Growing of cereals (except rice), leguminous crops and oil seeds"
Ubucuruzi buranguza ibikoresho by'ubwubatsi byiganjemo MDF.,4752,Hardware & paint shop,"Retail sale of hardware, paints and glass in specialized stores"
KOGOSHA NO GUTUNGANYA UMUSATSI,9602,Hairdressing & beauty,Hairdressing and other beauty treatment
ubicuruzi budandaza bwiganjemo amabati,4752,Hardware & paint shop,"Retail sale of hardware, paints and glass in specialized stores"
IMIRIMO YA RESITORA,5610,Restaurants & food service,Restaurants and mobile food service activities
"kudandaza inyanya,intoryi nimboga",4781,Market stall: food & drinks,"Retail sale via stalls and markets of food, beverages and tobacco products"
gupima urwarwa rw' ibitoki,5630,Bars & beverage serving,Beverage serving activities
"gucuruza ibinyobwa nibiribwa harimo fanta,amata,juice,cake,amandazi,capati",5610,Restaurants & food service,Restaurants and mobile food service activities
Ubuvuruzi bw'ubushera,5630,Bars & beverage serving,Beverage serving activities
boutique idandaza higanjemo i ibirayi,4711,"General shop, mainly food","Retail sale in non-specialized stores with food, beverages or tobacco predominating"
kudandaza inzagwa,5630,Bars & beverage serving,Beverage serving activities
Adoda imyenda mishya ndetse akanayisana,1410,Tailoring & clothing making,"Manufacture of wearing apparel, except fur apparel"
quincaillerie bacuruza amarangi,4752,Hardware & paint shop,"Retail sale of hardware, paints and glass in specialized stores"
"Ubucuruzi bw,ubuconsho bwiganjemo  ibirayi",4711,"General shop, mainly food","Retail sale in non-specialized stores with food, beverages or tobacco predominating"
kudandaza- Inkweto,4771,Clothing & shoe shop,"Retail sale of clothing, footwear and leather articles in specialized stores"
Ubucuruzi budanza ibinyobwa bisembuye bufite ahobubarizwa,5630,Bars & beverage serving,Beverage serving activities
amandazi,5610,Restaurants & food service,Restaurants and mobile food service activities
UBUCURI BW'UBUDANDAZI BW 'IBIRAYI,4721,Specialised food shop,Retail sale of food in specialized stores
"ubucuruzi bw'ibiribwa bidahiye (ibirayi,ibitoki,...)",4721,Specialised food shop,Retail sale of food in specialized stores
"Guha abantu ibyo kurya higanjemo ibyo kurya ( ibitoki, inyama)",5610,Restaurants & food service,Restaurants and mobile food service activities
UBUCURUZI BUDANDAZA IBINTU BITANDUKANYE BWIGANJEMO  UBUNYOBWA,4711,"General shop, mainly food","Retail sale in non-specialized stores with food, beverages or tobacco predominating"
"Gusana Tv,Radio",1410,Tailoring & clothing making,"Manufacture of wearing apparel, except fur apparel"
UBUDANDAZI BW'AVOKA KU MUHANDA,4799,Street & mobile vending,"Other retail sale not in stores, stalls or markets"
UBUDANDAZI BWIMINEKE MU ISOKO,4781,Market stall: food & drinks,"Retail sale via stalls and markets of food, beverages and tobacco products"
UBUCURUZI BUDANDAZA IMYENDA YABANA MWIDUKA,4782,Market stall: clothing,"Retail sale via stalls and markets of textiles, clothing and footwear"
"ubudandazi bwibiribwa higanjemo umunyu, amavuta yo kurya, ifu",4711,"General shop, mainly food","Retail sale in non-specialized stores with food, beverages or tobacco predominating"
Nugucuruza ibirayi ifuyibigori numuceri,4721,Specialised food shop,Retail sale of food in specialized stores
Kudandaza inzoga muri butike,5630,Bars & beverage serving,Beverage serving activities
ubucuruzi bw'ubuconcho,4719,"General shop, other goods",Other retail sale in non-specialized stores
"ubucurizi budandaza ibiribwa higanjemo ibishyimbo,ifu yamasaka",4721,Specialised food shop,Retail sale of food in specialized stores
UBUHINZI N'UBWOROZI BYO GUTUNGA URUGORWE,9810,Household own-use production,Undifferentiated goods-producing activities of private households for own use
bacyuruza ibinyobwa bisembuye badandaza,5630,Bars & beverage serving,Beverage serving activities
umurimo wo gucuruza ubushera,4773,Other specialised shop,Other retail sale of new goods in specialized stores
GUTANGA INZOGA BIPFUNDIKIYE,5630,Bars & beverage serving,Beverage serving activities
bacuruza badandaza ibintu bitandukanye higanjemo inkweto,4771,Clothing & shoe shop,"Retail sale of clothing, footwear and leather articles in specialized stores"
"Ubucuruzi budandaza ibyiganjemo indagara,kawunga,umunyu,isukari,ubuto, amavuta yo kwisiga, amabase, amazi, isabune, juices nibindi bijyanye na boutique",4711,"General shop, mainly food","Retail sale in non-specialized stores with food, beverages or tobacco predominating"
"ubucuruzi bw,icyayi,amata,amandazi",5610,Restaurants & food service,Restaurants and mobile food service activities
kudandaza imboga dodo,4781,Market stall: food & drinks,"Retail sale via stalls and markets of food, beverages and tobacco products"
UBUREZI MU MASHURI YINSHUKE,8510,Primary education,Pre-primary and primary education
UBUCURUZI BWIBYO KURYA ( Cantine),5610,Restaurants & food service,Restaurants and mobile food service activities
"ubucuruzi budandaza butandukanye muri quantine higanjemo amandazi, icyayi",4711,"General shop, mainly food","Retail sale in non-specialized stores with food, beverages or tobacco predominating"
ubucuruzi budandaza bwa butike,4719,"General shop, other goods",Other retail sale in non-specialized stores
ibyakurya biteguye,5630,Bars & beverage serving,Beverage serving activities
Akabali kagurisha inzoga z'amako atandukanye,5630,Bars & beverage serving,Beverage serving activities
UBUCURUZI BWIGAJEMO IBIRIBWA,4711,"General shop, mainly food","Retail sale in non-specialized stores with food, beverages or tobacco predominating"
Ubucuruzi budandaza bwiganjemo Ibirayi,4711,"General shop, mainly food","Retail sale in non-specialized stores with food, beverages or tobacco predominating"
BACURUZA URWAGWA RW'IBITOKI,5610,Restaurants & food service,Restaurants and mobile food service activities
ubucuruzi budandaza bodaboda,4782,Market stall: clothing,"Retail sale via stalls and markets of textiles, clothing and footwear"
UBUCURUZI BUDANDAZA BWIMBOGA,4781,Market stall: food & drinks,"Retail sale via stalls and markets of food, beverages and tobacco products"
UBWOROZI BUTUNGA URUGO,9810,Household own-use production,Undifferentiated goods-producing activities of private households for own use
Akora sambusa zitwa indege,5610,Restaurants & food service,Restaurants and mobile food service activities
"ubucuruzi: inyanya, intoryi,ibitunguru",4711,"General shop, mainly food","Retail sale in non-specialized stores with food, beverages or tobacco predominating"
"UBUDANDAZABWIBINTU BITANDUKANYE BWIGANJEMO UBUGENI IMITAKO ,AMAHERENA , IBYIBO, IBIKAPU NIBINDI..",4773,Other specialised shop,Other retail sale of new goods in specialized stores
"gucuruza imiti ivura amatungo: oxytetracycline,albendazole2500mg,phenlyject,multivitamine",4772,Pharmacy & cosmetics shop,"Retail sale of pharmaceutical and medical goods, cosmetic and toilet articles in specialized stores"
UBUDANDAZI BWIBITUNGURU,4781,Market stall: food & drinks,"Retail sale via stalls and markets of food, beverages and tobacco products"
"UBUCURUZI BUNDANDAZA BWIGANJEMO IBIRIBWA(IBIRAYI,INJANGA,IFU Y'UBUGALI,UMUNYU,BISCUITS,KAWUNGA)",4721,Specialised food shop,Retail sale of food in specialized stores
Gupima ubushera umusururu,5630,Bars & beverage serving,Beverage serving activities
Nugucuruza amakara,4799,Street & mobile vending,"Other retail sale not in stores, stalls or markets"
Gucuruza inzoga na brochettes,5630,Bars & beverage serving,Beverage serving activities
KUDODA IMYENDA ITANDUKANYE,1410,Tailoring & clothing making,"Manufacture of wearing apparel, except fur apparel"
Kogosha Umusatsi,9602,Hairdressing & beauty,Hairdressing and other beauty treatment
ADAMDAZA INKWETO MU ISOKO,4782,Market stall: clothing,"Retail sale via stalls and markets of textiles, clothing and footwear"
ubucuruzi buranguza ibintu bitandukane,4719,"General shop, other goods",Other retail sale in non-specialized stores
Ubucuruzi bwibinyampeke higanjemo amafu amavuta nibirungo,4711,"General shop, mainly food","Retail sale in non-specialized stores with food, beverages or tobacco predominating"
UBUDANDSAZI BWIGANJEMO IBIRIBWA NIBYO KUNYWA,4711,"General shop, mainly food","Retail sale in non-specialized stores with food, beverages or tobacco predominating"
Adandaza inzoga zipfundikiye,4711,"General shop, mainly food","Retail sale in non-specialized stores with food, beverages or tobacco predominating"
UBUCURUZI BW'IBINYOBWA,5630,Bars & beverage serving,Beverage serving activities
"butike yiganjemo icyo inyobwa amavuta biswi,....",4711,"General shop, mainly food","Retail sale in non-specialized stores with food, beverages or tobacco predominating"
ubucuru bw'biribwa nubuconco,4719,"General shop, other goods",Other retail sale in non-specialized stores
ubucuruzi budandaza ibiribwa(ibitoki),4781,Market stall: food & drinks,"Retail sale via stalls and markets of food, beverages and tobacco products"
Acuruza utuntu dutandukanye kugatanda yateye mugasoko gato karema nimugoroba. Ni ibiribwa gusa,4781,Market stall: food & drinks,"Retail sale via stalls and markets of food, beverages and tobacco products"
"ubucuruzi, bw'amashuka, ibiringiti",4711,"General shop, mainly food","Retail sale in non-specialized stores with food, beverages or tobacco predominating"
UBUCURUZI BURANGUZA IBIRIBWA MU IDUKA,4630,Wholesale of food & drinks,"Wholesale of food, beverages and tobacco"
UBUCURUZI BW'INZOGA Z'DAPFUNDIKIYE,5630,Bars & beverage serving,Beverage serving activities
IFUMBIRE YO GUHINGA,4773,Other specialised shop,Other retail sale of new goods in specialized stores
"ubudandazi bw'ibiryo(imigati,umutobe n'icyayi)",5610,Restaurants & food service,Restaurants and mobile food service activities
ubucuruzi bwibinyobwa bisembuye mu kabari,5630,Bars & beverage serving,Beverage serving activities
UBUCURUZI BW'IKINYOBWA CY'URWAGWA,5630,Bars & beverage serving,Beverage serving activities
boutique,4719,"General shop, other goods",Other retail sale in non-specialized stores
"GUCURUZA INZOGA ZIGANJEMO IZA BRARIRWA PRIMUS,MEETING SCKOL",5630,Bars & beverage serving,Beverage serving activities
uburezi mu bwincuke na mashuri abanza,8510,Primary education,Pre-primary and primary education
Ubuduzi buciriritse,4719,"General shop, other goods",Other retail sale in non-specialized stores
Ubucuruzi bw'Ibwo kurya,4721,Specialised food shop,Retail sale of food in specialized stores
kadandaza boutique  higanjemo isabune,4772,Pharmacy & cosmetics shop,"Retail sale of pharmaceutical and medical goods, cosmetic and toilet articles in specialized stores"
ubudandazi bw'amasaha yo kwambara,4773,Other specialised shop,Other retail sale of new goods in specialized stores
"UBUCURUZI BW""' AMAKARA",4773,Other specialised shop,Other retail sale of new goods in specialized stores
"ubucuruzi bundaza bwiganjemo omo,salisa,ifu y'igikoma,etc",4773,Other specialised shop,Other retail sale of new goods in specialized stores
KUDANDAZA IBINTU BITADUKANYE MURI BUTIKE HIGANJEMO IBIRIBWA,4719,"General shop, other goods",Other retail sale in non-specialized stores
GUCURUZA UBUCONCO MURI BOUTIQUE,5610,Restaurants & food service,Restaurants and mobile food service activities
"Ubucuruzi budandaza bwiganjemo ibikomoka kufarini,Imbuto",5610,Restaurants & food service,Restaurants and mobile food service activities
"UBUCURUZI BUDANDAZA BWIGANJEMO IBIRIBWA : UMUCERI, IBIRAYI, UBUGARI,...",4711,"General shop, mainly food","Retail sale in non-specialized stores with food, beverages or tobacco predominating"
KUDANDAZA GAZ,4773,Other specialised shop,Other retail sale of new goods in specialized stores
"Gucuruza ibiryo bitetse byiganjemo : ibitoki,inyama,umuce,imboga, burusheti,umureti....",5610,Restaurants & food service,Restaurants and mobile food service activities
kudandaza imiti yomubuhinzi nubworozi,4772,Pharmacy & cosmetics shop,"Retail sale of pharmaceutical and medical goods, cosmetic and toilet articles in specialized stores"
ubucuruzi bwa capati.amasambusa,4721,Specialised food shop,Retail sale of food in specialized stores
Kurangura ibiribwa ibinyobwa n ibikoresho by isuku,4711,"General shop, mainly food","Retail sale in non-specialized stores with food, beverages or tobacco predominating"
"Kundandaza imyenda,inkweto,ibiribwa birimo umuceli,umunyu n'isukali muri boutique",4721,Specialised food shop,Retail sale of food in specialized stores
Gutunganya inzara,9602,Hairdressing & beauty,Hairdressing and other beauty treatment
KWIGISHA MURI PRIMARY,8510,Primary education,Pre-primary and primary education
"BOUTIQUE IDANDAZA IBINTU  BITANDUKANYE HIGANJEMO IBIRIBWA ( UMUCER,ISUKALI,IFU Y'IMYUMBATI)",4711,"General shop, mainly food","Retail sale in non-specialized stores with food, beverages or tobacco predominating"
ubucuruzi bwimisururu,5630,Bars & beverage serving,Beverage serving activities
"Service z,ibiribwa n,ibinyobwa",4721,Specialised food shop,Retail sale of food in specialized stores
ubucuruzi bwibiribwa bitekwa,4721,Specialised food shop,Retail sale of food in specialized stores
ubucuruzi budandaza bw'ibinyobwa bisembuye,5630,Bars & beverage serving,Beverage serving activities
Ubucuruzi buranguza bwiganjemo ibyo kurya,4711,"General shop, mainly food","Retail sale in non-specialized stores with food, beverages or tobacco predominating"
Kudandaza icyayi n'amandazi baha service abantu,5610,Restaurants & food service,Restaurants and mobile food service activities
UBUHINZI IBIGORI,0111,Growing cereals & legumes,"Growing of cereals (except rice), leguminous crops and oil seeds"
ubudandaza bwibiribwa bitandukanye byiganjemo ibirayi  ninyanya,4721,Specialised food shop,Retail sale of food in specialized stores
Kudandaza ibicuruzwa muri butike,4719,"General shop, other goods",Other retail sale in non-specialized stores
ubucuruzi bw'ibyu bwubatsi,4719,"General shop, other goods",Other retail sale in non-specialized stores
"Ubucuruzi bw'amasabune, umunyu,isukari nibindi muri butike",4773,Other specialised shop,Other retail sale of new goods in specialized stores
ubucuruzi bwimyenda ninkweto,4771,Clothing & shoe shop,"Retail sale of clothing, footwear and leather articles in specialized stores"
Ubucuruzi bw'uduconsho higanjemo imyaka,4773,Other specialised shop,Other retail sale of new goods in specialized stores
ubucuruzi budandaza higangemo ibinyobwa nibiribwa,4721,Specialised food shop,Retail sale of food in specialized stores
butike icuruza ibinyobwa nibiribwa,4711,"General shop, mainly food","Retail sale in non-specialized stores with food, beverages or tobacco predominating"
UBUCURUZI BWI BIRIBWA,4781,Market stall: food & drinks,"Retail sale via stalls and markets of food, beverages and tobacco products"
Badandaza ibintu bitandukanye higanjemo ibyo kunywa,4711,"General shop, mainly food","Retail sale in non-specialized stores with food, beverages or tobacco predominating"
kudandaza ibintu bitandukanye higanjemo ubuto n'umunyu.,4711,"General shop, mainly food","Retail sale in non-specialized stores with food, beverages or tobacco predominating"
KURANGUZA UBUNYOBWA,4630,Wholesale of food & drinks,"Wholesale of food, beverages and tobacco"
"UBUCURUZI BWUBUCOCO BWIGANJEMO , UMUCELI ,IBISHYIMBO ,ISUKALI, UBUNYOBWA",4711,"General shop, mainly food","Retail sale in non-specialized stores with food, beverages or tobacco predominating"
Restaurant icuruza ibyo kurya,5610,Restaurants & food service,Restaurants and mobile food service activities
UBUDANDAZI BWIGANJEMO IBIRIBWA MU ISOKO,4721,Specialised food shop,Retail sale of food in specialized stores
ubucuruzi bwibyo kwiyorosa n'ibitenge nama essuie main,4719,"General shop, other goods",Other retail sale in non-specialized stores
Kudandaza imyenda yigqnjemo iy'abagabo.,4771,Clothing & shoe shop,"Retail sale of clothing, footwear and leather articles in specialized stores"
ubucuruzi bwimineke,4773,Other specialised shop,Other retail sale of new goods in specialized stores
Ubucuruzi budandaza:isabune umunyu kawunga umuceri besweet amavuta bisiga,4711,"General shop, mainly food","Retail sale in non-specialized stores with food, beverages or tobacco predominating"
ubucuruzi budandaza ibintu bitandukanye byiganjemo amavuta yokurya,4711,"General shop, mainly food","Retail sale in non-specialized stores with food, beverages or tobacco predominating"
"ubudandazi bw'ibiribwa(ibirayi,umuceri,kawunga+ibishyimbo)",4721,Specialised food shop,Retail sale of food in specialized stores
kudandaza ibikoresho higanjemo imyenda,4771,Clothing & shoe shop,"Retail sale of clothing, footwear and leather articles in specialized stores"
"gucuruza icyayi,jus amazi,imigati",5610,Restaurants & food service,Restaurants and mobile food service activities
ubucuruzi budandaza ibiribwa bwiganjemo ibinyamafu,4719,"General shop, other goods",Other retail sale in non-specialized stores
UBUDANDAZI BWIGANJEMO AMASABUNE N'UMUNYU,4719,"General shop, other goods",Other retail sale in non-specialized stores
b?utique icuruza ibyokurya byiganje,4711,"General shop, mainly food","Retail sale in non-specialized stores with food, beverages or tobacco predominating"
kogosha imisatsi gusa.,9602,Hairdressing & beauty,Hairdressing and other beauty treatment
KUDANDAZA IBINYOBWA BISEMBUYE NI BIDASEMBUYE,5630,Bars & beverage serving,Beverage serving activities
UBUDANDAZI W'IBINYOBWA NIBIRIBWA BITETSE MURI CANTINE,5610,Restaurants & food service,Restaurants and mobile food service activities
Ibyokunywa harimo inzoga ziganjemo zuruganda zivanze nibyo kurya ibishyimbo numuceri nakawunga,4719,"General shop, other goods",Other retail sale in non-specialized stores
Gusya isombe no kuzigurisha,1061,Grain milling,Manufacture of grain mill products
ubudandazi bwibiribwa umuceri ubucosho,4711,"General shop, mainly food","Retail sale in non-specialized stores with food, beverages or tobacco predominating"
adandaza ibintu byishi bitandukanye,4719,"General shop, other goods",Other retail sale in non-specialized stores
Ubucuruzi bw'ibiribwa n'amavuta yo kwisiga,4719,"General shop, other goods",Other retail sale in non-specialized stores
"ubucuruzi bwiganjemoibiribwa nibinyobwa ( cantine,)",5610,Restaurants & food service,Restaurants and mobile food service activities
UBUDOZI BWIMYENDA YABAGABO,1410,Tailoring & clothing making,"Manufacture of wearing apparel, except fur apparel"
UBUCURUZI BUDANDAZA INYAMA Z'AMATUNGO,4721,Specialised food shop,Retail sale of food in specialized stores
Kudandaza ibitoki,4781,Market stall: food & drinks,"Retail sale via stalls and markets of food, beverages and tobacco products"
"UBUDANDAZI BUTANDUKANYE MU IDUKA BWIGANJEMO, IBIRIBWA, AMASABUNE, AMAVUTA YO KWISIGA",4711,"General shop, mainly food","Retail sale in non-specialized stores with food, beverages or tobacco predominating"
UBUCURUZIBUDANDAZA AMAGI KU MUHANDA,4799,Street & mobile vending,"Other retail sale not in stores, stalls or markets"
Ubudandazi bwibijumba mwisoko,4781,Market stall: food & drinks,"Retail sale via stalls and markets of food, beverages and tobacco products"
Bacuruza badandaza  Imyenda(Amatiriningi ya Sport),4782,Market stall: clothing,"Retail sale via stalls and markets of textiles, clothing and footwear"
gutanga icyo kunywa,5630,Bars & beverage serving,Beverage serving activities
"Acuruza ifu yimyumbati, ibishyimbo,ibirayi namavuta yokurya",4721,Specialised food shop,Retail sale of food in specialized stores
"Ubucuruzi budandaza ibitunguru, watermelon, tangawizi mu isoko",4781,Market stall: food & drinks,"Retail sale via stalls and markets of food, beverages and tobacco products"
ubudandazi bw'ibiribwa higanjemo umuceri namavuta yokurya,4711,"General shop, mainly food","Retail sale in non-specialized stores with food, beverages or tobacco predominating"
ubucuruzi budandaza akambezi ninzoga,4711,"General shop, mainly food","Retail sale in non-specialized stores with food, beverages or tobacco predominating"
Ubucuruzi bw ibiribwa higanjemo  ibirayi,4711,"General shop, mainly food","Retail sale in non-specialized stores with food, beverages or tobacco predominating"
EXPORT COFEE,4630,Wholesale of food & drinks,"Wholesale of food, beverages and tobacco"
ubucuruzi bwamandazi ni cyayi,5610,Restaurants & food service,Restaurants and mobile food service activities
Ubucuruzi budandaza imiti y'abantu itandukanye,4772,Pharmacy & cosmetics shop,"Retail sale of pharmaceutical and medical goods, cosmetic and toilet articles in specialized stores"
Igitara gicururizwaho ibirayi,4781,Market stall: food & drinks,"Retail sale via stalls and markets of food, beverages and tobacco products"
"gucuruza(umunyu,injanga,isabune,inyanya,ubunyobwa)",4721,Specialised food shop,Retail sale of food in specialized stores
UBUHINZI BWIBIHINGWA BITADUKANYE,0111,Growing cereals & legumes,"Growing of cereals (except rice), leguminous crops and oil seeds"
kwigisha abanyesguri mu mashuri abanza,8510,Primary education,Pre-primary and primary education
nakoraga ubucuruzi bwumusururu uhiye ndetse nu rwarwa rwibitoki,5630,Bars & beverage serving,Beverage serving activities
GUKORA AMAFU MU BINYAMPEKE,1061,Grain milling,Manufacture of grain mill products
KURANGUZA IBIRAYI MURI DEPO,4630,Wholesale of food & drinks,"Wholesale of food, beverages and tobacco"
"ubucurizi bwiganjemo imyambaro y' abagore n' abagabo: ibitenge,amakanzu,",4771,Clothing & shoe shop,"Retail sale of clothing, footwear and leather articles in specialized stores"
UBUCURUZI BWIGANJEMO IBITENGE BUKORERWA MW'ISOKO,4782,Market stall: clothing,"Retail sale via stalls and markets of textiles, clothing and footwear"
"Acuruza icyayi,indazi nimigati",5610,Restaurants & food service,Restaurants and mobile food service activities
umurimo wo kuaburira abantu muri Restaurent,5610,Restaurants & food service,Restaurants and mobile food service activities
ubudandazi bwa makara,4773,Other specialised shop,Other retail sale of new goods in specialized stores
GUPIMA UGWAGWA,5630,Bars & beverage serving,Beverage serving activities
Umurimk w'ingenzi ni ubucuruzi budandaza bwiganjemo amarangi,4752,Hardware & paint shop,"Retail sale of hardware, paints and glass in specialized stores"
BAKORA UBUDOZI BW'IMYENDA MISHYA,1410,Tailoring & clothing making,"Manufacture of wearing apparel, except fur apparel"
IBIRIBWA BYIBICURUZWA,4721,Specialised food shop,Retail sale of food in specialized stores
Ubucuruzi budandaza inzoga urwagwa,5630,Bars & beverage serving,Beverage serving activities
"ubucuruzi,budandaza,ibinyobwa byiganjemo ibisindisha",5630,Bars & beverage serving,Beverage serving activities
kudandaza higanjemo ibirobwa,4711,"General shop, mainly food","Retail sale in non-specialized stores with food, beverages or tobacco predominating"
Ni ugucuruza ikigajye n' urwagwa rimwe na rimwe n' ubuconsho,5630,Bars & beverage serving,Beverage serving activities
kudanda ibintu byinshi harimo ibiribwa,4711,"General shop, mainly food","Retail sale in non-specialized stores with food, beverages or tobacco predominating"
"icyayi ,amandazi,jus n,amazi",5610,Restaurants & food service,Restaurants and mobile food service activities
ubucuruzi bwicyuma gitunganya ifu,1061,Grain milling,Manufacture of grain mill products
ubudandazi bwiganjemo ibucuruzi bwibiribwa,4711,"General shop, mainly food","Retail sale in non-specialized stores with food, beverages or tobacco predominating"
ubucuruzi bwimyenda yibitenge yabadamu,4782,Market stall: clothing,"Retail sale via stalls and markets of textiles, clothing and footwear"
UBUDANDAZI BW' IBIRAYI  MU IDUKA,4781,Market stall: food & drinks,"Retail sale via stalls and markets of food, beverages and tobacco products"
salon idefiriza bakora nimisatsi yabagore gusuka,9602,Hairdressing & beauty,Hairdressing and other beauty treatment
UBUCURUZI BW'IBIKORESHO BYISUKU,4772,Pharmacy & cosmetics shop,"Retail sale of pharmaceutical and medical goods, cosmetic and toilet articles in specialized stores"
boutique icuruza ubuconco higanjemo ibintu bijyanye nibinyobwa,4711,"General shop, mainly food","Retail sale in non-specialized stores with food, beverages or tobacco predominating"
KUGURISHA IMYENDA,4771,Clothing & shoe shop,"Retail sale of clothing, footwear and leather articles in specialized stores"
ibyayi nimigati,5610,Restaurants & food service,Restaurants and mobile food service activities
"ubucuruzi bw"" ibiryo bihiye",5610,Restaurants & food service,Restaurants and mobile food service activities
bakora ubucuruzi budandaza bw'ikigage,5630,Bars & beverage serving,Beverage serving activities
"Ubucuruzi,budandaza ubucokori bwiganjemo ibiribwa,amafu,imboga n ibinyampeke",4721,Specialised food shop,Retail sale of food in specialized stores
"ubucuruzi bw'uruconsho bwiganjemo ibyokurya  (umuceri, kawunga, isukari, ibirayi)",4711,"General shop, mainly food","Retail sale in non-specialized stores with food, beverages or tobacco predominating"
Ubucuruzi budandaza ibiribwa bidahiye birimo ibirayi nibitoki ndeste namafu atandukanye,4711,"General shop, mainly food","Retail sale in non-specialized stores with food, beverages or tobacco predominating"
Kugabura Ibinyobwa  bidasembuye (Blarirwa),5630,Bars & beverage serving,Beverage serving activities
BAHINGA IBIJUMBA,0113,Growing vegetables & tubers,"Growing of vegetables and melons, roots and tubers"
gucuruza ibintu bitandukanye mu iduka,4711,"General shop, mainly food","Retail sale in non-specialized stores with food, beverages or tobacco predominating"
"GUSYA AMASAKA,IMYUMBATI,IBIGORI,...",1061,Grain milling,Manufacture of grain mill products
BADANDAZA IBIRIBWA BIBISI MURI BOUTIQUE,4711,"General shop, mainly food","Retail sale in non-specialized stores with food, beverages or tobacco predominating"
ubucuruzi buranguza,4773,Other specialised shop,Other retail sale of new goods in specialized stores
"KUDANDAZA IMBOGA HIGANJEMO IBINYOMORO,MARACUJA,IMYEMBE",4781,Market stall: food & drinks,"Retail sale via stalls and markets of food, beverages and tobacco products"
GUCURUZA INKWETO MU MUHANDA,4799,Street & mobile vending,"Other retail sale not in stores, stalls or markets"
Adandaza ibintu bitandukanye higanjemo kawunga,4711,"General shop, mainly food","Retail sale in non-specialized stores with food, beverages or tobacco predominating"
"ubucuruzi bwibanda kubiribwa ibishyimbo,kawunga,numuceri.",4721,Specialised food shop,Retail sale of food in specialized stores
acuruza inzoga z inzarwa azidandaza,5630,Bars & beverage serving,Beverage serving activities
CONTORY PHORMANCETIC (PHARMANCE),4772,Pharmacy & cosmetics shop,"Retail sale of pharmaceutical and medical goods, cosmetic and toilet articles in specialized stores"
ubucuruzi budandaza ibiribwa muri cantine,4781,Market stall: food & drinks,"Retail sale via stalls and markets of food, beverages and tobacco products"
ubucuruzi bwamata ni mbuto,5610,Restaurants & food service,Restaurants and mobile food service activities
"GUCURUZA, KURANGUZA IBYO KURYA UMUCERI ,IBISHYIMBO IBIRAYI,IMYUMBATI",4630,Wholesale of food & drinks,"Wholesale of food, beverages and tobacco"
BATUNGANYA IMISATSI N' UBWIZA MURI SALON,9602,Hairdressing & beauty,Hairdressing and other beauty treatment
UBUCURUZI BUKKRERWA MURI BOUTIQUE BWIGANJEMO IBIRIBWA,4719,"General shop, other goods",Other retail sale in non-specialized stores
"ubucuruzi bw,ikawa",4630,Wholesale of food & drinks,"Wholesale of food, beverages and tobacco"
"ubucuruzi budandaza akabari ka bralirwa,primus,mitzig,Turbo, nu rwarwa",5630,Bars & beverage serving,Beverage serving activities
"UBUCONSHO (AMASABUNE,UMUNYU,ISUKARI,AMASABUNE)",4719,"General shop, other goods",Other retail sale in non-specialized stores
Atanga ibyo kurya nibyo kunywa,5610,Restaurants & food service,Restaurants and mobile food service activities
KUNDANDAZA IMBOGA KU MUHANDA,4799,Street & mobile vending,"Other retail sale not in stores, stalls or markets"
kugura imyaka yumusaruro wubuhinzi,4721,Specialised food shop,Retail sale of food in specialized stores
"Ubucuruzi budandaza ibiribwa  higanjemo, umuceri,ubugari,amavuta,isukari n ibishyimbo",5630,Bars & beverage serving,Beverage serving activities
"Ubudandazi(Inyanya,Biscout,Amakayi,Amazi ya Nile....)",4711,"General shop, mainly food","Retail sale in non-specialized stores with food, beverages or tobacco predominating"
ubucuruzi budandaza imyenda ya bagore,4782,Market stall: clothing,"Retail sale via stalls and markets of textiles, clothing and footwear"
Ubundi budandazi bw' ibintu bishya bukorerwa ahabugenewe,4773,Other specialised shop,Other retail sale of new goods in specialized stores
UBUHINZI BW'OROZI BW'IBITUNGA URUGO,9810,Household own-use production,Undifferentiated goods-producing activities of private households for own use
ubucuruzi budanzada higanjemo ibyo kurya,4711,"General shop, mainly food","Retail sale in non-specialized stores with food, beverages or tobacco predominating"
ubucuruzi burimo ibiribwa namavuta yokwisiga,4719,"General shop, other goods",Other retail sale in non-specialized stores
ubudandazi bw'imyenda n'inkweto mu iduka,4771,Clothing & shoe shop,"Retail sale of clothing, footwear and leather articles in specialized stores"
ubudandaza bwibintu bitandukanye byiganjemo ifu yigikoma,4711,"General shop, mainly food","Retail sale in non-specialized stores with food, beverages or tobacco predominating"
KWENGA INZOGA MUBITOKI BA KANAYIRANGUZA,4630,Wholesale of food & drinks,"Wholesale of food, beverages and tobacco"
UBUHINZI N'UBWOROZI NGANDURARUGO,9810,Household own-use production,Undifferentiated goods-producing activities of private households for own use
GUCURUZA URWABGWA,5630,Bars & beverage serving,Beverage serving activities
"ubucuruzi budandaza buvanza ibyo kurya ,icyayi ,amandazi ,amata,igikoma",5610,Restaurants & food service,Restaurants and mobile food service activities
UBUDOZI BW'IMYENDA KU CYARAHANI,1410,Tailoring & clothing making,"Manufacture of wearing apparel, except fur apparel"
cantine yiganjemo icyayi amandazi n'amata..,5610,Restaurants & food service,Restaurants and mobile food service activities
apima urwagwa,5630,Bars & beverage serving,Beverage serving activities
Ubucuruzi  budandaza ibiribwa higanjemo amandazi nimigati,5630,Bars & beverage serving,Beverage serving activities
ubudandazi bwiganjemo ibirayi nibitoki,4711,"General shop, mainly food","Retail sale in non-specialized stores with food, beverages or tobacco predominating"
"gucuruza imbuto (imineke,imyembe, ibinyomoro)",4781,Market stall: food & drinks,"Retail sale via stalls and markets of food, beverages and tobacco products"
gucuruza imyaka higangemo ibigori bihunguye,4721,Specialised food shop,Retail sale of food in specialized stores
"ubucuruzi bw'ibirirwa bitandukanye byo kurya cyane cyane nkumunyu,isukaru,amavuta,imiceri n'ibindi.",4721,Specialised food shop,Retail sale of food in specialized stores
UBUHINZI BWO GUTUNGA URUGO,9810,Household own-use production,Undifferentiated goods-producing activities of private households for own use
Kudandaza bapima utuyoga dutandukanye,5630,Bars & beverage serving,Beverage serving activities
Ubucuruzi budandaza bukanaranguza ibintu bitandukanye byiganjemo ibiribwa,4781,Market stall: food & drinks,"Retail sale via stalls and markets of food, beverages and tobacco products"
nubucuruzi bwibiryo byamatungo sondori,4773,Other specialised shop,Other retail sale of new goods in specialized stores
BUCURUZI BWIGANJEMO IBIRIBWA,4721,Specialised food shop,Retail sale of food in specialized stores
"ubucuruzi jus,biscuit, amazi.,,,",4711,"General shop, mainly food","Retail sale in non-specialized stores with food, beverages or tobacco predominating"
"Kudandaza ibiribwa byiganjyemo amavuta,( kawunga n'ibishimbo)",4721,Specialised food shop,Retail sale of food in specialized stores
ubucuruzi bupima bwibinyobwa bya bralirwa,4711,"General shop, mainly food","Retail sale in non-specialized stores with food, beverages or tobacco predominating"
UBUHINZI BW' IBIRIBWA BITANDUKANYE,0111,Growing cereals & legumes,"Growing of cereals (except rice), leguminous crops and oil seeds"
UBUDANDAZI  BW'IBIRIBWA BYIGANJEMO AMASHYAZA MU ISOKO,4781,Market stall: food & drinks,"Retail sale via stalls and markets of food, beverages and tobacco products"
Acuruza adandaza higanje ifu n'umunyu,4711,"General shop, mainly food","Retail sale in non-specialized stores with food, beverages or tobacco predominating"
"kugabura ibyo kunywa,( icyayi na mandazi)",4711,"General shop, mainly food","Retail sale in non-specialized stores with food, beverages or tobacco predominating"
ubucuruzi budandaza ama bijou yagaciro,4773,Other specialised shop,Other retail sale of new goods in specialized stores
gucuruza ibyo kurya icyayi amata namandazi,5610,Restaurants & food service,Restaurants and mobile food service activities
"Kugurisha(inyanya,amashu,imitesha,intamyi)",4721,Specialised food shop,Retail sale of food in specialized stores
UBWOROZI BWI BYO KUBATUNGA,9810,Household own-use production,Undifferentiated goods-producing activities of private households for own use
kudandaza ibintubitandukanye higanjemo amavuta yo kurya,4711,"General shop, mainly food","Retail sale in non-specialized stores with food, beverages or tobacco predominating"
UBUDOZI BW'IMYAMBARO,1410,Tailoring & clothing making,"Manufacture of wearing apparel, except fur apparel"
ubucuruzi bw.inzoga zurwagww,5630,Bars & beverage serving,Beverage serving activities
UBUHINZI UBWOROZI BUGAMIJE GUTUNGA,9810,Household own-use production,Undifferentiated goods-producing activities of private households for own use
gucuruza imboga zidatetse kugisima,4711,"General shop, mainly food","Retail sale in non-specialized stores with food, beverages or tobacco predominating"
ubudandazi w'imbuto mu isoko,4781,Market stall: food & drinks,"Retail sale via stalls and markets of food, beverages and tobacco products"
ubudandazi bw'iganjemo imyenda ya bagore,4771,Clothing & shoe shop,"Retail sale of clothing, footwear and leather articles in specialized stores"
"ubucuruzi bwibiribwa, ibirayi, igitoki, umuceri, kawunga,..",4711,"General shop, mainly food","Retail sale in non-specialized stores with food, beverages or tobacco predominating"
"Ubudandazi bwibyo kurya higanjemo ibirayi,umuceri,isukarinumunyu",4711,"General shop, mainly food","Retail sale in non-specialized stores with food, beverages or tobacco predominating"
UBUHUNZI BW'INYANYA,0113,Growing vegetables & tubers,"Growing of vegetables and melons, roots and tubers"
UBUHINZI BW INGANO,0111,Growing cereals & legumes,"Growing of cereals (except rice), leguminous crops and oil seeds"
gutunganya imyambaro y'abantu(abadamu),1410,Tailoring & clothing making,"Manufacture of wearing apparel, except fur apparel"
"kugurisha( ibirayi,umuceri,agahunga,inyanya,isabune,amazi)",4721,Specialised food shop,Retail sale of food in specialized stores
Pharmacie y'amatungo,4772,Pharmacy & cosmetics shop,"Retail sale of pharmaceutical and medical goods, cosmetic and toilet articles in specialized stores"
UBUCURUZI BUDANDAZA IMBOGA,4781,Market stall: food & drinks,"Retail sale via stalls and markets of food, beverages and tobacco products"
"UBUCURUZI, BWIRIBWA ,lBISHYIMBO,  UMUNYU , AMANDAZI",4721,Specialised food shop,Retail sale of food in specialized stores
ubucuruzi budandaza ibijyanye na cosmetics,4719,"General shop, other goods",Other retail sale in non-specialized stores
"Gutanga amafunguro, aya mu gitondo ,saa sita na ni mugoroba",5610,Restaurants & food service,Restaurants and mobile food service activities
"UBUCURUZI BUDANDAZA BWIGANJEMO IBIRIBWA (IBIRAYI,IBITOKI,NA SIMA)",4711,"General shop, mainly food","Retail sale in non-specialized stores with food, beverages or tobacco predominating"
"boutique icuruza imiceri,akawunga,amavuta yokurya,amasabune",4711,"General shop, mainly food","Retail sale in non-specialized stores with food, beverages or tobacco predominating"
UBUDANDAZI BWIMA JUICE NIBIKOZE MUMANDAZI,5610,Restaurants & food service,Restaurants and mobile food service activities
Gukora inzoga y'ibitoki,5630,Bars & beverage serving,Beverage serving activities
ubucuruzi budandaza ibintu bitandukanye  hinganjemo inkweto zo kwambara,4771,Clothing & shoe shop,"Retail sale of clothing, footwear and leather articles in specialized stores"
UBUHINZI BWIBIJHMBA,0113,Growing vegetables & tubers,"Growing of vegetables and melons, roots and tubers"
icyuma gitunganya amafu yigikoma ndetse nandi mafu yose,1061,Grain milling,Manufacture of grain mill products
ubudandazi bw' inkoko mu isoko,4781,Market stall: food & drinks,"Retail sale via stalls and markets of food, beverages and tobacco products"
Nubucuruzi bwivanzemo amafu y'ibikoma,4711,"General shop, mainly food","Retail sale in non-specialized stores with food, beverages or tobacco predominating"
UBUCURUZI BU DANDAZA IBIRIBWA MW'IDUKA,4721,Specialised food shop,Retail sale of food in specialized stores
"ubudandazi bwiganjemo ibiribwa,ibinyobwa ,n'ibikoresho byisuku",4719,"General shop, other goods",Other retail sale in non-specialized stores
"guha abantu ibyo kunywa higanjemo ikigage n,urwagwa",5630,Bars & beverage serving,Beverage serving activities
Ubucuruzi inzoga na fanta,4711,"General shop, mainly food","Retail sale in non-specialized stores with food, beverages or tobacco predominating"
ubudandazi bwa super market na Gas umurimo winjyenzi ni gaz,4773,Other specialised shop,Other retail sale of new goods in specialized stores
GUHINGA IBIGOLI,0111,Growing cereals & legumes,"Growing of cereals (except rice), leguminous crops and oil seeds"
SERVICES ZA BAR,5630,Bars & beverage serving,Beverage serving activities
GUCURUZA AMANDAZI KUMUHANDA,4799,Street & mobile vending,"Other retail sale not in stores, stalls or markets"
UBUDOZI BWI MYENDA,1410,Tailoring & clothing making,"Manufacture of wearing apparel, except fur apparel"
"ubucuruzi bw'ibiribwa, imineke,amavoca, amandazi,umuceri ,akawunga",4721,Specialised food shop,Retail sale of food in specialized stores
cantine   NIYONIRINGIRA esther  yiganjemo   ibyo kurya no kumywa(amata ;jwice;amandazi,5610,Restaurants & food service,Restaurants and mobile food service activities
Ubucuruzi bugamije kwakira abantu,5630,Bars & beverage serving,Beverage serving activities
"Ubucuruzi budandaza higanjemo amavuta yo kwisiga  umwunyu , isabune ,amabase indobo ,kaunga ,ibikombe bya plastic n'imyenda",4719,"General shop, other goods",Other retail sale in non-specialized stores
Service yo gutunganya imisatsi,9602,Hairdressing & beauty,Hairdressing and other beauty treatment
UBUCURUZI BWINKWI,4799,Street & mobile vending,"Other retail sale not in stores, stalls or markets"
"ubuconco bwiganjemo ibiribwa ubugari,kawunga,numunyu",4711,"General shop, mainly food","Retail sale in non-specialized stores with food, beverages or tobacco predominating"
"ibiribwa,ibikoresho byurugo",4719,"General shop, other goods",Other retail sale in non-specialized stores
ubucuruzi bwinzoga hinganjemo iziva mubitoki,5630,Bars & beverage serving,Beverage serving activities
Ibicuruzwa bya canteen (ibiribwa n'ibinyobwa),5610,Restaurants & food service,Restaurants and mobile food service activities
ubucuruzi buganjemo amata,5610,Restaurants & food service,Restaurants and mobile food service activities
"ubucuruzi bwibiribwa , kawunga , umuceri, umunyu, ubunyobwa , ifu , amavuta",4711,"General shop, mainly food","Retail sale in non-specialized stores with food, beverages or tobacco predominating"
RESTAURANT,5610,Restaurants & food service,Restaurants and mobile food service activities
UBUCURUZI BW'IMYAMBARO KU MUHANDA,4799,Street & mobile vending,"Other retail sale not in stores, stalls or markets"
UBUCURUZI BUDANDAZAIBIRIBWABIBISI MWISOKO,4781,Market stall: food & drinks,"Retail sale via stalls and markets of food, beverages and tobacco products"
ubucuruzi budandaza bwiganjemo GAS,4719,"General shop, other goods",Other retail sale in non-specialized stores
Gutanga icyayi n'amandazi,4711,"General shop, mainly food","Retail sale in non-specialized stores with food, beverages or tobacco predominating"
UBUDANDAZI BWIGANJEMO UMUNYU NISABUNE,4719,"General shop, other goods",Other retail sale in non-specialized stores
"ubucuruzi budandaza muri boutique bwiganjemo ikweto, amavuta, umunyu ,isa une",4719,"General shop, other goods",Other retail sale in non-specialized stores
kudandaza amavuta yokwisiga ni misatsi,4772,Pharmacy & cosmetics shop,"Retail sale of pharmaceutical and medical goods, cosmetic and toilet articles in specialized stores"
"Gucuruza(isabune,umunyu,amavuta yokwisiga na yo kurya,amasafiriya ,imihoro)",4719,"General shop, other goods",Other retail sale in non-specialized stores
"UBUDANDAZA BWIGANJEMO IBYO KURYA NKAMANDAZI, AMATA, UBUGARI NIBINDI",5610,Restaurants & food service,Restaurants and mobile food service activities
KOGOSHA ABATURAGE,9602,Hairdressing & beauty,Hairdressing and other beauty treatment
ibudandazi bwiryo kurya no kunnnya higanjemo amata ( cantine),5610,Restaurants & food service,Restaurants and mobile food service activities
UBUDANDAZI BWINYOBWA BISEMBUYE,5630,Bars & beverage serving,Beverage serving activities
"UBUCURUZI BUDANDAZA IBINTU BITANDUKANYE CYANE CYANE IBIRIBWA NK ' AKAWUNGA, UMUCERI,UMUNYU",4721,Specialised food shop,Retail sale of food in specialized stores
"UBUDANDAZI BWIGANJEMO IBIRIBWA(BUTO,UMUNYU,UMUCELI,ISUKALI,BISCUITS)",4711,"General shop, mainly food","Retail sale in non-specialized stores with food, beverages or tobacco predominating"
gusya amasaka n'imyumbati,1061,Grain milling,Manufacture of grain mill products
KUDANDAZA IMYAKA MU ISOKO,4781,Market stall: food & drinks,"Retail sale via stalls and markets of food, beverages and tobacco products"
cantine icuruza ibinyobwa higanjemo amata,5610,Restaurants & food service,Restaurants and mobile food service activities
UBUHINZI BW'IBITUNGURU BUGAMIJE ISOKO,0113,Growing vegetables & tubers,"Growing of vegetables and melons, roots and tubers"
kogosha imisatsi,9602,Hairdressing & beauty,Hairdressing and other beauty treatment
KURANGUZA IMBUTO,4630,Wholesale of food & drinks,"Wholesale of food, beverages and tobacco"
nuwo gucuruza ibiribwa bibisi nibikoresho byisuku,4711,"General shop, mainly food","Retail sale in non-specialized stores with food, beverages or tobacco predominating"
bautique igitangira yinganjemo utwo kurya,4711,"General shop, mainly food","Retail sale in non-specialized stores with food, beverages or tobacco predominating"
ubucuruzi bwibiribwa bihiye,5610,Restaurants & food service,Restaurants and mobile food service activities
ABASANA IMYAMBARO,1410,Tailoring & clothing making,"Manufacture of wearing apparel, except fur apparel"
UBUCURUZI BUDANDAZA HIGANJEMO IBITARIBWA,4719,"General shop, other goods",Other retail sale in non-specialized stores
UBUDANDAZI BW'IBISHEKE MU ISOKO,4781,Market stall: food & drinks,"Retail sale via stalls and markets of food, beverages and tobacco products"
KUGURA NO KUGURISHA IMYAKA,4630,Wholesale of food & drinks,"Wholesale of food, beverages and tobacco"
GUTANGA SERIVISI YO KOGOSHA IMISATSI KU BAKIRIYA,9602,Hairdressing & beauty,Hairdressing and other beauty treatment
Ubucuruzibw'Inyongeramusaruro,4773,Other specialised shop,Other retail sale of new goods in specialized stores
ubudandazi bwibyokurya,5610,Restaurants & food service,Restaurants and mobile food service activities
UBUCURUZI BUDANDAZA UMUSURURU MUKABARI,5630,Bars & beverage serving,Beverage serving activities
bar restaurant bacuruza ibyo( kunywa nokurya na beach),5610,Restaurants & food service,Restaurants and mobile food service activities
UBUDANDAZI BW'IMINEKE,4781,Market stall: food & drinks,"Retail sale via stalls and markets of food, beverages and tobacco products"
ubucuruzi bwibiribwa badandaza byiganuemo ibirayi,4721,Specialised food shop,Retail sale of food in specialized stores
GUHA ABANTU IBYO KURYA NO KUNYWA ( ICYAYI N'AMANDAZI),5610,Restaurants & food service,Restaurants and mobile food service activities
ubucuruzi bwibikoresho by'ubwubatsi.,4752,Hardware & paint shop,"Retail sale of hardware, paints and glass in specialized stores"
UBUCURUZI BW'URWAGWA MU KABARI,5630,Bars & beverage serving,Beverage serving activities
"UBUDANDAZI,UMUCERI,NA KAWUNGA",4721,Specialised food shop,Retail sale of food in specialized stores
Ubucuruzi budandaza ibiribwa higanjemo imiceri na kaunga,4721,Specialised food shop,Retail sale of food in specialized stores
Ubucuruzi bwubuncosho bwiganjemo ibiribwa,4711,"General shop, mainly food","Retail sale in non-specialized stores with food, beverages or tobacco predominating"
Imirimo ijyanye nogutanga ibinyobwa byinzoga,5630,Bars & beverage serving,Beverage serving activities
ubu uruzi bwubuconsho amavuta yo kurya  jus amavuta yo kwisiga,4773,Other specialised shop,Other retail sale of new goods in specialized stores
"gucuruza ibikoresho byo murugo(amasafuriya,amasane,ibikombe,amabasi,amasahane)nibindi bikoresho bikenerwa murugo",4719,"General shop, other goods",Other retail sale in non-specialized stores
uburezi mumashuri abanza nayinshuke,8510,Primary education,Pre-primary and primary education
UBUHINZI BW'OBISHYIMBO,0111,Growing cereals & legumes,"Growing of cereals (except rice), leguminous crops and oil seeds"
Akabari kubucuruzi bwiganjemo ibinyobwa,5630,Bars & beverage serving,Beverage serving activities
ubucuruzi budandaza higanje ibiribwa( imineke),4721,Specialised food shop,Retail sale of food in specialized stores
Ubucuruzi bw'amafu y'igikoma mu iduka.,4721,Specialised food shop,Retail sale of food in specialized stores
"ubucuruzi bwiganjemo ibyokura nibindi amasabune,inkweto zokogeramo",4711,"General shop, mainly food","Retail sale in non-specialized stores with food, beverages or tobacco predominating"
"UBUCURUZI BW'IBIRIBWA UBUGALI,KAWUNGA,UMUCERI",4721,Specialised food shop,Retail sale of food in specialized stores
"Ubucuruzi budandaza bwiganjemo ibiribwa (umuceri, kawunga n'ibirayi)",4711,"General shop, mainly food","Retail sale in non-specialized stores with food, beverages or tobacco predominating"
UBUHINZI BWOROZI BWIBITUNGA URUGO,9810,Household own-use production,Undifferentiated goods-producing activities of private households for own use
GUSYA IMYUMBATI YABATURAGE,1061,Grain milling,Manufacture of grain mill products
UBUCURUZI BUDANDAZA BWIGAJEMO IBIRIBWA,4711,"General shop, mainly food","Retail sale in non-specialized stores with food, beverages or tobacco predominating"
UBUHINZI BWIMASHAZA,0111,Growing cereals & legumes,"Growing of cereals (except rice), leguminous crops and oil seeds"
Gutsya Ibinyampeke(Amasaka n'ibigori),1061,Grain milling,Manufacture of grain mill products
ubucuruzi butanga ikinyobwa cyurwagwa,5630,Bars & beverage serving,Beverage serving activities
UBUHINZI BWIBISHYUMBO,0111,Growing cereals & legumes,"Growing of cereals (except rice), leguminous crops and oil seeds"
kudandaza ibyokunywa bisembuye nibidasembuye,5610,Restaurants & food service,Restaurants and mobile food service activities
"Kudandaza boutique irimo umwunyu,amasabune higajemo inyanya",4711,"General shop, mainly food","Retail sale in non-specialized stores with food, beverages or tobacco predominating"
Nubwogoshi,9602,Hairdressing & beauty,Hairdressing and other beauty treatment
Ubucuruzi bwimboga bwa joseline higanjemo inyanya,4781,Market stall: food & drinks,"Retail sale via stalls and markets of food, beverages and tobacco products"
boutique idandaza,4719,"General shop, other goods",Other retail sale in non-specialized stores
"ubucuruzi budandaza bwiganje ibiribwa aribyo kawunga,ibishyimbo,umuceri,na masabune, na makoma",4711,"General shop, mainly food","Retail sale in non-specialized stores with food, beverages or tobacco predominating"
UBUHINZI BW'IBIRAYI N'IBIGORI,0113,Growing vegetables & tubers,"Growing of vegetables and melons, roots and tubers"
uburuzi bundandaza higanje ibiribwa,4781,Market stall: food & drinks,"Retail sale via stalls and markets of food, beverages and tobacco products"
icyuma gisya imyaka itandukanye,1061,Grain milling,Manufacture of grain mill products
UBUHINZI BW'IHIMGWA BIVANGAVANZE,0111,Growing cereals & legumes,"Growing of cereals (except rice), leguminous crops and oil seeds"
ubucuruzi bwa bwibyokunywa nokurya,5610,Restaurants & food service,Restaurants and mobile food service activities
kudandaza ibintu bitandukanye mu'iduka,4719,"General shop, other goods",Other retail sale in non-specialized stores
BWARI UBUCURUZI BW'INZOGA NO GUCOMA,5630,Bars & beverage serving,Beverage serving activities
ubucuruzi budandaza amakara n' inkwi,4799,Street & mobile vending,"Other retail sale not in stores, stalls or markets"
UBUDANDAZA BWINYANYA NINTORYI,4799,Street & mobile vending,"Other retail sale not in stores, stalls or markets"
GUTANGA IMITI KUMATUNGO,4772,Pharmacy & cosmetics shop,"Retail sale of pharmaceutical and medical goods, cosmetic and toilet articles in specialized stores"
cantine ivanze na restaurent,5610,Restaurants & food service,Restaurants and mobile food service activities
ubucuruzi budandaza ibyo kurya higanjemo ibinshyimo,4721,Specialised food shop,Retail sale of food in specialized stores
"ubucuruzi bwiganjemo ;ibirayi,amasabune,amavuta,igitoki,ibirayi,amabase",4719,"General shop, other goods",Other retail sale in non-specialized stores
GUPIMA MUTSING,5630,Bars & beverage serving,Beverage serving activities
ubwogashi bw'u musatsi,9602,Hairdressing & beauty,Hairdressing and other beauty treatment
bacuruza ibinyobwa bisembuye n' ibidasembuye,5630,Bars & beverage serving,Beverage serving activities
"UBWOGOSHI BWIMISATSI (ABAGABO,ABANA,ABAGORE)",9602,Hairdressing & beauty,Hairdressing and other beauty treatment
Boutique Indandaza ibintu bitandukanye higajemo fanta,4773,Other specialised shop,Other retail sale of new goods in specialized stores
ubucuruzi budandaza higanjemo inkweto za bodaboda,4771,Clothing & shoe shop,"Retail sale of clothing, footwear and leather articles in specialized stores"
kudandaza ibintu bitandukanye,4719,"General shop, other goods",Other retail sale in non-specialized stores
bacuruz ibikoresho byose byubwubatsi byiganjemo amarangi,4752,Hardware & paint shop,"Retail sale of hardware, paints and glass in specialized stores"
IMIRIMO YO GUTUNGANYA IMISATSI,9602,Hairdressing & beauty,Hairdressing and other beauty treatment
kudandaza imboga,4781,Market stall: food & drinks,"Retail sale via stalls and markets of food, beverages and tobacco products"
Iyi  Cantine icuruza ibyo kunywa bidasembuye ndetse n'ibinyamafarini bitandukanye,5610,Restaurants & food service,Restaurants and mobile food service activities
UMUHINZI W'IBIVANGAVANZE,0111,Growing cereals & legumes,"Growing of cereals (except rice), leguminous crops and oil seeds"
Ubudandazi bw' ubuconco bwiganjemo imifuka n' imigozi bakoresha bazirika imizigo,4719,"General shop, other goods",Other retail sale in non-specialized stores
Ubucuruzi busanzwe bwiganjemo ibiribwa,4711,"General shop, mainly food","Retail sale in non-specialized stores with food, beverages or tobacco predominating"
akabari kibyo kunywa,5630,Bars & beverage serving,Beverage serving activities
Ubudandazi bwi ibinyobwa bisembuye,5630,Bars & beverage serving,Beverage serving activities
kudandaza ibicuruzwa byiganjemo ibyo kurya,4711,"General shop, mainly food","Retail sale in non-specialized stores with food, beverages or tobacco predominating"
Kudandaza ubuconco by'iganjemo ibiribwa n'ibinyobwa,4711,"General shop, mainly food","Retail sale in non-specialized stores with food, beverages or tobacco predominating"
guha ibyo kurya no kunwa,4711,"General shop, mainly food","Retail sale in non-specialized stores with food, beverages or tobacco predominating"
gucuruza ibikorwesho byubwubatsi,4752,Hardware & paint shop,"Retail sale of hardware, paints and glass in specialized stores"
"gucuruza ubuconco ibyo kurya igitoki,ibirayi,imboga,...",4711,"General shop, mainly food","Retail sale in non-specialized stores with food, beverages or tobacco predominating"
IBUCURUZI BW'IBIRIBWA N'IBINYOBWA BYOROHEJE,4711,"General shop, mainly food","Retail sale in non-specialized stores with food, beverages or tobacco predominating"
Kudandaza ibintu bitandukanye higanje amasabune,5610,Restaurants & food service,Restaurants and mobile food service activities
Gutanga uburezi kumashuri abanza kugeza P6,8510,Primary education,Pre-primary and primary education
UBUDANDAZI BWIBIRIBWA NIBINYOBWA MU IDUKA,4711,"General shop, mainly food","Retail sale in non-specialized stores with food, beverages or tobacco predominating"
Ubucuruzi bwi inyongeramusaruro,4773,Other specialised shop,Other retail sale of new goods in specialized stores
ubucuruzi budandaza bwa mobile phones and accessories,4771,Clothing & shoe shop,"Retail sale of clothing, footwear and leather articles in specialized stores"
ubucuruzi bw'icyayi na capati,5610,Restaurants & food service,Restaurants and mobile food service activities
Guserika ikigage,5630,Bars & beverage serving,Beverage serving activities
Bacuruza badandaza ibinyobwa bitandukanye byiganjemo ibya bralirwa,4630,Wholesale of food & drinks,"Wholesale of food, beverages and tobacco"
Imirimo yo ubwogoshi abantu,9602,Hairdressing & beauty,Hairdressing and other beauty treatment
ubucuruzi bw'ibiryo bihiye,5610,Restaurants & food service,Restaurants and mobile food service activities
hucuruza byeri,5630,Bars & beverage serving,Beverage serving activities
uburuzi bwabutike,4719,"General shop, other goods",Other retail sale in non-specialized stores
kubetera abantu ifu,1061,Grain milling,Manufacture of grain mill products
"kudandaza ibiribwa higanjemo imineke,isukari,umuceri,amandazi,avoka,juls,",4711,"General shop, mainly food","Retail sale in non-specialized stores with food, beverages or tobacco predominating"
UBUDANDAZI BW'IBIJUMBA MU ISOKO,4781,Market stall: food & drinks,"Retail sale via stalls and markets of food, beverages and tobacco products"
Ubucuruzi budandaza imyenda y'iabana,4782,Market stall: clothing,"Retail sale via stalls and markets of textiles, clothing and footwear"
UBUHINZI BW ' IBISHYIMBO N' IBIGORI,0111,Growing cereals & legumes,"Growing of cereals (except rice), leguminous crops and oil seeds"
ubucuruzi bwa bu conco,4719,"General shop, other goods",Other retail sale in non-specialized stores
gucuruza ibiribwa bibisi muri boutique,4711,"General shop, mainly food","Retail sale in non-specialized stores with food, beverages or tobacco predominating"
UBUBINZI BW'IBISHYIMBO,0111,Growing cereals & legumes,"Growing of cereals (except rice), leguminous crops and oil seeds"
Ubucuruzi bwamasheneti zokwambara,4719,"General shop, other goods",Other retail sale in non-specialized stores
UBUHINZI BW IMYAKA,0113,Growing vegetables & tubers,"Growing of vegetables and melons, roots and tubers"
Gucuruza amata nibyo kurya,5610,Restaurants & food service,Restaurants and mobile food service activities
ubwogoshi bwimisatsi ya bagabo,9602,Hairdressing & beauty,Hairdressing and other beauty treatment
"umurimo wingenzi kwarurukudandaza ibyokurya byiganjemo umuceri,kawunga namavuta",4721,Specialised food shop,Retail sale of food in specialized stores
KUDANDAZA IBICURUZWA BITANDUKANYE HIGANJEMO IBIIRIBWA,4711,"General shop, mainly food","Retail sale in non-specialized stores with food, beverages or tobacco predominating"
SERVICES Z'UBWIZ?,9602,Hairdressing & beauty,Hairdressing and other beauty treatment
ubucuruzi bwimenya yabagabo caguwa,4711,"General shop, mainly food","Retail sale in non-specialized stores with food, beverages or tobacco predominating"
"ubucuruzi budandaza bw,imyenda",4782,Market stall: clothing,"Retail sale via stalls and markets of textiles, clothing and footwear"
kugabura ibunyobwa ni biribwa byiganjyemo( ibirayi n'umusururu),5630,Bars & beverage serving,Beverage serving activities
BOUTIQUE IDANDAZA IBIRIBWA N'IBINYOBWA,4711,"General shop, mainly food","Retail sale in non-specialized stores with food, beverages or tobacco predominating"
Kudandaza ibiribwa byiganjemo ibirayi,4721,Specialised food shop,Retail sale of food in specialized stores
UBUCURUNZI BWIGANJEMO IBIRIBWA,4711,"General shop, mainly food","Retail sale in non-specialized stores with food, beverages or tobacco predominating"
gucuruza ibijyanye na made in rwanda ( ubugeni nubukorikori),4773,Other specialised shop,Other retail sale of new goods in specialized stores
UBUDANDAZI BWIGANJEMO  AMAKARA MURUGO,4799,Street & mobile vending,"Other retail sale not in stores, stalls or markets"
"Ubucuruzi bwiganjemo imigati, amavuta yo kwisiga, amasabune",4781,Market stall: food & drinks,"Retail sale via stalls and markets of food, beverages and tobacco products"
Kudandaza ubuconsho,4719,"General shop, other goods",Other retail sale in non-specialized stores
Gutunganya umusaruro wubuhinzi(gusya),1061,Grain milling,Manufacture of grain mill products
Akabare k'urwagwa,5630,Bars & beverage serving,Beverage serving activities
UBURUZI BUDANDAZA BWIGANJEMO IBISHYIMBO,4781,Market stall: food & drinks,"Retail sale via stalls and markets of food, beverages and tobacco products"
"ubudandazi bw',iganjemo ibiribwa",4781,Market stall: food & drinks,"Retail sale via stalls and markets of food, beverages and tobacco products"
ubudandaza ibintu bitandukanye mu iduka,4721,Specialised food shop,Retail sale of food in specialized stores
"Ubudandazi bwimboga mwisoko bwiganjemo inyanya,intoryi,ibitunguru",4781,Market stall: food & drinks,"Retail sale via stalls and markets of food, beverages and tobacco products"
UBUCURUZI BW'INZOGA BUKORERWA AHANTU HABUGENEWE,5630,Bars & beverage serving,Beverage serving activities
kudandaza ibitenge mwisoko,4782,Market stall: clothing,"Retail sale via stalls and markets of textiles, clothing and footwear"
GUSUKA,9602,Hairdressing & beauty,Hairdressing and other beauty treatment
UBUHINZI BUGAMIJE GUTUNGU URUGO,9810,Household own-use production,Undifferentiated goods-producing activities of private households for own use
guha abantu icyo kunywa gikomoka kumasaka / Ikigage,5630,Bars & beverage serving,Beverage serving activities
kudandaza icyayi namandazi,5610,Restaurants & food service,Restaurants and mobile food service activities
Ubucuru bundadaza ikweto zo kwambara,4773,Other specialised shop,Other retail sale of new goods in specialized stores
"ubucuruzi budandaza bwiganjemo ibikoresho byo mu rugo amasahane, ibikombe",4711,"General shop, mainly food","Retail sale in non-specialized stores with food, beverages or tobacco predominating"
ubucuruzi bwa boutique budandaza higanjemo ibitaribiribwa,4711,"General shop, mainly food","Retail sale in non-specialized stores with food, beverages or tobacco predominating"
adandaza imyenda yabadamu,4771,Clothing & shoe shop,"Retail sale of clothing, footwear and leather articles in specialized stores"
Gusya ifu yibinyampeke,1061,Grain milling,Manufacture of grain mill products
BOUTIQUE yiganjemo ibirayi,4711,"General shop, mainly food","Retail sale in non-specialized stores with food, beverages or tobacco predominating"
UBUCURUZU BWIMINEKE MU ISOKO,4781,Market stall: food & drinks,"Retail sale via stalls and markets of food, beverages and tobacco products"
ubucuruzi bwumusururu,5630,Bars & beverage serving,Beverage serving activities
ubucuruzi bwamasabune yokumesa,4772,Pharmacy & cosmetics shop,"Retail sale of pharmaceutical and medical goods, cosmetic and toilet articles in specialized stores"
ubucuruzi budandaza bwiganjemo akabenzi,5610,Restaurants & food service,Restaurants and mobile food service activities
UBUDOZI BWIMYENDA ISANZWE,1410,Tailoring & clothing making,"Manufacture of wearing apparel, except fur apparel"
GUCURUZA IMYENDA MWISOKO NOKUDODA,4782,Market stall: clothing,"Retail sale via stalls and markets of textiles, clothing and footwear"
ubucuruzi bw'isambusa,5610,Restaurants & food service,Restaurants and mobile food service activities
BACURUZA IBYOMBO,4773,Other specialised shop,Other retail sale of new goods in specialized stores
"ubucuruzi bw,ibiribwa nkenerwa",4719,"General shop, other goods",Other retail sale in non-specialized stores
Kudandaza(ifuyubugari),4781,Market stall: food & drinks,"Retail sale via stalls and markets of food, beverages and tobacco products"
"Kundandaza ibiribwa,imbuto n'amavuta yo guteka muri boutique",4711,"General shop, mainly food","Retail sale in non-specialized stores with food, beverages or tobacco predominating"
ubudandazi bw'imyenda mu isoko,4782,Market stall: clothing,"Retail sale via stalls and markets of textiles, clothing and footwear"
gutunganya umusatsi(kwogosha gusa hifashishijwe imashini imwe),9602,Hairdressing & beauty,Hairdressing and other beauty treatment
UBUCURUZI BW'INKWETO CYANE CYANE BODABODA,4782,Market stall: clothing,"Retail sale via stalls and markets of textiles, clothing and footwear"
Gustya amasaka nibindi bikoreshwa imashini,1061,Grain milling,Manufacture of grain mill products
gucuruza (kudandaza) ibiribwa,4711,"General shop, mainly food","Retail sale in non-specialized stores with food, beverages or tobacco predominating"
ubucuruzi bwaboutiQwe imiceri akawunga amasabune amandazi,4711,"General shop, mainly food","Retail sale in non-specialized stores with food, beverages or tobacco predominating"
Ubucuruzi budandaza iganjemo ibiribwa,4711,"General shop, mainly food","Retail sale in non-specialized stores with food, beverages or tobacco predominating"
Ubucuruzi bw'ibiribwa muri boutique,4721,Specialised food shop,Retail sale of food in specialized stores
ubucuruzi budandaza bwu rwagwa,5630,Bars & beverage serving,Beverage serving activities
kudandaza ibintu bitandukanye higanjemo ibiribwa(kawunga),4711,"General shop, mainly food","Retail sale in non-specialized stores with food, beverages or tobacco predominating"
Bagabura ibiryo bihiye bya sasita na ninjoro,5610,Restaurants & food service,Restaurants and mobile food service activities
kwegereza abaturage ibiribwa( inyama ),4721,Specialised food shop,Retail sale of food in specialized stores
bacuruza ibintu byishi bitandukanye muri botique,4719,"General shop, other goods",Other retail sale in non-specialized stores
ubucuruzi bwimyenda yabagabo niyabagore,4771,Clothing & shoe shop,"Retail sale of clothing, footwear and leather articles in specialized stores"
GUTUNGANYA IMISATSI YABANTU,9602,Hairdressing & beauty,Hairdressing and other beauty treatment
Uburezi bwibanze,8510,Primary education,Pre-primary and primary education
kudandaza inyama muri boucheri,4721,Specialised food shop,Retail sale of food in specialized stores
Ubucuruzi bwiganjemo ibyo kunywa bitetse,5610,Restaurants & food service,Restaurants and mobile food service activities
bacuruza imyenda n'amaherena by'abari n'abategarugori,4771,Clothing & shoe shop,"Retail sale of clothing, footwear and leather articles in specialized stores"
boutique yibanze kubiribwa n ibikoresho by isuku,4711,"General shop, mainly food","Retail sale in non-specialized stores with food, beverages or tobacco predominating"
ubucuruzi bw'ibintu bitandukanye mwiduka,4719,"General shop, other goods",Other retail sale in non-specialized stores
UBUREZI MU RERERO,8510,Primary education,Pre-primary and primary education
batanga amata yo kunywa kuri dayali,5610,Restaurants & food service,Restaurants and mobile food service activities
"kogosha abagabo ,abagore",9602,Hairdressing & beauty,Hairdressing and other beauty treatment
ubudandaza higanjemo Amavuta yo kurya,4773,Other specialised shop,Other retail sale of new goods in specialized stores
IMIRIMO YO KURIMIRA IBISHYIMBO,0111,Growing cereals & legumes,"Growing of cereals (except rice), leguminous crops and oil seeds"
ubucuruzi bw'ibiribwa bibisi n'ubuconco muri boutique,4721,Specialised food shop,Retail sale of food in specialized stores
gutunganya amafu,1061,Grain milling,Manufacture of grain mill products
"Kudandaza imbuto higanjemo imineke nimboga higanjemo imiteja, dodo,carotte",4781,Market stall: food & drinks,"Retail sale via stalls and markets of food, beverages and tobacco products"
gucuruza ibinyobwa bidasembuye,5610,Restaurants & food service,Restaurants and mobile food service activities
UBUHINZI BBW'IBIHINGWA BITANDUKANYE,0111,Growing cereals & legumes,"Growing of cereals (except rice), leguminous crops and oil seeds"
ubudandaza bwimitako yimodoka,4773,Other specialised shop,Other retail sale of new goods in specialized stores
Imashine isya imyaka itandukanye ibigori amasaka hakavamo amafu atandukanye,1061,Grain milling,Manufacture of grain mill products
"Ubucuruzi bw'imyenda higanjemo ibitenge,imipira n'ibikapu",4771,Clothing & shoe shop,"Retail sale of clothing, footwear and leather articles in specialized stores"
Kundandaza ibiribwa bitandukanye hijanjemo amasaka,4711,"General shop, mainly food","Retail sale in non-specialized stores with food, beverages or tobacco predominating"
gucuruza inkweto,4771,Clothing & shoe shop,"Retail sale of clothing, footwear and leather articles in specialized stores"
KURANGURA IMIKATI,5610,Restaurants & food service,Restaurants and mobile food service activities
"ubucurunzi bw'ibinyobwa bya Bralirwa,hakiyongeraho ikigange n'urwagwa",5630,Bars & beverage serving,Beverage serving activities
ubucutuzi bw'ibyo kunywa,4711,"General shop, mainly food","Retail sale in non-specialized stores with food, beverages or tobacco predominating"
UBUHINZI BW 'IBIRAYI,0113,Growing vegetables & tubers,"Growing of vegetables and melons, roots and tubers"
"KUGABURIRA ABANTU AMANDAZI ,ICYAYI N'AMATA",5610,Restaurants & food service,Restaurants and mobile food service activities
ubucuruzi bwa butike budandaza  burimo nibiribwa,4721,Specialised food shop,Retail sale of food in specialized stores
"Alimentation icuruza amata, amandazi n'imbuto",4721,Specialised food shop,Retail sale of food in specialized stores
UBUHINZI BW IBIJUMBA,0113,Growing vegetables & tubers,"Growing of vegetables and melons, roots and tubers"
ubucuruzi buganjemo ibirungo,4781,Market stall: food & drinks,"Retail sale via stalls and markets of food, beverages and tobacco products"
ubucuruzi budandaza ibiribwa bitetse,5610,Restaurants & food service,Restaurants and mobile food service activities
kogosha imitsatsi kubantu bose,9602,Hairdressing & beauty,Hairdressing and other beauty treatment
Badandaza ubunconsho bwiganjemo ibiribwa,4711,"General shop, mainly food","Retail sale in non-specialized stores with food, beverages or tobacco predominating"
UBUCURUZI BWIGANJEMO IBIRIbWA MURI BUTIKE,4711,"General shop, mainly food","Retail sale in non-specialized stores with food, beverages or tobacco predominating"
"GUCURUZA UMUCERI,UBUGARI,KAWUNGA",4711,"General shop, mainly food","Retail sale in non-specialized stores with food, beverages or tobacco predominating"
GUCURUZA IBIJUMBA MWISOKO,4781,Market stall: food & drinks,"Retail sale via stalls and markets of food, beverages and tobacco products"
UBUHINZI N'UBWOROZI BUGAMIJE GUTUNGA URU,9810,Household own-use production,Undifferentiated goods-producing activities of private households for own use
"ubudandazi bw,ibintu  higanjemo umuceri ,amavuta yo kurya n,ibikoresho by,isuku bitandukanye",4711,"General shop, mainly food","Retail sale in non-specialized stores with food, beverages or tobacco predominating"
bacyuruza kawunga namasabune badandaza,4719,"General shop, other goods",Other retail sale in non-specialized stores
ubucuruzi bwimiti ivura abantu,4772,Pharmacy & cosmetics shop,"Retail sale of pharmaceutical and medical goods, cosmetic and toilet articles in specialized stores"
UBUHINZI BWIBIHIGWA BITANDUKANGE,0111,Growing cereals & legumes,"Growing of cereals (except rice), leguminous crops and oil seeds"
ubucuruzi budadaza bwibiribwa,4711,"General shop, mainly food","Retail sale in non-specialized stores with food, beverages or tobacco predominating"
UBUCURUZI BW'INYONGERAMUSARURO,4773,Other specialised shop,Other retail sale of new goods in specialized stores
UBUHINZI BUGAMIJE GUTUNGA,9810,Household own-use production,Undifferentiated goods-producing activities of private households for own use
PRIMARY EDUCATION,8510,Primary education,Pre-primary and primary education
Kudandaza ibiribwa by'abantu,4721,Specialised food shop,Retail sale of food in specialized stores
UBUDANDAZI BWIGANJEMO UMUNYU,4711,"General shop, mainly food","Retail sale in non-specialized stores with food, beverages or tobacco predominating"
NI SALOON YOGOSHA ABAGABO NA BAGORE,9602,Hairdressing & beauty,Hairdressing and other beauty treatment
UBUHINZI BWIMBUTO(WATER MELON),0113,Growing vegetables & tubers,"Growing of vegetables and melons, roots and tubers"
UBUCURUZI BUDANDAZA IBIRAYI MU IDUKA,4721,Specialised food shop,Retail sale of food in specialized stores
UBUREZ MU MASHURI ABANZA,8510,Primary education,Pre-primary and primary education
"Ubucuruzi bushyingiye urwagwa ,umusuru.",5630,Bars & beverage serving,Beverage serving activities
Nukwegereza abaturage amata hafi kugirango bayabone muburyo buboroheye,4721,Specialised food shop,Retail sale of food in specialized stores
ubucuruzi budandaza amavuta,4772,Pharmacy & cosmetics shop,"Retail sale of pharmaceutical and medical goods, cosmetic and toilet articles in specialized stores"
UBUCURUZI BWA BOUTIQUE,4711,"General shop, mainly food","Retail sale in non-specialized stores with food, beverages or tobacco predominating"
UBUDANDAZI BWA BOUTIQUE,4711,"General shop, mainly food","Retail sale in non-specialized stores with food, beverages or tobacco predominating"
UBUHINZI BWI BIHINGWA BITANDANDUKANYE,0111,Growing cereals & legumes,"Growing of cereals (except rice), leguminous crops and oil seeds"
boutique idandaza higanjemo ibiribwa nibinyobwa nkinzoga zipfundikiye,4711,"General shop, mainly food","Retail sale in non-specialized stores with food, beverages or tobacco predominating"
"gucuruza amandazi,n icyayi",5610,Restaurants & food service,Restaurants and mobile food service activities
Akora umurimo wo kudoda imyenda mishya ndetse niyo gusana imyenda yacitse,1410,Tailoring & clothing making,"Manufacture of wearing apparel, except fur apparel"
"gucuruza botike yiganjemo quantine ,amata namandazi",5610,Restaurants & food service,Restaurants and mobile food service activities
"ubudozi bwinkweto, inshyashya nizishaje",1410,Tailoring & clothing making,"Manufacture of wearing apparel, except fur apparel"
Gutanga ibyo kurya biciriritse,5610,Restaurants & food service,Restaurants and mobile food service activities
"UBUCURUZI BW,IBIRIBWA MUMIHANDA",4711,"General shop, mainly food","Retail sale in non-specialized stores with food, beverages or tobacco predominating"
Kudandaza isabune namakayi,4711,"General shop, mainly food","Retail sale in non-specialized stores with food, beverages or tobacco predominating"
"ubucuruzi budandaza ibiribwa ,ibirayi,umuceri",4711,"General shop, mainly food","Retail sale in non-specialized stores with food, beverages or tobacco predominating"
KOTSA IBIGORI KUMUHANDA BAKABIDANDAZA,5610,Restaurants & food service,Restaurants and mobile food service activities
Iy ni Butike icuruza ubuconco higanjemo ibyo kurya bitandukanye,4711,"General shop, mainly food","Retail sale in non-specialized stores with food, beverages or tobacco predominating"
"ubudandazi bwiganjemo, ibiribwa na mavuta yokwisiga",4711,"General shop, mainly food","Retail sale in non-specialized stores with food, beverages or tobacco predominating"
BADODA IMYENDA MISHYA,1410,Tailoring & clothing making,"Manufacture of wearing apparel, except fur apparel"
UBUDANDAZI BW'IBIRIBWA MURI BOUTIQUE,4711,"General shop, mainly food","Retail sale in non-specialized stores with food, beverages or tobacco predominating"
ubucuruzi bwa liquor(liquor shop),4719,"General shop, other goods",Other retail sale in non-specialized stores
GUCURUZA IBINYOBWA BITANDUKANYA CYANE CYANE INYA BRALIRWA,5630,Bars & beverage serving,Beverage serving activities
GUTANGANYA IMISATSI Y'ABAGORE,9602,Hairdressing & beauty,Hairdressing and other beauty treatment
kudandaza inzoga zitandukanye,5630,Bars & beverage serving,Beverage serving activities
kwakira abantu no kubaha icyo kunywa,5630,Bars & beverage serving,Beverage serving activities
UBUCURUZI BUDANDAZA IBIRAYI KUMUHANDA,4711,"General shop, mainly food","Retail sale in non-specialized stores with food, beverages or tobacco predominating"
"gucuruza, ibishyimbo bihiye, amakara",4721,Specialised food shop,Retail sale of food in specialized stores
"ubucuruzi bw,' ibyo kurya no kunywa",5610,Restaurants & food service,Restaurants and mobile food service activities
bacuruza imiti ivura abantu ikoze mubimera,4772,Pharmacy & cosmetics shop,"Retail sale of pharmaceutical and medical goods, cosmetic and toilet articles in specialized stores"
UBWOROZI BW'AMATUNGO YO GUTUNGA URUGO,9810,Household own-use production,Undifferentiated goods-producing activities of private households for own use
ubucuruzi budandaza inzoga zipfundikiye,5630,Bars & beverage serving,Beverage serving activities
ubucuruzi budandaza bwiganjemo ibyambarwa,4721,Specialised food shop,Retail sale of food in specialized stores
UBUHINZI BW KAROTI,0113,Growing vegetables & tubers,"Growing of vegetables and melons, roots and tubers"
Kudandaza utuntu ducye higanjemo iibisuguti,4711,"General shop, mainly food","Retail sale in non-specialized stores with food, beverages or tobacco predominating"
ubudandazi bwibiribwa nibinyobwa bitandukanye bidatetse,4711,"General shop, mainly food","Retail sale in non-specialized stores with food, beverages or tobacco predominating"
"UBUCURUZI BUDANDAZA IBINTU BITANDUKANYE CYANE CYANE IBIRIBWA UMUCERI ,AKAWUNGA, N'IBIKORESHO BY'ISUKU NK' ISABUNE AMAVUTA",4721,Specialised food shop,Retail sale of food in specialized stores
Boutique idandaza ibintu bitandukanye higanjemo ibikoresho byisuku nimyenda,4719,"General shop, other goods",Other retail sale in non-specialized stores
Umurimo wo kugabura icyayi n'amandazi nimineke,5610,Restaurants & food service,Restaurants and mobile food service activities
"Butike idandaza higanjemo (ibirayi,umuceri,amasabune ,ibishyimbo)",4721,Specialised food shop,Retail sale of food in specialized stores
ubucuruzi bwubucyosho bwiganje mo ibiribwa,4711,"General shop, mainly food","Retail sale in non-specialized stores with food, beverages or tobacco predominating"
"Ubucuruzi,budandaza,ubuconsho cyane cyane higanjemo ibiribwa",4711,"General shop, mainly food","Retail sale in non-specialized stores with food, beverages or tobacco predominating"
Gusya ibinyampeke bitandukanye by' abaturage bahaturiye,1061,Grain milling,Manufacture of grain mill products
"Ubucuruzi bw'ibiribwa(ibishyimbo,akawunga,umuceri n'isukari Baradandaza",4721,Specialised food shop,Retail sale of food in specialized stores
kogosha abantu muri sarodecafire,9602,Hairdressing & beauty,Hairdressing and other beauty treatment
gucuruza bunshonsho,4719,"General shop, other goods",Other retail sale in non-specialized stores
"ubucuruzi bw'uruconco, ibiribwa",4721,Specialised food shop,Retail sale of food in specialized stores
UBUHINZI BWIBIGORI NUMUCERI,0113,Growing vegetables & tubers,"Growing of vegetables and melons, roots and tubers"
"ubucuruzi bwa boutique bwiganjemo umunyu, amasabune, n'ibiribwa bitandukanye",4711,"General shop, mainly food","Retail sale in non-specialized stores with food, beverages or tobacco predominating"
Gusya Imyumbati N'amasaka(IFu),1061,Grain milling,Manufacture of grain mill products
"ubucuruzi budandaza ibiribwa ( biscuit, makaroni, umunyu,..) muri boutique",4711,"General shop, mainly food","Retail sale in non-specialized stores with food, beverages or tobacco predominating"
Kogosha nogusokoza bakanasiga inzara,9602,Hairdressing & beauty,Hairdressing and other beauty treatment
ubucuruzi bwubunshonsho higanjemo ibitunguru,4781,Market stall: food & drinks,"Retail sale via stalls and markets of food, beverages and tobacco products"
UBUHINZI BWQMASAKA,0111,Growing cereals & legumes,"Growing of cereals (except rice), leguminous crops and oil seeds"
"UBUDANDAZI BY'IBYO KURYA  ; UMUCERI ,KAWUNGA, IBISHYIMBO,",4721,Specialised food shop,Retail sale of food in specialized stores
GUSERIVA IBIRYO MURI RESTAURANT,5610,Restaurants & food service,Restaurants and mobile food service activities
.Kudandaza ibintu bitandukanye muri boutique,4719,"General shop, other goods",Other retail sale in non-specialized stores
ABASANA IMYENDA,1410,Tailoring & clothing making,"Manufacture of wearing apparel, except fur apparel"
"ubucuruzi bw'ibiribwa byiganjemo umuceri,kawunga,amavuta hakabonekamo nibikoresho byisuku bitandukanye twongeyemo nibikoresho byubuhinzi",4711,"General shop, mainly food","Retail sale in non-specialized stores with food, beverages or tobacco predominating"
Ubucuruzi bupima inzoga z'urwagwa,5630,Bars & beverage serving,Beverage serving activities
FARUMASI,4772,Pharmacy & cosmetics shop,"Retail sale of pharmaceutical and medical goods, cosmetic and toilet articles in specialized stores"
Kudandaza ibicuruzwa byiganjemo ibiribwa mu iduka,4711,"General shop, mainly food","Retail sale in non-specialized stores with food, beverages or tobacco predominating"
UBUCURUZI BUHA ABANTU IBINYOBWA BUKORERA AHABUJYENEWE(AKABARI),5630,Bars & beverage serving,Beverage serving activities
"umurimo wingenzi w'ubudandazi bwiganjemo kawunga ,umunyu,isukari",4711,"General shop, mainly food","Retail sale in non-specialized stores with food, beverages or tobacco predominating"
Gucuruza ubuconsho,4719,"General shop, other goods",Other retail sale in non-specialized stores
badaza ubuehera,5630,Bars & beverage serving,Beverage serving activities
"GUSYA IMYAKA HIGANJEMO IMUUMBATI,AMAMERA",1061,Grain milling,Manufacture of grain mill products
KUBAGARA IBOSHYIMBO,0111,Growing cereals & legumes,"Growing of cereals (except rice), leguminous crops and oil seeds"
UBUCURUZI BUDANDAZA IMYENDA MU IDUKA,4771,Clothing & shoe shop,"Retail sale of clothing, footwear and leather articles in specialized stores"
"umurimo wingenzi nukudandaza ibyokurya byiganjemo ibirayi,umuceri,?bitungur,inyanya,amashu nkawunga",4711,"General shop, mainly food","Retail sale in non-specialized stores with food, beverages or tobacco predominating"
UBUCURUZI BUDANDAZA BWA QUINCAILLERIE,4752,Hardware & paint shop,"Retail sale of hardware, paints and glass in specialized stores"
ubucuruzi bwi ibiribwa ni ibinyobwa higanjemo inzoga zipfundikiye,5610,Restaurants & food service,Restaurants and mobile food service activities
"Kudandaza imineke, icyayi ndetse n'amandazi",5610,Restaurants & food service,Restaurants and mobile food service activities
kudetaya ibikoresho byinkweto,4771,Clothing & shoe shop,"Retail sale of clothing, footwear and leather articles in specialized stores"
UBUHINZI W'IBIHINGWA BITANDUKANYE,0111,Growing cereals & legumes,"Growing of cereals (except rice), leguminous crops and oil seeds"
UBUCURUZU BW' IMBOGA MWISOKO,4781,Market stall: food & drinks,"Retail sale via stalls and markets of food, beverages and tobacco products"
ADANDAZA IBINTU BITANDUKANYE HIGANJEMO IMBOGA,4781,Market stall: food & drinks,"Retail sale via stalls and markets of food, beverages and tobacco products"
"gusya amasaka,ibigori",1061,Grain milling,Manufacture of grain mill products
Ubucuruzi budandaza Imyenda higanjemo iyabagabo,4771,Clothing & shoe shop,"Retail sale of clothing, footwear and leather articles in specialized stores"
"boutique idandaza, ibiribwa bitandukanye, inyanya ibishyimbo,ibirayi,nibindi bikoresho byisuku bitandukane",4711,"General shop, mainly food","Retail sale in non-specialized stores with food, beverages or tobacco predominating"
ubucuruzi bwubuconsho  ibiribwa imyenda ibyuma nibindi,4719,"General shop, other goods",Other retail sale in non-specialized stores
"UBUHINZI BW,'IBISHYIMBO",0111,Growing cereals & legumes,"Growing of cereals (except rice), leguminous crops and oil seeds"
UBUCURUZI BW'IBIRIBWA N'IBINYOBWA BARIRAHO AKOKANYA,5610,Restaurants & food service,Restaurants and mobile food service activities
UBUCURUZI BW'IBIRYO NKA RESTAURENT,5630,Bars & beverage serving,Beverage serving activities
gutanga service yikinyobwa kinzoga,5630,Bars & beverage serving,Beverage serving activities
"UBUCONCO BWIGANJEMO BISUITS , IMYENDA Y'IMBERE N'AMASOGISI",4782,Market stall: clothing,"Retail sale via stalls and markets of textiles, clothing and footwear"
UBUCURUZI BW' INZOGA ZIPFUNDIKIYE N' IZIBITOKI,5630,Bars & beverage serving,Beverage serving activities
GUCURUZA IBIRIBWA IBIJUMBA NA PAM,4721,Specialised food shop,Retail sale of food in specialized stores
"GUTANGA ICYOKUNYWA KIGANJEMO ICYAYI ,AMATA, IGIKOMA",5610,Restaurants & food service,Restaurants and mobile food service activities
Umubojozi,4721,Specialised food shop,Retail sale of food in specialized stores
ibyokurya nokunywa,5610,Restaurants & food service,Restaurants and mobile food service activities
UBUDANDAZI BWIGANJEMO IBIKOESHO BYISUKU,4773,Other specialised shop,Other retail sale of new goods in specialized stores
KUZUNGUZA,4799,Street & mobile vending,"Other retail sale not in stores, stalls or markets"
Kwakira abantu guteka akabanzi,5610,Restaurants & food service,Restaurants and mobile food service activities
"GUTUNGANYA IMYAKA:IBIGORI,AMASAKA,IMYUMBATI N'IBINDI",1061,Grain milling,Manufacture of grain mill products
UBUCURUZI BUDANDAZA MURI BUTIKE,4711,"General shop, mainly food","Retail sale in non-specialized stores with food, beverages or tobacco predominating"
UBUCURUZI BUDANDAZA BANJIYA KU ISOKO,4781,Market stall: food & drinks,"Retail sale via stalls and markets of food, beverages and tobacco products"
KUDANDAZA INKWETO MU MIHANDA,4771,Clothing & shoe shop,"Retail sale of clothing, footwear and leather articles in specialized stores"
"ubucuruzi budandaza muri Boutique harimo ibirayi,akawunga",4711,"General shop, mainly food","Retail sale in non-specialized stores with food, beverages or tobacco predominating"
ubucuruzi bw'ubudandazi bw'ibitunguru,4721,Specialised food shop,Retail sale of food in specialized stores
UBUCURU BUDANDAZA IKIGAGE MUKABARI,5630,Bars & beverage serving,Beverage serving activities
"Bagaburira abantu,imineke,amata,jus",5610,Restaurants & food service,Restaurants and mobile food service activities
ubucuruzi budandaza Inkwi,4773,Other specialised shop,Other retail sale of new goods in specialized stores
Ubucuruzi buranguza ibiribwa higanjemo amazi ya NIL na isabune zogufura,4630,Wholesale of food & drinks,"Wholesale of food, beverages and tobacco"
Ubucuruzi budandaza ibyokunkwa namavuta yokwisiga,4719,"General shop, other goods",Other retail sale in non-specialized stores
kogosha no gutunganya imisatsi yabantu,9602,Hairdressing & beauty,Hairdressing and other beauty treatment
UBUDANDAZA BWINGANJEMO IMITI YAMATUNGO (IMITI YINZOKA) NDETSE NOKUVURA AMATUNGO,4772,Pharmacy & cosmetics shop,"Retail sale of pharmaceutical and medical goods, cosmetic and toilet articles in specialized stores"
UBUHINZI BWOROZI,0111,Growing cereals & legumes,"Growing of cereals (except rice), leguminous crops and oil seeds"
"Kudandaza ibyenda y'abagore Yiganjyemo ( ibishora, amakanzu n'imipira)",4782,Market stall: clothing,"Retail sale via stalls and markets of textiles, clothing and footwear"
UBUHINZI BWIMBOGA ZO KUGURISHA,0113,Growing vegetables & tubers,"Growing of vegetables and melons, roots and tubers"
kudandaza higanjemo ibyo kurya,4711,"General shop, mainly food","Retail sale in non-specialized stores with food, beverages or tobacco predominating"
SRVICE ZA BAR - RESTO,5630,Bars & beverage serving,Beverage serving activities
gustya ibyumbati,1061,Grain milling,Manufacture of grain mill products
Ubucuruzi buranguza inzoga zisembuye,4630,Wholesale of food & drinks,"Wholesale of food, beverages and tobacco"
ubudandaza bwibyuma bya Motor bishya,4773,Other specialised shop,Other retail sale of new goods in specialized stores
Ubucuruzi bwo kudandaza inkweto z abagore,4711,"General shop, mainly food","Retail sale in non-specialized stores with food, beverages or tobacco predominating"
ubucuruzi bwibiribwa nibinyobwa higanjemo umuceli n'amavuta,4711,"General shop, mainly food","Retail sale in non-specialized stores with food, beverages or tobacco predominating"
"UBUCURUZI BWINZOGA, FANTA, PRIMUS, MITSZING",5630,Bars & beverage serving,Beverage serving activities
"Ubucuruzi,budandaza imboga zo guteka",4773,Other specialised shop,Other retail sale of new goods in specialized stores
"Ubucuruzi budandaza ibyiganjemo imiti y'amatungo, n'iyijyanye nubuhinzi",4772,Pharmacy & cosmetics shop,"Retail sale of pharmaceutical and medical goods, cosmetic and toilet articles in specialized stores"
KUDANDAZA IBINTU BITANDUKANYE CYANE  CYANE UMINYU NA BISCUIT NI ISABUNE,4721,Specialised food shop,Retail sale of food in specialized stores
ubicuruzi bwa boutic bwiganjemo ibiribwa,4711,"General shop, mainly food","Retail sale in non-specialized stores with food, beverages or tobacco predominating"
"Ubucuruzi bw,uruconco budandaza bwiganjemo ,ibiribwa",4711,"General shop, mainly food","Retail sale in non-specialized stores with food, beverages or tobacco predominating"
UBUREZI MURI MATERNEL,8510,Primary education,Pre-primary and primary education
Cantine idandaza ibinyobwa bidasembuye,5610,Restaurants & food service,Restaurants and mobile food service activities
ubucuruzi budandaza ibiribwa ahantu habugenewe higanjemo kawunga n'umuceri,5610,Restaurants & food service,Restaurants and mobile food service activities
ubucuruzi budandaza imyenda higanjemo inkweto,4771,Clothing & shoe shop,"Retail sale of clothing, footwear and leather articles in specialized stores"
ubundozi bundoda imipira yokwambara,1410,Tailoring & clothing making,"Manufacture of wearing apparel, except fur apparel"
"gucuruza imiteja,inyanyacalotte,ibitunguruamashu",4711,"General shop, mainly food","Retail sale in non-specialized stores with food, beverages or tobacco predominating"
UBUDANDAZI BWIGANJEMO IBIKORESHO BY'UBWUBATSI,4752,Hardware & paint shop,"Retail sale of hardware, paints and glass in specialized stores"
NI UBUREZI BWAMASHURI ABANZA,8510,Primary education,Pre-primary and primary education
Acuruza ibikoresho byubwubatsi muri Qwincaillerie,4711,"General shop, mainly food","Retail sale in non-specialized stores with food, beverages or tobacco predominating"
KUDANDAZA IGITOKI MU ISOKO,4781,Market stall: food & drinks,"Retail sale via stalls and markets of food, beverages and tobacco products"
"Kudandaza ibijyanye na boutique higanjemwo amavuta yokwisiga,inkweto,numuceri",4719,"General shop, other goods",Other retail sale in non-specialized stores
gusuka abagore,9602,Hairdressing & beauty,Hairdressing and other beauty treatment
Kudandaza ibiribwa byiganjemo ibishyimbo n'ibigori,4721,Specialised food shop,Retail sale of food in specialized stores
"kutandaza ibiribwa imineke,isabune,amavuta yo kwisiga,amavuta yo guteka",4719,"General shop, other goods",Other retail sale in non-specialized stores
gusya amasaka,1061,Grain milling,Manufacture of grain mill products
gusya ibinyampeke ni imyumbati,1061,Grain milling,Manufacture of grain mill products
boutique yiganjemo ibyo kurya,4771,Clothing & shoe shop,"Retail sale of clothing, footwear and leather articles in specialized stores"
"Adandaza ibyiganjemo ibiribwa(umuceri, ubuto,isabune, umunyu)",4719,"General shop, other goods",Other retail sale in non-specialized stores
Ubucuruzi bw'imbuto higanjemo imineke,4781,Market stall: food & drinks,"Retail sale via stalls and markets of food, beverages and tobacco products"
UBUCURUZI BW'AVOKA KU MUHANDA,4799,Street & mobile vending,"Other retail sale not in stores, stalls or markets"
ubucueuzi budandaza imbuto mwisoko,4781,Market stall: food & drinks,"Retail sale via stalls and markets of food, beverages and tobacco products"
"ubudandazi bw,'ibitunguru mu isoko",4781,Market stall: food & drinks,"Retail sale via stalls and markets of food, beverages and tobacco products"
gusya amasaka akavamo ifu,1061,Grain milling,Manufacture of grain mill products
gutanga ibiribwa hamwe nibyo kurya,5630,Bars & beverage serving,Beverage serving activities
Boutique icuruza ibitandukanye higanjemo ibikoresho by'isuku,4773,Other specialised shop,Other retail sale of new goods in specialized stores
Kudandaza ibyokurya higanjemo amandazi,4721,Specialised food shop,Retail sale of food in specialized stores
"ubucuruzi budandaza higanjemo: amavuta,umunyu, biscuit,jus,inyanya",4721,Specialised food shop,Retail sale of food in specialized stores
"ubucuruzi buziguye bwibanda kubiribwa kawunga,imiceri,ibishyimbo,na mavuta aribwa ni myunyu",4711,"General shop, mainly food","Retail sale in non-specialized stores with food, beverages or tobacco predominating"
UBUHONZI BW'IBIGORI,0111,Growing cereals & legumes,"Growing of cereals (except rice), leguminous crops and oil seeds"
"gucuruzizamo ibyo kurya: ibirayi,ibiyoke,inyanya",4721,Specialised food shop,Retail sale of food in specialized stores
"Ubucuruzi budandaza ibiribwa bitandukanye higanjemo imboga rwatsi ,kawunga,umuceri namasabune....",4711,"General shop, mainly food","Retail sale in non-specialized stores with food, beverages or tobacco predominating"
ubucuruzi bw'ibintu bitandukanye budandaza bwiganjemo ibiribwa,4711,"General shop, mainly food","Retail sale in non-specialized stores with food, beverages or tobacco predominating"
kudandaza ibyo kunkwa n'icyocyezo,5630,Bars & beverage serving,Beverage serving activities
boutique yiganjemo (ibiribwa),4711,"General shop, mainly food","Retail sale in non-specialized stores with food, beverages or tobacco predominating"
Gutanga service zinzoga urugere primus,5630,Bars & beverage serving,Beverage serving activities
umurimo wo kogosha na film,9602,Hairdressing & beauty,Hairdressing and other beauty treatment
Aracuruza cyane cyaneNisabune numunyu,4711,"General shop, mainly food","Retail sale in non-specialized stores with food, beverages or tobacco predominating"
Ubucuruzi budandaza ubushera n'amandazi,5630,Bars & beverage serving,Beverage serving activities
UBUCURUZI BW'IMYENDA MAGAZIN BUDANDAZA,4782,Market stall: clothing,"Retail sale via stalls and markets of textiles, clothing and footwear"
"Ubudandazi bw'imboga intoryi,karote n'imiteja",4781,Market stall: food & drinks,"Retail sale via stalls and markets of food, beverages and tobacco products"
ubucuruzi budandaza higenjemo ibiribwa,4711,"General shop, mainly food","Retail sale in non-specialized stores with food, beverages or tobacco predominating"
ubucuruzi budandaza inzoga zuruganda,5630,Bars & beverage serving,Beverage serving activities
umurimowingenzi nukudandaza amakara,4773,Other specialised shop,Other retail sale of new goods in specialized stores
ubucuruzi budandaza ibinyobwa aribyo ibinyobwa Bya Bralirwa,5630,Bars & beverage serving,Beverage serving activities
Kuguruza urwagwa muri bar,5630,Bars & beverage serving,Beverage serving activities
batanga service yo gusya ibinyampeke,1061,Grain milling,Manufacture of grain mill products
kuranguza ibicuruzwa higanjemo ibiribwa,4711,"General shop, mainly food","Retail sale in non-specialized stores with food, beverages or tobacco predominating"
ubudandazi bwibiribwa nibinyobwa bidasindisha,4721,Specialised food shop,Retail sale of food in specialized stores
UCURUZI,4721,Specialised food shop,Retail sale of food in specialized stores
UBUDANDAZI BWIGANJEMO INKWETO,4782,Market stall: clothing,"Retail sale via stalls and markets of textiles, clothing and footwear"
"gucuruza ibikoresho byamagare ,amarange ,imbabura...",4719,"General shop, other goods",Other retail sale in non-specialized stores
UBUCURUZI BWUBUCONSHO CYANE CYANE IMBOGA,4721,Specialised food shop,Retail sale of food in specialized stores
"Ubudandazi bw'amandazi,icyayi",5610,Restaurants & food service,Restaurants and mobile food service activities
BOUTIQUE ICURUZA AMAVUTA YO KWISIGA,4772,Pharmacy & cosmetics shop,"Retail sale of pharmaceutical and medical goods, cosmetic and toilet articles in specialized stores"
ubucuruzi bwibanda mugutanga ibyo kunywa,5610,Restaurants & food service,Restaurants and mobile food service activities
umudandazi wibiribwa higanjemo ibinyamafufu,4721,Specialised food shop,Retail sale of food in specialized stores
gucuruza adandaza butike yiganjemo ibiribwa,4721,Specialised food shop,Retail sale of food in specialized stores
IZINDI SERVICE,5610,Restaurants & food service,Restaurants and mobile food service activities
GUTANGA ICYAYI NAMANDAZI MURI CANTEEN,5610,Restaurants & food service,Restaurants and mobile food service activities
"gucuruza ibinyobwa, higanjemo urwagwa, ibinyobwa bya blarirwa.",5630,Bars & beverage serving,Beverage serving activities
Ubucuruzi bw'ibitabo bikoreshwa mumashuri,4719,"General shop, other goods",Other retail sale in non-specialized stores
ubucuruzi bwimiti nibikoresho byo kwa muganga,4772,Pharmacy & cosmetics shop,"Retail sale of pharmaceutical and medical goods, cosmetic and toilet articles in specialized stores"
"BAGABURA IBIRAYI MUBURYO BUCIRITSE BY,IGANJEMO   IBIRI MUMAVUTA",5610,Restaurants & food service,Restaurants and mobile food service activities
Kudandaza ifu yimyumbati,4781,Market stall: food & drinks,"Retail sale via stalls and markets of food, beverages and tobacco products"
ubucuruzi budandaza ibintu bitandukanye mu iduka higanjemo imyambaro y'ibitenge,4771,Clothing & shoe shop,"Retail sale of clothing, footwear and leather articles in specialized stores"
Gucuruza imyenda n'inkweto,4771,Clothing & shoe shop,"Retail sale of clothing, footwear and leather articles in specialized stores"
Yacuruzaga akabari kinzoga zipfundikiye,5630,Bars & beverage serving,Beverage serving activities
"Ubucuruzi budandaza ibiribwa byiganjemo ibirayi,umuceri,akawunga, ibishyimbo, n'ibindi",4721,Specialised food shop,Retail sale of food in specialized stores
detailing of envelop for packaging,4773,Other specialised shop,Other retail sale of new goods in specialized stores
KWAKIRA NO KUGABURIRA ABANTU MURI RESTORA,5610,Restaurants & food service,Restaurants and mobile food service activities
ubucuruzi bwo kugabura ibiribwa bitetse,5630,Bars & beverage serving,Beverage serving activities
SERVICE YO KUGABURIRA ABANTU INYAMA ZOKEJE,5610,Restaurants & food service,Restaurants and mobile food service activities
Gucuruza ibiribwa cyane Imineke,4721,Specialised food shop,Retail sale of food in specialized stores
ubucuruzi budadaza,4719,"General shop, other goods",Other retail sale in non-specialized stores
ubucuruzi budandaza ibintu byose muri boutique,4719,"General shop, other goods",Other retail sale in non-specialized stores
ubucuruzi budandaza cantine,5610,Restaurants & food service,Restaurants and mobile food service activities
Ubucuruzi bw'inyongera musaruro,4773,Other specialised shop,Other retail sale of new goods in specialized stores
"bacuruza ibikoresho byifashishwa buri munsi byo murugo( ibitunguru, inyanya, ibirayi, fanta nibindi)",4711,"General shop, mainly food","Retail sale in non-specialized stores with food, beverages or tobacco predominating"
Ubucuruzi buto bw'iganjemo ibiribwa bufite ahobukorera,4711,"General shop, mainly food","Retail sale in non-specialized stores with food, beverages or tobacco predominating"
"gucuruza ibirayi, ifu, isabune, amakara",4711,"General shop, mainly food","Retail sale in non-specialized stores with food, beverages or tobacco predominating"
Ni ukogosha,9602,Hairdressing & beauty,Hairdressing and other beauty treatment
ubucutuzi Bwinzoga,5630,Bars & beverage serving,Beverage serving activities
ubudanda bwa boutike buvangavanze,4719,"General shop, other goods",Other retail sale in non-specialized stores
GUTANGA URWAGWA,5630,Bars & beverage serving,Beverage serving activities
Umucuruzi udandaza w' imboga,4711,"General shop, mainly food","Retail sale in non-specialized stores with food, beverages or tobacco predominating"
Nugucuruza Boutique irimo imyenda  amzi yinyange imigati amabaga nibindi bivangavanze,4719,"General shop, other goods",Other retail sale in non-specialized stores
"kudandaza ibiribwa birimo amashu,ibirayi inyanya kawunga ,umuceri",4711,"General shop, mainly food","Retail sale in non-specialized stores with food, beverages or tobacco predominating"
UBUCURUZI BUDETAYA IMYENDA MU DUKA,4771,Clothing & shoe shop,"Retail sale of clothing, footwear and leather articles in specialized stores"
UHUHINZI BWOROZI BUGAMIJE GUTUNGA URUGO,9810,Household own-use production,Undifferentiated goods-producing activities of private households for own use
ubucuruzi bwiganjemo inzoga y'ibitoki,5630,Bars & beverage serving,Beverage serving activities
ubudandazi bw'ibiribwa higanjemo imboga,4721,Specialised food shop,Retail sale of food in specialized stores
Ubucuruzibwimbuyo higanjemo inyanya intoryi nimiteja,4711,"General shop, mainly food","Retail sale in non-specialized stores with food, beverages or tobacco predominating"
"gucuruza ibiribwa ,ibikoresho by'isuku",4711,"General shop, mainly food","Retail sale in non-specialized stores with food, beverages or tobacco predominating"
ubucuruzi bwimboga nifu yimyumbati,4721,Specialised food shop,Retail sale of food in specialized stores
"Ubucuruzi budandaza muri boutique bwiganjemo imboga,ibirayi,igitoki,umuceri",4711,"General shop, mainly food","Retail sale in non-specialized stores with food, beverages or tobacco predominating"
"ubucuruzi bw'ibikoresho nkenerwa mu buzima bwa buri munsi(isabune,amavuta,umunyu,bouji,......)n'ibiribwa bitandukanye (inyanya,avoka,...)",4719,"General shop, other goods",Other retail sale in non-specialized stores
kudandaza ibikoresho byubwubatsi muri quencailleri,4711,"General shop, mainly food","Retail sale in non-specialized stores with food, beverages or tobacco predominating"
umurimo wo gupima icyo kunywa ikigajye nu rwangwa,5630,Bars & beverage serving,Beverage serving activities
UBUDANDAZI  BWIBIRYO ( CANTINE),5610,Restaurants & food service,Restaurants and mobile food service activities
ubucuruzi bw'inyama zocyeje,5610,Restaurants & food service,Restaurants and mobile food service activities
ubucuruzi bw ibyo kunywa (ubushera) mu kabari,5630,Bars & beverage serving,Beverage serving activities
IMIRIMO Y'UBUHINZI,0113,Growing vegetables & tubers,"Growing of vegetables and melons, roots and tubers"
"Gucuruza ubuconco bwigangemo ibirayi,ibishyimbo",4711,"General shop, mainly food","Retail sale in non-specialized stores with food, beverages or tobacco predominating"
UBUCURUZI BUDANDAZA IMYENDA Y'ABANA,4782,Market stall: clothing,"Retail sale via stalls and markets of textiles, clothing and footwear"
ubudozi (ateriye),1410,Tailoring & clothing making,"Manufacture of wearing apparel, except fur apparel"
GUTONORA IMYUMBATI,0113,Growing vegetables & tubers,"Growing of vegetables and melons, roots and tubers"
"butike idandaza inyanya, isabune indagara",4721,Specialised food shop,Retail sale of food in specialized stores
kudandaza inkweto za bodaboda,4782,Market stall: clothing,"Retail sale via stalls and markets of textiles, clothing and footwear"
Adandaza inzoga higanjemo ikigage,5630,Bars & beverage serving,Beverage serving activities
UBUCURUZI BUDANDAZA IBINYOBWA BISEMBUYE,5630,Bars & beverage serving,Beverage serving activities
Ubucuruzi buranguza ibinyobwa byinganjemo Meraneza,5630,Bars & beverage serving,Beverage serving activities
Ubucuruzi bw'uruconsho,4719,"General shop, other goods",Other retail sale in non-specialized stores
kudandaza ibyiganjemo imyenda,4711,"General shop, mainly food","Retail sale in non-specialized stores with food, beverages or tobacco predominating"
"UBUCURUZI BUDANDAZA, INKWETO, IBITENGE; INKWETO NIYO BABAZA CYANE",4771,Clothing & shoe shop,"Retail sale of clothing, footwear and leather articles in specialized stores"
Ubucuruzi bw'ibiryo higanjemo inyama( kubaga ihene),5610,Restaurants & food service,Restaurants and mobile food service activities
ubucuruzi bw' ibiribwa uruconco,4721,Specialised food shop,Retail sale of food in specialized stores
cogori,4719,"General shop, other goods",Other retail sale in non-specialized stores
Ubucuruzi budandazabwiganjemo inkweto,4771,Clothing & shoe shop,"Retail sale of clothing, footwear and leather articles in specialized stores"
ubucuruzi bwibiribwa higanjemo ibinyobwa,5630,Bars & beverage serving,Beverage serving activities
Kwita ku misatsi y'abagore n'inzara,9602,Hairdressing & beauty,Hairdressing and other beauty treatment
ubucuruzi bw'ibitoki mw'isoko,4781,Market stall: food & drinks,"Retail sale via stalls and markets of food, beverages and tobacco products"
depots ya ciment,4752,Hardware & paint shop,"Retail sale of hardware, paints and glass in specialized stores"
UMUHINZI BW'IBISHYIMBO,0111,Growing cereals & legumes,"Growing of cereals (except rice), leguminous crops and oil seeds"
Kudandaza ubushera,5630,Bars & beverage serving,Beverage serving activities
"iduka kudandaza ibiribwa higanjemo ibitoki,kawunga",4711,"General shop, mainly food","Retail sale in non-specialized stores with food, beverages or tobacco predominating"
boutique  yo kudandaza yiganjemo imyaka nkibishimbo,4721,Specialised food shop,Retail sale of food in specialized stores
"ubucuruzi budandaza bw'ibiribwa umuceri,isukari,amasaka",4721,Specialised food shop,Retail sale of food in specialized stores
KUDANDAZA IBYO KURYA NO KUNYWA,4721,Specialised food shop,Retail sale of food in specialized stores
UBUHINZI BWIBIVAHGAVANZE,0111,Growing cereals & legumes,"Growing of cereals (except rice), leguminous crops and oil seeds"
gupima ubushera nogucuruza imbada cyangwa imigati yingano,5630,Bars & beverage serving,Beverage serving activities
ubucuruzi bwibikoresho bya essance,4719,"General shop, other goods",Other retail sale in non-specialized stores
ubucuruzi bwa valens higanjemo imyenda yabagabo,4782,Market stall: clothing,"Retail sale via stalls and markets of textiles, clothing and footwear"
UBUDANDAZA BWIMBOGA MWISOKO RYANYANZA,4781,Market stall: food & drinks,"Retail sale via stalls and markets of food, beverages and tobacco products"
UNUCURUZI BUDANDAZA BWIGANJEMO IBYOKURYA,4711,"General shop, mainly food","Retail sale in non-specialized stores with food, beverages or tobacco predominating"
ubudandazi bwibiribwa higanjemo ubunyobwa umunyu umuceri isukari nibindi hari nibikoresho byisuku nkamasabune amavuta yokwisiga nibindi,4721,Specialised food shop,Retail sale of food in specialized stores
Kudandaza bapima Umusururu n' inzoga za brarirwa,5630,Bars & beverage serving,Beverage serving activities
"acuruza icyayi,amata,amandazi n'ibyo kurya",5610,Restaurants & food service,Restaurants and mobile food service activities
bwiganjemo amakara nama juis,4719,"General shop, other goods",Other retail sale in non-specialized stores
"ubucuruzi budandaza ibikoresho byo murugo  umunyu ,isabune, biscuits,amakaye",4711,"General shop, mainly food","Retail sale in non-specialized stores with food, beverages or tobacco predominating"
"Ubucuruzi bw,ubuconco arimo amabase,ibiringiti,ibitenge,amakanzu y,abana,amakariso,bodaboda,isukari,umuceri,kahunga,jus,avoka,amajyane,isabune,ingufuri nutundi duconco",4719,"General shop, other goods",Other retail sale in non-specialized stores
Gutanga service Zi rembo.,4721,Specialised food shop,Retail sale of food in specialized stores
"kudandaza kaunga,amakara,n'ibindi byo kurya",4719,"General shop, other goods",Other retail sale in non-specialized stores
kudandaza imboga amashu,4781,Market stall: food & drinks,"Retail sale via stalls and markets of food, beverages and tobacco products"
cantine ibyokunywa bidasindishs,5610,Restaurants & food service,Restaurants and mobile food service activities
bacuruza ibinyobwa,5630,Bars & beverage serving,Beverage serving activities
SERVICES ZA RESTAURANT,5610,Restaurants & food service,Restaurants and mobile food service activities
ubucuruzi budandaza Ibyo kunywa nibyo kurya,4711,"General shop, mainly food","Retail sale in non-specialized stores with food, beverages or tobacco predominating"
kaudandaza inzoga za bralirwa na skol,5630,Bars & beverage serving,Beverage serving activities
UBUHINZI BWA SHUFULELI,0113,Growing vegetables & tubers,"Growing of vegetables and melons, roots and tubers"
ubucuruzi buranguza bukanadandaza bwiganjemo imyenda ya ba mama  n'mashakoshi ya bakobwa,4771,Clothing & shoe shop,"Retail sale of clothing, footwear and leather articles in specialized stores"
UBUDANDAZI BWIGANJEMO  IBIRIBWA (UBUGARI),4711,"General shop, mainly food","Retail sale in non-specialized stores with food, beverages or tobacco predominating"
"Ubudandazi bw,uruconco",4719,"General shop, other goods",Other retail sale in non-specialized stores
Bacuruza ubuconco bwibiribwa amavuta amasabune ibikoresho byubyubukanishi,4711,"General shop, mainly food","Retail sale in non-specialized stores with food, beverages or tobacco predominating"
batunganya imisatsi yabakobwa bakanogosha abagabo,9602,Hairdressing & beauty,Hairdressing and other beauty treatment
gushya imyaka higanjemo ibinyampeke,1061,Grain milling,Manufacture of grain mill products
UBUHINZI BW'IBIHIGWA BITANDUKANYE,0111,Growing cereals & legumes,"Growing of cereals (except rice), leguminous crops and oil seeds"
"KUDANDAZA IBINTU BITANDUKANYE MU ISOKO HIGANJEMO IMYENDA YABANA ,INKWETO...",4782,Market stall: clothing,"Retail sale via stalls and markets of textiles, clothing and footwear"
"ubucuruzi bwamandazi ,imigati ,icyayi",5610,Restaurants & food service,Restaurants and mobile food service activities
GUSYA IMYAKA YABATURAGE BIZANIYE(IBIGORI AMASAKA NIMYUMBAYI),1061,Grain milling,Manufacture of grain mill products
"kudandaza ibintu bitandukanye aribyo;ibijumba, ubugari,inyanya,ibitunguru, imineke, ntabindi.",4711,"General shop, mainly food","Retail sale in non-specialized stores with food, beverages or tobacco predominating"
BAHAGARARIYE COMPANY YA ROTO MURI  KAMONYI .NI COMPANY ICURUZA AMA TANKS NAMA TUBES,4752,Hardware & paint shop,"Retail sale of hardware, paints and glass in specialized stores"
UBUCURUZI BWIGANJEMO IBIRIBWA N'IBINYOBW,4711,"General shop, mainly food","Retail sale in non-specialized stores with food, beverages or tobacco predominating"
ubucuruzi budandaza inzoga zitandukanye,5630,Bars & beverage serving,Beverage serving activities
UBUHINZ BW'IBISHYIMBO,0111,Growing cereals & legumes,"Growing of cereals (except rice), leguminous crops and oil seeds"
adandaza ibishyimbo,4781,Market stall: food & drinks,"Retail sale via stalls and markets of food, beverages and tobacco products"
Bacuruza Gaz,4773,Other specialised shop,Other retail sale of new goods in specialized stores
"umudandazi wifu (KAWUNGA, UBUGARI)",4721,Specialised food shop,Retail sale of food in specialized stores
"UBUHINZI BW,IBIHINGWA BITANDUKANYE",0111,Growing cereals & legumes,"Growing of cereals (except rice), leguminous crops and oil seeds"
UBUCURIZI BW'INZOGA BUKORERWA AHANTU HABUGENEWE,5630,Bars & beverage serving,Beverage serving activities
ubucuruzi bushingiye kuburibwa,4711,"General shop, mainly food","Retail sale in non-specialized stores with food, beverages or tobacco predominating"
Ubucuruzi butandukanye budandaza,4711,"General shop, mainly food","Retail sale in non-specialized stores with food, beverages or tobacco predominating"
Ubucuruzi bw'ibiribwa higanjemo ibishyimbo,4721,Specialised food shop,Retail sale of food in specialized stores
GUHINGA IMBOGA,0113,Growing vegetables & tubers,"Growing of vegetables and melons, roots and tubers"
Ubucuruzi bundandaza ibinyobwa munzu yabugenewe,5630,Bars & beverage serving,Beverage serving activities
ubudandazi bwibiribwa bitandukanye bidatetse,4711,"General shop, mainly food","Retail sale in non-specialized stores with food, beverages or tobacco predominating"
GUCURUZA IBISHEKE KU UMUHANDA,4799,Street & mobile vending,"Other retail sale not in stores, stalls or markets"
"ubudozi bwimyenda mishya n'ishaje ,na saloon yogosha abagore n'abagabo",1410,Tailoring & clothing making,"Manufacture of wearing apparel, except fur apparel"
"Ubucuruzi bwa bw'inkweto,amasabune,amavuta higanjemo imyenda",4771,Clothing & shoe shop,"Retail sale of clothing, footwear and leather articles in specialized stores"
cantine yakira abantu akabagaburira,5610,Restaurants & food service,Restaurants and mobile food service activities
"ubudandazi bwibiribwa higanjemo ,amakaroni,umunyu",4711,"General shop, mainly food","Retail sale in non-specialized stores with food, beverages or tobacco predominating"
"Ubudandazi bw'ibiribwa imigati,amanda ibinyobwa bidasembuye ni bijyanye na mavuta",4711,"General shop, mainly food","Retail sale in non-specialized stores with food, beverages or tobacco predominating"
UBUCURUZI IBIRIBWA BYIGANJEMO AKAWUNGA UBUGALI UBUNYOBWA N'INJANGA MURI BOUTIQUE,4711,"General shop, mainly food","Retail sale in non-specialized stores with food, beverages or tobacco predominating"
"ubdandazi bwubuconco bwiganjemo umuceri,isukare",4711,"General shop, mainly food","Retail sale in non-specialized stores with food, beverages or tobacco predominating"
UMUHINZI BWOROZI BWIBITUNGA URUGO,9810,Household own-use production,Undifferentiated goods-producing activities of private households for own use
UBUCURUZI BW'INYAMA Z'INGURUBE,4721,Specialised food shop,Retail sale of food in specialized stores
ubudandazi bwa boutique higanjemo jus na mandazi,4711,"General shop, mainly food","Retail sale in non-specialized stores with food, beverages or tobacco predominating"
ubudandazi bwamafi yigikoma,4711,"General shop, mainly food","Retail sale in non-specialized stores with food, beverages or tobacco predominating"
IMBOGA ZOSE,4781,Market stall: food & drinks,"Retail sale via stalls and markets of food, beverages and tobacco products"
KUDANDAZA IBITOKI MWISOKO,4781,Market stall: food & drinks,"Retail sale via stalls and markets of food, beverages and tobacco products"
"UBUREZI BWINSHUKE', NABANZA",8510,Primary education,Pre-primary and primary education
ubucuruzi budandaza ubuconsho(cosmetics amapasi imisatsi,4772,Pharmacy & cosmetics shop,"Retail sale of pharmaceutical and medical goods, cosmetic and toilet articles in specialized stores"
Umurimo wo kugabura Inyama z'Ingurube,5610,Restaurants & food service,Restaurants and mobile food service activities
Kudandaza umunyu w'urugera,4721,Specialised food shop,Retail sale of food in specialized stores
"Gucuruza inzoga zipfundikiye ( Primus, Mutzig, Skol) na Fanta",5630,Bars & beverage serving,Beverage serving activities
ubucuruzi bwibiribwa bivanze na butike,4711,"General shop, mainly food","Retail sale in non-specialized stores with food, beverages or tobacco predominating"
ubucuruzi bw'ibirirwa kudandaza,4721,Specialised food shop,Retail sale of food in specialized stores
"Kudandaza higanjemo ibitoki byo guteka ,imineke, inanasi,intoryi",4721,Specialised food shop,Retail sale of food in specialized stores
UBUHINZI BW'IBIJUMBA N'IBIGORI,0113,Growing vegetables & tubers,"Growing of vegetables and melons, roots and tubers"
UBUCURUZI BW'IMBOGA ZIGANJEMO CAROTTES,4781,Market stall: food & drinks,"Retail sale via stalls and markets of food, beverages and tobacco products"
UBUCONSHO BWIGANJEMO IFU YIGIKOMA,4781,Market stall: food & drinks,"Retail sale via stalls and markets of food, beverages and tobacco products"
"Gutanga amata ,icyayi n' amandazi",5610,Restaurants & food service,Restaurants and mobile food service activities
Ubudaji Bwibintu bitandukanye higanjemo Ibiribwa,4711,"General shop, mainly food","Retail sale in non-specialized stores with food, beverages or tobacco predominating"
ubucuruzi bwubucoco budandaza bwiganjo umuceri,4719,"General shop, other goods",Other retail sale in non-specialized stores
Ubudandazi bwibikorsho byubwubatsi,4752,Hardware & paint shop,"Retail sale of hardware, paints and glass in specialized stores"
ubucuruzi bw' ibyo kunywa bisembuye  (inzoga y'ibitoki),5630,Bars & beverage serving,Beverage serving activities
Kudandaza boutique higanjemo ISABUNE,4711,"General shop, mainly food","Retail sale in non-specialized stores with food, beverages or tobacco predominating"
ubucuruzi budandaza ibintu bivanze higanjemo ibiribwa,4711,"General shop, mainly food","Retail sale in non-specialized stores with food, beverages or tobacco predominating"
service yo kogosha umusatsi,9602,Hairdressing & beauty,Hairdressing and other beauty treatment
UBUCURUZI BWIGANJEMO IBYO KUNYWA,5630,Bars & beverage serving,Beverage serving activities
ubucuruzi bugabura bw'ikigange,5630,Bars & beverage serving,Beverage serving activities
"kuranguza ibicuruzwa:ibyo kurya ,amaji, amabiswi,amavuta yokurya no kwisiga",4630,Wholesale of food & drinks,"Wholesale of food, beverages and tobacco"
ubucuruzi bw'amakara mu iduka,4773,Other specialised shop,Other retail sale of new goods in specialized stores
ubucuruzi budandaza bwiganjemo imyaka,4711,"General shop, mainly food","Retail sale in non-specialized stores with food, beverages or tobacco predominating"
gutanga service zo kugabura,4711,"General shop, mainly food","Retail sale in non-specialized stores with food, beverages or tobacco predominating"
Ubucuruzi budandaza uducoco dutandukanye harimo ifu amasabune .....,4719,"General shop, other goods",Other retail sale in non-specialized stores
UBUCURUZI BUDANDAZA IBIKOMOKA KURI PETROLE,4773,Other specialised shop,Other retail sale of new goods in specialized stores
UMUDANDAZI W'IBISHEKE MU MUHANDA,4799,Street & mobile vending,"Other retail sale not in stores, stalls or markets"
"gucuruza uruconsho higanjemo ibyokurya  ( umuceri, kawunga, isukari, umuceri  )",4711,"General shop, mainly food","Retail sale in non-specialized stores with food, beverages or tobacco predominating"
"ubucuruzi bw'ibiribwa bwiganjemo ibirayi ,ibishyimbo,,,",4711,"General shop, mainly food","Retail sale in non-specialized stores with food, beverages or tobacco predominating"
UMUZUNGUZAYI BW IMBOGA MU MUHANDA,4799,Street & mobile vending,"Other retail sale not in stores, stalls or markets"
"ubucuruzi bw'ubuconco hari imineke,umuceri,inyanya",4711,"General shop, mainly food","Retail sale in non-specialized stores with food, beverages or tobacco predominating"
ubucuruzi bwiganjemo amavuta nifu,4711,"General shop, mainly food","Retail sale in non-specialized stores with food, beverages or tobacco predominating"
guhabantu abantu ibyo kunywa byiganjemo amata,5610,Restaurants & food service,Restaurants and mobile food service activities
"cantine irimo icyayi namandazi,imigati",5610,Restaurants & food service,Restaurants and mobile food service activities
UBUDANSDAZI BWIGANJEMO IBIRIBWA,4711,"General shop, mainly food","Retail sale in non-specialized stores with food, beverages or tobacco predominating"
UBUH BWIBIGORI,0111,Growing cereals & legumes,"Growing of cereals (except rice), leguminous crops and oil seeds"
NYAKABYIZI MUBUHINZI BWA KAROTI,0113,Growing vegetables & tubers,"Growing of vegetables and melons, roots and tubers"
ubudandazi bwibiribwa higanjemo umuceri umunyu isukari nibindi,4721,Specialised food shop,Retail sale of food in specialized stores
ubucuruzi bwi  mbuto higanjemo ibinyomoro,4781,Market stall: food & drinks,"Retail sale via stalls and markets of food, beverages and tobacco products"
ubucuruzi bw'ibinyobwa bya BRALIRWA,5630,Bars & beverage serving,Beverage serving activities
ubycuruzi butoya bw'umusururu uhiye,5630,Bars & beverage serving,Beverage serving activities
"ubucuruzi bwiganjemo umunyu,amandazi,imigati nibindi",5630,Bars & beverage serving,Beverage serving activities
Ubucuruzi budandaza imyenda ya caguwa,4782,Market stall: clothing,"Retail sale via stalls and markets of textiles, clothing and footwear"
"Kudandaza higanjemo ibiribwa(kawunga,umuceri,isukari,umunyu)",4721,Specialised food shop,Retail sale of food in specialized stores
ubundandazi bwibiribwa bidahiye,4721,Specialised food shop,Retail sale of food in specialized stores
ubucuruzi budandaza ibiribwa higanjemo urubuto rwitwa water melon,4711,"General shop, mainly food","Retail sale in non-specialized stores with food, beverages or tobacco predominating"
TAILORING,1410,Tailoring & clothing making,"Manufacture of wearing apparel, except fur apparel"
ugusya amasaka ibigori nibindi,1061,Grain milling,Manufacture of grain mill products
"uburuzi bwinketo zabagabo nabana,ziganjemo izabagabo , (magaze )",4782,Market stall: clothing,"Retail sale via stalls and markets of textiles, clothing and footwear"
Gucuruza ikigage (kudandaza),5630,Bars & beverage serving,Beverage serving activities
bakora imigati baranguza,4630,Wholesale of food & drinks,"Wholesale of food, beverages and tobacco"
Iduka ricuruza ibikoresho by'ubudozi higanjemo amatisi,4782,Market stall: clothing,"Retail sale via stalls and markets of textiles, clothing and footwear"
Ubucuruzi budandaza ubuconco higanjemo ibinyamisogwe,4711,"General shop, mainly food","Retail sale in non-specialized stores with food, beverages or tobacco predominating"
ubucuruzi bwa boutic idandaza yiganjemo ibiribwa,4711,"General shop, mainly food","Retail sale in non-specialized stores with food, beverages or tobacco predominating"
"Inzoga, numunyu,amandazi,amavuta nibindi",4721,Specialised food shop,Retail sale of food in specialized stores
COIFFURE MANUCURE ET PEDICURE,9602,Hairdressing & beauty,Hairdressing and other beauty treatment
ubucuruzi bwibiribwa ( ibirayi nibitoki),4711,"General shop, mainly food","Retail sale in non-specialized stores with food, beverages or tobacco predominating"
kudandaza ibiribwa bitandukanye,4721,Specialised food shop,Retail sale of food in specialized stores
UBUDANDAZI BW'AVOCATS KU MUHANDA,4799,Street & mobile vending,"Other retail sale not in stores, stalls or markets"
UBUHINZI IBIJUMBA,0113,Growing vegetables & tubers,"Growing of vegetables and melons, roots and tubers"
Ubucuruzi budandaza ibiribwa bitandukanye higanjemo umuceri,4721,Specialised food shop,Retail sale of food in specialized stores
kidandaza ibiribwa byiganjemo abinya misangwe,4721,Specialised food shop,Retail sale of food in specialized stores
acuruza ibyo kurya nokunwa bitandukanye muri boutiqwe,4773,Other specialised shop,Other retail sale of new goods in specialized stores
boutique yibyo kurya nibikoresho byisuku,4711,"General shop, mainly food","Retail sale in non-specialized stores with food, beverages or tobacco predominating"
kudandaza ibinyobwa by'ibigage,5630,Bars & beverage serving,Beverage serving activities
ubucuruzi bwiganjemo amandazi nimigambi,5610,Restaurants & food service,Restaurants and mobile food service activities
"ubucuruzi budandaza bwibiribwa nibinyobwa higanjemo isabune,umuceri na fanta na juwis",4711,"General shop, mainly food","Retail sale in non-specialized stores with food, beverages or tobacco predominating"
"butike idandaza(imineke,avoka)",4721,Specialised food shop,Retail sale of food in specialized stores
Ubudandazi bw' ubuconco bwibikoresho bakoresha mukudoda higanjemo indodo n' imashini batera kumyenda,4773,Other specialised shop,Other retail sale of new goods in specialized stores
Ubucuruzi  bwagaconsho,4719,"General shop, other goods",Other retail sale in non-specialized stores
UBUCURUZI BUDANDAZA HIGANJEMO IBIRIBWA BUKORERWA AHABUJYENEWE,4711,"General shop, mainly food","Retail sale in non-specialized stores with food, beverages or tobacco predominating"
Gucuruza ibintu bitandukanye muri Boutique,4719,"General shop, other goods",Other retail sale in non-specialized stores
Gusya ibinyampeke bitandukanye,1061,Grain milling,Manufacture of grain mill products
GUTANGA INZOGA N'IBYOKEJE,5630,Bars & beverage serving,Beverage serving activities
ubudandaza bwimboga nimbuto ahatarabugenewe,4721,Specialised food shop,Retail sale of food in specialized stores
Akabari kumusururu,5630,Bars & beverage serving,Beverage serving activities
Gutunganya imisatsi y'abagabo n'abagore,9602,Hairdressing & beauty,Hairdressing and other beauty treatment
Ubucuruzi budandaza inkweto za bodaboda,4771,Clothing & shoe shop,"Retail sale of clothing, footwear and leather articles in specialized stores"
"GUTANGA IBYOKUNYWA NOKURYA BWIGANJEMO JUICE ,NIBIKOZE MUMAFARI",5610,Restaurants & food service,Restaurants and mobile food service activities
UBUCURUZI BW'IBIRIBWA NIBINYOBWA BOUTIQU,4711,"General shop, mainly food","Retail sale in non-specialized stores with food, beverages or tobacco predominating"
UBUCURUZI BUDANDAZA BWIGANJEMO IBIRIBWA N'IMBUTO,4711,"General shop, mainly food","Retail sale in non-specialized stores with food, beverages or tobacco predominating"
gucuruza inkweto imyenda ya bana,4782,Market stall: clothing,"Retail sale via stalls and markets of textiles, clothing and footwear"
ubudandazi bw'ifu yubugari,4721,Specialised food shop,Retail sale of food in specialized stores
ubucuruzi bw'umusururu,5630,Bars & beverage serving,Beverage serving activities
gucuruza butiki,4719,"General shop, other goods",Other retail sale in non-specialized stores
Nukuranguza inzoga skol,4630,Wholesale of food & drinks,"Wholesale of food, beverages and tobacco"
ubudozi bwimyenda butera ibiraka mumyenda,1410,Tailoring & clothing making,"Manufacture of wearing apparel, except fur apparel"
Gutanga uburezi muri primaire,8510,Primary education,Pre-primary and primary education
SERVICES ZO GUTUNGANYA UMUSATSI,9602,Hairdressing & beauty,Hairdressing and other beauty treatment
"shop icuruza imyenda yabagore ,udushati,udusengeri",4771,Clothing & shoe shop,"Retail sale of clothing, footwear and leather articles in specialized stores"
ubucuruzi budandaza higanjemo ibinyobwa,5630,Bars & beverage serving,Beverage serving activities
ubucuruzi budandaza ibintu bitandukanye by'iganjemo ibyokurya,4711,"General shop, mainly food","Retail sale in non-specialized stores with food, beverages or tobacco predominating"
cantine yiganjemo icyayi n'amandazi,5610,Restaurants & food service,Restaurants and mobile food service activities
mini depon yinzoga na fanta,4630,Wholesale of food & drinks,"Wholesale of food, beverages and tobacco"
UBUCURUZI BUDANDA IBINTUBITANDUKANYE HIGANGEMO(Ifu yibigori niyamasaka; navutayokwisiga),4773,Other specialised shop,Other retail sale of new goods in specialized stores
boutique y'ubucuruzi bw'iganjemo ibiribwa,4711,"General shop, mainly food","Retail sale in non-specialized stores with food, beverages or tobacco predominating"
ubucuruzi budandaza :isabune kawunga umuceri ubuto indagar ji  Nil inkwi,4711,"General shop, mainly food","Retail sale in non-specialized stores with food, beverages or tobacco predominating"
KOKEREZA ABANTU INYAMA MU NGO,5610,Restaurants & food service,Restaurants and mobile food service activities
kogosha abagabo gusa,9602,Hairdressing & beauty,Hairdressing and other beauty treatment
Quincaire,4752,Hardware & paint shop,"Retail sale of hardware, paints and glass in specialized stores"
Ubucuruzi budandaza amavuta yo kurya,4721,Specialised food shop,Retail sale of food in specialized stores
Gupima kugurisha umusururu ( ubushera),5630,Bars & beverage serving,Beverage serving activities
ubucuruzi budandaza ahabugenewe bw'ibinyobwa bidasembuye,5630,Bars & beverage serving,Beverage serving activities
"ubucuruzi bw'akawunga,umuceri n'ibishyimbo",4721,Specialised food shop,Retail sale of food in specialized stores
"kuranguza ibinyobwa bya brarirwa,skol",4630,Wholesale of food & drinks,"Wholesale of food, beverages and tobacco"
cantine icuruza amata,5610,Restaurants & food service,Restaurants and mobile food service activities
UBUCURUZI BW'INZOGA( URWANGWA),5630,Bars & beverage serving,Beverage serving activities
GUHA ABANTU ICYOKUNYWA,5630,Bars & beverage serving,Beverage serving activities
BADANDAZA AMASOGISI MU NZIRA,4799,Street & mobile vending,"Other retail sale not in stores, stalls or markets"
"ubucuruzi bwibintu bitandukanye harimo,imyenda,inkweto,amavuta,ibikapu,amakaye nibindi,bikoresho,nkibikombe,amasagmfuriya byose abona byinjiza kimwe",4771,Clothing & shoe shop,"Retail sale of clothing, footwear and leather articles in specialized stores"
"UBUCURUZI BWIMINEKE,IBINYOMORO",4781,Market stall: food & drinks,"Retail sale via stalls and markets of food, beverages and tobacco products"
UBUDANDAZI BW'AMASAMBUSA MU MUHANDA,5610,Restaurants & food service,Restaurants and mobile food service activities
ubucuruzi bwamata nibiribwa harimo amasambusa namandazi nama juice,5610,Restaurants & food service,Restaurants and mobile food service activities
ubucuruzi bwiribwa,4721,Specialised food shop,Retail sale of food in specialized stores
GUTUNGANYA INZARA NO GUTUNGANYA IMISATSI,9602,Hairdressing & beauty,Hairdressing and other beauty treatment
UBUCURUZI BUDANDAZA GAZ ZO GUCANA,4773,Other specialised shop,Other retail sale of new goods in specialized stores
BACURUZA IBYO KURYA NIBYO KUNYWA,5610,Restaurants & food service,Restaurants and mobile food service activities
ubucuruzi bw'inzoga zipfundikiye (brarirwa),5630,Bars & beverage serving,Beverage serving activities
acuruza ibintu bitandukanye harimo n'ibiribwa bibisi nk'ibitoki n'umuceri,4711,"General shop, mainly food","Retail sale in non-specialized stores with food, beverages or tobacco predominating"
"Ubudandazi ibyo kunywa bisembuye n,ibidasembuye hamwe n,amafu, biscuits n,amasabune",4711,"General shop, mainly food","Retail sale in non-specialized stores with food, beverages or tobacco predominating"
"ubucuruzi bundandaza bwiganjemo amakara,akawunga,amavutaisukali",4711,"General shop, mainly food","Retail sale in non-specialized stores with food, beverages or tobacco predominating"
"guserva ibinyobwa(ikigage,urwagwo) higanjemo inzoga za bralirwa",5630,Bars & beverage serving,Beverage serving activities
UBUCURUZI BUDANDAZA IBIRIBWA BWIGANJEMO AMAFU,4711,"General shop, mainly food","Retail sale in non-specialized stores with food, beverages or tobacco predominating"
"ubudandazi bwibiribwa,higanjemo,imineke imboga,ibishyimbo bitetse",4711,"General shop, mainly food","Retail sale in non-specialized stores with food, beverages or tobacco predominating"
uduconco,4719,"General shop, other goods",Other retail sale in non-specialized stores
Ubucuruzi bw'ubuconsho bwiganjemo ibiribwa,4711,"General shop, mainly food","Retail sale in non-specialized stores with food, beverages or tobacco predominating"
UBUHINZI BW'IBITINGURU,0113,Growing vegetables & tubers,"Growing of vegetables and melons, roots and tubers"
"ubucuruzi bwiganjemo ibyokurya(Kawunga,umuceri,isukari,,,,)",4711,"General shop, mainly food","Retail sale in non-specialized stores with food, beverages or tobacco predominating"
Bandandaza ibiribwa cyane cyane ibitoki n'ibirayi,4721,Specialised food shop,Retail sale of food in specialized stores
UBUCURUZI BWIBIRIBWA BITETSE MUMUHANDA,4799,Street & mobile vending,"Other retail sale not in stores, stalls or markets"
Ubucuruzi bw'ibinyobwa bisembuye (ubushera),5630,Bars & beverage serving,Beverage serving activities
"UBUDANDAZI BWIGANJEMO IBIRIBWA, AMANDAZI, ICYAYI, IGIKOMA, JUS",5610,Restaurants & food service,Restaurants and mobile food service activities
UBWOROZI BWURUGO,9810,Household own-use production,Undifferentiated goods-producing activities of private households for own use
"Ubudozi bw'imyenda ya matisi (abakobwa,abahungu)",1410,Tailoring & clothing making,"Manufacture of wearing apparel, except fur apparel"
"gucuruza;akawunga, umuceli,isabune,ibirayi,ifu y'imyumbati,ibibiriti,amavuta yo kurya,am?vuta yo kwisiga",4719,"General shop, other goods",Other retail sale in non-specialized stores
bacuruza ibiribwa nibinyobwa (akabari),5630,Bars & beverage serving,Beverage serving activities
ubucuruzi bwo kudandaza amavuta yo kwisiga,4772,Pharmacy & cosmetics shop,"Retail sale of pharmaceutical and medical goods, cosmetic and toilet articles in specialized stores"
"ubucuruzi bw,ubuconsho",4719,"General shop, other goods",Other retail sale in non-specialized stores
Ubucuruzi budetaya ibinyabijumba n'ibinyamisongwe,4721,Specialised food shop,Retail sale of food in specialized stores
"umurimo wingenzi nukudandaza ibyokurya byiganjemo ibiayi,umuceri,kawunga,isuk,ubunyobwa,ibitunguru,amavuta,amagi,umunyu,ifu yigikoma namata",4721,Specialised food shop,Retail sale of food in specialized stores
ubucuruzi bw'icyayi n'umugati na mandazi na capati,5610,Restaurants & food service,Restaurants and mobile food service activities
Ubucuruzi Bwinyama Zokeje,5610,Restaurants & food service,Restaurants and mobile food service activities
gusya ibinyampeke akabikuramo ifu,1061,Grain milling,Manufacture of grain mill products
ubucuruzi bwinyongera musaruro,4773,Other specialised shop,Other retail sale of new goods in specialized stores
Ubucuruzi bugabura ibinyobwa byiganjemo umusururu,5630,Bars & beverage serving,Beverage serving activities
"ubucuruzi bwi ibinyobwa bisindisha nibidasindisha,Bierre na Jus",5630,Bars & beverage serving,Beverage serving activities
GUTUNGANYA UMUSATSI W'ABAGABO,9602,Hairdressing & beauty,Hairdressing and other beauty treatment
Kudandaza muri boutique higanjemo amavuta yo kurya n'amafu,4711,"General shop, mainly food","Retail sale in non-specialized stores with food, beverages or tobacco predominating"
umundandazi winzoga nu musururu,5630,Bars & beverage serving,Beverage serving activities
kudadaza ibyokunywa bisembuye nibidasembuye,5630,Bars & beverage serving,Beverage serving activities
GUCURUZA BOUTIQUE HIGANJEMO IBYOKUNYWA,5630,Bars & beverage serving,Beverage serving activities
Kugaburira abantu( Guseriva ibyo kurya,5610,Restaurants & food service,Restaurants and mobile food service activities
"ubucuruzi bwiganjemo amazi ya jibu,ibyo kunywa bidasembuye,amandazi ni imigati",4711,"General shop, mainly food","Retail sale in non-specialized stores with food, beverages or tobacco predominating"
umurimo akora aradoda atera nibiraka kumyenda,1410,Tailoring & clothing making,"Manufacture of wearing apparel, except fur apparel"
Acuruza adandaza ibintu bitandukanye higanjemo amasabune,4772,Pharmacy & cosmetics shop,"Retail sale of pharmaceutical and medical goods, cosmetic and toilet articles in specialized stores"
UBUCURUZI BWA CANTINE,5610,Restaurants & food service,Restaurants and mobile food service activities
"GUTANGA IBYO KUNYWA ICYAYI,AMATA,...... MURI CANTINE",5610,Restaurants & food service,Restaurants and mobile food service activities
akabari gacuruza ibyo kunywa bisembuye,5630,Bars & beverage serving,Beverage serving activities
gucuruza no kudandaza ubucocyo,4719,"General shop, other goods",Other retail sale in non-specialized stores
UBUCURUZI BW'IKIGAJYE,5630,Bars & beverage serving,Beverage serving activities
kugurisha inyongeramusaruro ku bahinzi,4773,Other specialised shop,Other retail sale of new goods in specialized stores
ubucuruzi bw'akabari bwiganjemo inzoga,5630,Bars & beverage serving,Beverage serving activities
"KUDANDAZA BITANDUKANYE HIGANJEMO IBIRIBWA(IFU Y'UBUGALI,AKAWUNGA)",4721,Specialised food shop,Retail sale of food in specialized stores
Umurimo w'ingenzi ni ubucuruzi budandaza bw'ubuconco bwiganjemo ibiribwa.,4711,"General shop, mainly food","Retail sale in non-specialized stores with food, beverages or tobacco predominating"
Ubucuruzi bw'inzoga zibitoki,5630,Bars & beverage serving,Beverage serving activities
ubucuruzi bundaza haganjemo  amazi na gas,4719,"General shop, other goods",Other retail sale in non-specialized stores
UBUDANDAZA BWIGANJEMO IBIRIBWA BYO MURI BOUTIQUE,4721,Specialised food shop,Retail sale of food in specialized stores
kundandaza ibiribwa mwisoko,4781,Market stall: food & drinks,"Retail sale via stalls and markets of food, beverages and tobacco products"
"GUSYA AMASAKA, IBIGORI , INGANO",1061,Grain milling,Manufacture of grain mill products
Ubucuruzi bwimiti y'abantu,4772,Pharmacy & cosmetics shop,"Retail sale of pharmaceutical and medical goods, cosmetic and toilet articles in specialized stores"
UBUHUNZI BWIBIHINGWA BITANDUKANYE,0111,Growing cereals & legumes,"Growing of cereals (except rice), leguminous crops and oil seeds"
kudanda ibyo kunywa ni byo kurya,5610,Restaurants & food service,Restaurants and mobile food service activities
Boutique igurisha imineke inkwi amakayi,4719,"General shop, other goods",Other retail sale in non-specialized stores
ubucuruzi budandaza bwi imyenda yabagabo,4771,Clothing & shoe shop,"Retail sale of clothing, footwear and leather articles in specialized stores"
Gucuruza ibintu bitandukanye higanjemo ibyo kunywa no kurya bihiye,4721,Specialised food shop,Retail sale of food in specialized stores
KUDANDAZA IBIRIBWA HIGANJEMO IBIRAYI,4711,"General shop, mainly food","Retail sale in non-specialized stores with food, beverages or tobacco predominating"
GUTUNGANYA IFU Y'IMYUMBATI(GUSYA),1061,Grain milling,Manufacture of grain mill products
Boutique idandaza ubuconsho higanjemo:amafu,4711,"General shop, mainly food","Retail sale in non-specialized stores with food, beverages or tobacco predominating"
Kuha abantu ibyo kurya bitandukanye,5610,Restaurants & food service,Restaurants and mobile food service activities
"Ubucuruzi bw'ibikomoka kumatungo/ inyama, amafi",4721,Specialised food shop,Retail sale of food in specialized stores
Umudozi ukora Imyenda mu bitenge,1410,Tailoring & clothing making,"Manufacture of wearing apparel, except fur apparel"
Ubucuruzi budandaza :ibikoki imiceri kawunga inkweto isabune,4711,"General shop, mainly food","Retail sale in non-specialized stores with food, beverages or tobacco predominating"
akabari kibigage,5630,Bars & beverage serving,Beverage serving activities
GUCURUZA IBIRIBWA MU ISOKO,4781,Market stall: food & drinks,"Retail sale via stalls and markets of food, beverages and tobacco products"
Stand idandaza uducogo higanje ifu yo kurya,4711,"General shop, mainly food","Retail sale in non-specialized stores with food, beverages or tobacco predominating"
Boucherier idandaza inyama,4721,Specialised food shop,Retail sale of food in specialized stores
ubucuruzi bwuruconco,4719,"General shop, other goods",Other retail sale in non-specialized stores
kwogosha abantu imisatsi,9602,Hairdressing & beauty,Hairdressing and other beauty treatment
UBUDANDAZI BW'IBIRIBWA KU MUHANDA,4711,"General shop, mainly food","Retail sale in non-specialized stores with food, beverages or tobacco predominating"
"ubucuruzi budandaza ibyokurya (umuceri ,kawunga)ibirayi",4773,Other specialised shop,Other retail sale of new goods in specialized stores
Gutunganya imisatsi y abakobwa n abadamu no kogosha muri salon,9602,Hairdressing & beauty,Hairdressing and other beauty treatment
UBUREZI BWAMASHULI ABANZA,8510,Primary education,Pre-primary and primary education
"UBUCOSHO , BODABODA, IIMYENDA  SENGERI, BOGISA",4719,"General shop, other goods",Other retail sale in non-specialized stores
alimentaton yicyayi na mandazi,5610,Restaurants & food service,Restaurants and mobile food service activities
nubudozi bwimyenda ya bagore nabana na bakobwa,1410,Tailoring & clothing making,"Manufacture of wearing apparel, except fur apparel"
"gucuruza ,umuceri,kawunga amavuta,",4721,Specialised food shop,Retail sale of food in specialized stores
"ubucoco burimo umunyu,amavuta yokurya,biswi",4719,"General shop, other goods",Other retail sale in non-specialized stores
"ubucuruzi budandaza ubunyobwa,amandazi,ibitunguru,ifu",4721,Specialised food shop,Retail sale of food in specialized stores
UBUCURUZI BWI NKWETO,4771,Clothing & shoe shop,"Retail sale of clothing, footwear and leather articles in specialized stores"
"Quantine idandaza ibiribwa(amandazi, imigati, amasambusa)",5610,Restaurants & food service,Restaurants and mobile food service activities
bacuruza bandandaza ibishyimbo bitetse n'icyayi mu isoko,4781,Market stall: food & drinks,"Retail sale via stalls and markets of food, beverages and tobacco products"
GUTANGA SERIVISI ZO KUGABURA HIGANJEMO (CAPATI NA GAPASU),5610,Restaurants & food service,Restaurants and mobile food service activities
KWIGISHA NO KURERA,8510,Primary education,Pre-primary and primary education
Ubucuruzi budandaza bw'ibiribwa higanjemo imiceri n'amavuta,4721,Specialised food shop,Retail sale of food in specialized stores
Ubucuruzi budandaza muri boutique higanjemo Salisa,4721,Specialised food shop,Retail sale of food in specialized stores
Ubucuruzi bwa Botique bwiganjemo ibyo kurya,4719,"General shop, other goods",Other retail sale in non-specialized stores
UBUDANDAZI BW IBIRIBWA BIBISI,4781,Market stall: food & drinks,"Retail sale via stalls and markets of food, beverages and tobacco products"
Acuruza amandazi nicyayi,5610,Restaurants & food service,Restaurants and mobile food service activities
Uburezi bwa bana binshuke,8510,Primary education,Pre-primary and primary education
Ubudozi bwimyenda ishaje ni mishya hamwe nogucuruza ibitenge umurimo wingenzi ni  kudoda,1410,Tailoring & clothing making,"Manufacture of wearing apparel, except fur apparel"
Alimentation yigajemo ama jus nibinyobwa bisindisha,5610,Restaurants & food service,Restaurants and mobile food service activities
Kudandaza ibicuruzwa bitandukanye mu iduka byiganjemo ibinyobwa bidasembuye nkamazi,4711,"General shop, mainly food","Retail sale in non-specialized stores with food, beverages or tobacco predominating"
adandaza imyenda ninkweto,4782,Market stall: clothing,"Retail sale via stalls and markets of textiles, clothing and footwear"
UBUCURUZI BW'INZOGA MU KABARI,5630,Bars & beverage serving,Beverage serving activities
"kugurisha(ibirayi,isabune,amazi,amandazi,umuceri)",4721,Specialised food shop,Retail sale of food in specialized stores
"Ubucuruzi budandaza bw,ibyo kurya by,amatungo",4719,"General shop, other goods",Other retail sale in non-specialized stores
UBUCURUZI BW'IMYENDA YA MANGAZIN,4771,Clothing & shoe shop,"Retail sale of clothing, footwear and leather articles in specialized stores"
Kudandaza ibintu bitandukanye mi iduka,4719,"General shop, other goods",Other retail sale in non-specialized stores
"Ubucurizi  budandaza umuceri, akawunga, amasabune",4719,"General shop, other goods",Other retail sale in non-specialized stores
UBUCURUZI BUDANDAZA IBINTU BITANDUKANYE MU IDUKA,4719,"General shop, other goods",Other retail sale in non-specialized stores
Imirimo y'ubucuruzi bwa boutique higanjemo ibiribwa,4711,"General shop, mainly food","Retail sale in non-specialized stores with food, beverages or tobacco predominating"
gutunganya umuceri,1061,Grain milling,Manufacture of grain mill products
ubucuruzi bw'ibiribwa byiganjemo ibirungo,4721,Specialised food shop,Retail sale of food in specialized stores
Ubucuruzi budanza bwigajemo ibiribwa igitoki ibirayi kahunga ni imboga,4711,"General shop, mainly food","Retail sale in non-specialized stores with food, beverages or tobacco predominating"
"ubucuruzi bwibiribwa ni bitaribwa ,umuceri ,karunga,amavuta yo kurya,imkweto, amavuta yo kwisiga,nibindi",4711,"General shop, mainly food","Retail sale in non-specialized stores with food, beverages or tobacco predominating"
UBUCURUZI  BWA CAGUA,4782,Market stall: clothing,"Retail sale via stalls and markets of textiles, clothing and footwear"
UBHDANDAZI  WIGANJEMO IMYENDA,4771,Clothing & shoe shop,"Retail sale of clothing, footwear and leather articles in specialized stores"
gupima urwagwa,5630,Bars & beverage serving,Beverage serving activities
"ubucuruzi bwubuconco bwiganjemo kawunga,umuceri,colgate,umunyu",4711,"General shop, mainly food","Retail sale in non-specialized stores with food, beverages or tobacco predominating"
Akabari kadandanza ikigage,5630,Bars & beverage serving,Beverage serving activities
boutique ubuconco muri rusange,4719,"General shop, other goods",Other retail sale in non-specialized stores
ubudandazi bwinkweto nimyenda,4782,Market stall: clothing,"Retail sale via stalls and markets of textiles, clothing and footwear"
STAND IDANDAZA AMA TELEPHONE ASHAJE,4711,"General shop, mainly food","Retail sale in non-specialized stores with food, beverages or tobacco predominating"
gucuruza urwarwa,5630,Bars & beverage serving,Beverage serving activities
Umurimo w'ingenzi ni ugucuruza ibirayi n'ibitoki,4721,Specialised food shop,Retail sale of food in specialized stores
"ubucuruzi bwiganjemo ibiribwa(akawunga,amavuta yo kurya,) n'imyenda",4711,"General shop, mainly food","Retail sale in non-specialized stores with food, beverages or tobacco predominating"
UBUCURUZI  BWIGANJEMO  IBIRIBWA  DUSANGA  MWIDUKA,4711,"General shop, mainly food","Retail sale in non-specialized stores with food, beverages or tobacco predominating"
ubucuruzi budandaza ibiribwa na mavuta yokwisiga,4711,"General shop, mainly food","Retail sale in non-specialized stores with food, beverages or tobacco predominating"
gucuruza imineke amandazi imigati icyayi,5610,Restaurants & food service,Restaurants and mobile food service activities
Guteranya nogutera ibiraka kumyenda,1410,Tailoring & clothing making,"Manufacture of wearing apparel, except fur apparel"
GUCURUZA IKWETO (ISOKO),4782,Market stall: clothing,"Retail sale via stalls and markets of textiles, clothing and footwear"
"UBUCURUZI BW'lBIRIBWA, ISUKALI, AKAWUNGA, UMUNYU ,INJANGA,",4721,Specialised food shop,Retail sale of food in specialized stores
UBUCUKUZI BWIBIRIBWA MU ISOKO,4781,Market stall: food & drinks,"Retail sale via stalls and markets of food, beverages and tobacco products"
ubucuruzi budandaza ibinyobwa higanjemo umusururu,5630,Bars & beverage serving,Beverage serving activities
kudandaza ibyo kunywa muri bar,5630,Bars & beverage serving,Beverage serving activities
ubucuruzi bwikoresho byubwubatsi,4752,Hardware & paint shop,"Retail sale of hardware, paints and glass in specialized stores"
Stand y' ubucuruzi bw' inkweto bukorera mu isoko bwiganjemo inkweto za ba gore,4782,Market stall: clothing,"Retail sale via stalls and markets of textiles, clothing and footwear"
Kudanaza higanjemo ibiribwa,4711,"General shop, mainly food","Retail sale in non-specialized stores with food, beverages or tobacco predominating"
nugutanga uburezi kubana binshuke mumashuri ya gadiene gusa,8510,Primary education,Pre-primary and primary education
"adandaza ibijyanye ni bikoresho byo murugo nk, isabune, isukari, umunyu, inyanya nibindi",4711,"General shop, mainly food","Retail sale in non-specialized stores with food, beverages or tobacco predominating"
kudandaza isambaza,4781,Market stall: food & drinks,"Retail sale via stalls and markets of food, beverages and tobacco products"
ubucuruzi budandaza bwiganjemo ibiribwa( kawunga nu'umunyu),4711,"General shop, mainly food","Retail sale in non-specialized stores with food, beverages or tobacco predominating"
"ubudandazi bwiganjemo amazabune ,ibishyimbo,umunyu,umuceri,",4711,"General shop, mainly food","Retail sale in non-specialized stores with food, beverages or tobacco predominating"
gusirifira imyenda ya dozwe,1410,Tailoring & clothing making,"Manufacture of wearing apparel, except fur apparel"
GUTUNGA IMISATSI,9602,Hairdressing & beauty,Hairdressing and other beauty treatment
"gusya (ibigori ,amasaka n'ubugari)",1061,Grain milling,Manufacture of grain mill products
Umurimo wingenzi nubudozi,1410,Tailoring & clothing making,"Manufacture of wearing apparel, except fur apparel"
Acuruza ibintu bitandukanye higanjemo kawunga,4711,"General shop, mainly food","Retail sale in non-specialized stores with food, beverages or tobacco predominating"
UBUHINZI BWOROZI BWOGUTUNGA RUGO,9810,Household own-use production,Undifferentiated goods-producing activities of private households for own use
ubucuruzi budandaza bwa cantine,5610,Restaurants & food service,Restaurants and mobile food service activities
ubudandazi bwimbuto mu isoko,4781,Market stall: food & drinks,"Retail sale via stalls and markets of food, beverages and tobacco products"
ubucuruzi bwa kabare y'urwagwa buciriritse,5630,Bars & beverage serving,Beverage serving activities
KUDANDAZA IMYENDA MU IDUKA,4782,Market stall: clothing,"Retail sale via stalls and markets of textiles, clothing and footwear"
ubucuruz bwibikoresho byubwubatsi,4752,Hardware & paint shop,"Retail sale of hardware, paints and glass in specialized stores"
batanga ibyokurya,5610,Restaurants & food service,Restaurants and mobile food service activities
UBUCURUZI BUDANDAZA IBIRIBWA HIGANJEMO INDAGARA N'UBUNYOBWA;AMAVUTA YO KWISIGA,4721,Specialised food shop,Retail sale of food in specialized stores
"ubuconco nki ibirayi,ifu y'ubugari,..",4711,"General shop, mainly food","Retail sale in non-specialized stores with food, beverages or tobacco predominating"
"ubudandazi bukorerwa muri boutique bwiganjyemo ibiribwa (ibishyimbo, ibigori , amasaka)",4711,"General shop, mainly food","Retail sale in non-specialized stores with food, beverages or tobacco predominating"
ADANDAZA IFU ZIBINYAMPEKE ZITANDUKANYE HINGANJEMO  KAWUNGA,4711,"General shop, mainly food","Retail sale in non-specialized stores with food, beverages or tobacco predominating"
KUDANDAZA IMITI Y'ABANTU,4772,Pharmacy & cosmetics shop,"Retail sale of pharmaceutical and medical goods, cosmetic and toilet articles in specialized stores"
Adandaza ibiribwa gusa,4721,Specialised food shop,Retail sale of food in specialized stores
"Ubucuruzi bwiganjemo umuceli,umugali,amavuta",4711,"General shop, mainly food","Retail sale in non-specialized stores with food, beverages or tobacco predominating"
gutanga icyo gishindisha gikozwe mubitoke( urwagwa),5630,Bars & beverage serving,Beverage serving activities
kurangura no kudandaza higanjemo amavuta yokwisiga,4772,Pharmacy & cosmetics shop,"Retail sale of pharmaceutical and medical goods, cosmetic and toilet articles in specialized stores"
"ubucuruzi budandaza ibiribwa byiganjemo ibirayi, inyanya, ubunyobwa, n'ibindi",4721,Specialised food shop,Retail sale of food in specialized stores
barasana bakadoda imyenda,1410,Tailoring & clothing making,"Manufacture of wearing apparel, except fur apparel"
kudandaza ibiribwa biganjemo ibinyafufu,4721,Specialised food shop,Retail sale of food in specialized stores
ubucuruzi bw'amavuta yo kwisiga na bodaboda,4773,Other specialised shop,Other retail sale of new goods in specialized stores
umucuruzi w'ibiryo byamatungo,4773,Other specialised shop,Other retail sale of new goods in specialized stores
gutunganya imisatsi y'abantu(kogosha),9602,Hairdressing & beauty,Hairdressing and other beauty treatment
kudandaza icyayi na mandazi,5610,Restaurants & food service,Restaurants and mobile food service activities
kudadaza uduconco twigajemo Ibiribwa,4711,"General shop, mainly food","Retail sale in non-specialized stores with food, beverages or tobacco predominating"
UBUCURUZI WIBIRIBWA MULI BUTIKE,4721,Specialised food shop,Retail sale of food in specialized stores
ubucuruzi buranguza ibinyobwa byiganjemo ibisembuye bipfundikiye,4630,Wholesale of food & drinks,"Wholesale of food, beverages and tobacco"
UBUHINZI N'UBWOROZI BIGAMIJE GUTUNGA URU,9810,Household own-use production,Undifferentiated goods-producing activities of private households for own use
IBITAMBARO BYO KUDODA IMYENDA,4771,Clothing & shoe shop,"Retail sale of clothing, footwear and leather articles in specialized stores"
UBUDANDAZI BWIGANJEMO IBIRIBWA(BOUTIQUE),4711,"General shop, mainly food","Retail sale in non-specialized stores with food, beverages or tobacco predominating"
"ubucuruzi bw'amasabune , ubunyobwa na Biscuits ndetse n'umunyu",4719,"General shop, other goods",Other retail sale in non-specialized stores
Gupimubushera,5630,Bars & beverage serving,Beverage serving activities
Gucura inzoga kuri detail,5630,Bars & beverage serving,Beverage serving activities
KOGOSHA NO GUSUKA(MANICULE ET PEDICULE),9602,Hairdressing & beauty,Hairdressing and other beauty treatment
uburezi bw'ibanze bwamashuri y'inshuke n'amashuri abanza,8510,Primary education,Pre-primary and primary education
UBUHINZI NUBWOROZI BUGAMIJE ISOKO,0111,Growing cereals & legumes,"Growing of cereals (except rice), leguminous crops and oil seeds"
guha abantu ubushera bwo kunywa,5630,Bars & beverage serving,Beverage serving activities
kudandaza ibiribwa higanjemo ibishimbo,4721,Specialised food shop,Retail sale of food in specialized stores
"bucuruzi bwibiribwa (ifu,umucri,inyanya)",4721,Specialised food shop,Retail sale of food in specialized stores
aka boutique gatoya gacuruza ubuconco kiganjemo ibyo kurya,4711,"General shop, mainly food","Retail sale in non-specialized stores with food, beverages or tobacco predominating"
"Kugaburira abantu ibyokurya nokunywa byiganjyemo( keke,amandazi, Amata ni cyayi)",5610,Restaurants & food service,Restaurants and mobile food service activities
kudandaza imyenda ya caguwa,4782,Market stall: clothing,"Retail sale via stalls and markets of textiles, clothing and footwear"
gutanga Amafunguro atandukanye( Restorent),5610,Restaurants & food service,Restaurants and mobile food service activities
"ubucuruzi budandaza isabune ,ifu y'imyumbati , kaunga ,isukari nu mwunyu",4711,"General shop, mainly food","Retail sale in non-specialized stores with food, beverages or tobacco predominating"
UBUCURUZI BW'IBISHYIMBO MU MADUKA,4711,"General shop, mainly food","Retail sale in non-specialized stores with food, beverages or tobacco predominating"
UBUCURUZI BW'IBIRIBWA N'IBINYOBWA(BUTIKE),4721,Specialised food shop,Retail sale of food in specialized stores
GUCURUZA IMYENDA YABANA,4782,Market stall: clothing,"Retail sale via stalls and markets of textiles, clothing and footwear"
kwakira abantu akabari,5630,Bars & beverage serving,Beverage serving activities
boutique idandaza yiganjemo ibiribwa,4711,"General shop, mainly food","Retail sale in non-specialized stores with food, beverages or tobacco predominating"
"UBUCURUZI BUTANDUKANYE BWIGANJEMO IBIRAYI,AMAKARA,INYANYA,IMBOGA,UBUNYOBWA,INJANGA",4711,"General shop, mainly food","Retail sale in non-specialized stores with food, beverages or tobacco predominating"
Ubudandaza bwiganjemo ibyokunywa,5630,Bars & beverage serving,Beverage serving activities
gushya ibinyampeke,1061,Grain milling,Manufacture of grain mill products
Ubucuruzi budandaza bw'ibiryo by'amatungo,4773,Other specialised shop,Other retail sale of new goods in specialized stores
"ubudandazi bwibiribwa higanjemo isabune, ubunyobwa, amavuta....",4719,"General shop, other goods",Other retail sale in non-specialized stores
ubucuruzi budandaza higanjemo amafuta yo kwisiga,4772,Pharmacy & cosmetics shop,"Retail sale of pharmaceutical and medical goods, cosmetic and toilet articles in specialized stores"
UBUDANDAZI BWUBUCONCO BWIGANJEMK IBIRIBWA((BOUTIQUE),4711,"General shop, mainly food","Retail sale in non-specialized stores with food, beverages or tobacco predominating"
kwogosha bantu umusatsi,9602,Hairdressing & beauty,Hairdressing and other beauty treatment
ubucuruzi bwa buconco,4719,"General shop, other goods",Other retail sale in non-specialized stores
Uburuzi budandaza ibintu bitandukanye higanjemo ibiribwa mu iduka,4711,"General shop, mainly food","Retail sale in non-specialized stores with food, beverages or tobacco predominating"
"ubucuruzi budandaza bwiganjemo ibyo kurya: umuceli,amavuta,umunyu,akawunga, amakaroni, ibirayi",4721,Specialised food shop,Retail sale of food in specialized stores
Ubucuruzi budandaza bukanaranhuza ibintu bitandukanye byiganjemonibiribwa,4781,Market stall: food & drinks,"Retail sale via stalls and markets of food, beverages and tobacco products"
acuruza ibiribwa,4711,"General shop, mainly food","Retail sale in non-specialized stores with food, beverages or tobacco predominating"
"gucuruza amavuta yo kwisiga, amavuta yo guteka,  akawunga, umunyu, isabune, cologate, ibibiriti, biscuits, bombo",4711,"General shop, mainly food","Retail sale in non-specialized stores with food, beverages or tobacco predominating"
Depo iranguza imyaka ibishyimbo,4630,Wholesale of food & drinks,"Wholesale of food, beverages and tobacco"
"ubucuruzi bw,inkweto za plastic kudandaza",4711,"General shop, mainly food","Retail sale in non-specialized stores with food, beverages or tobacco predominating"
"Ubudandazi bwinzoga mukabare higanjemo Rickel,primus ,fanta",5630,Bars & beverage serving,Beverage serving activities
"ubucuruzi bwubuconco bworoheje, ibirayi nka kg40, igitoki  bombo,biswi nutundi",4719,"General shop, other goods",Other retail sale in non-specialized stores
Kugurisha ibinyobwa,5630,Bars & beverage serving,Beverage serving activities
Kudandaza umunyu,4719,"General shop, other goods",Other retail sale in non-specialized stores
"Akabari k'inzoga y'ibitoki , Bralirwa na skol",5630,Bars & beverage serving,Beverage serving activities
"cenquailli igurisha ibikoresho byubwubatsi,tube metallique, amarangi,tole,tiles,etc",4752,Hardware & paint shop,"Retail sale of hardware, paints and glass in specialized stores"
Gutana ibinyobwa bipfundikiye muri Bar,5630,Bars & beverage serving,Beverage serving activities
kudandaza ibirayi ninyanya,4711,"General shop, mainly food","Retail sale in non-specialized stores with food, beverages or tobacco predominating"
kudandaza ibintu binyuranye,4719,"General shop, other goods",Other retail sale in non-specialized stores
"Busya ibinyampe bikanwamo ifu y'igikoma,ikigage, akawunga",1061,Grain milling,Manufacture of grain mill products
Ubucuruzi bw'amata kuri dairy,4721,Specialised food shop,Retail sale of food in specialized stores
ubucuruzi bwa masaka no kranguraza,4630,Wholesale of food & drinks,"Wholesale of food, beverages and tobacco"
UBUDANDANDAZI BW'IBIRAYI MIRI BOUTIQUE,4721,Specialised food shop,Retail sale of food in specialized stores
UBUHINZI BWIBISHYIMBO IBIGOLI,0111,Growing cereals & legumes,"Growing of cereals (except rice), leguminous crops and oil seeds"
KUDANDAZA MU IDUKA HIGANJEMO IBIRIBWA,4711,"General shop, mainly food","Retail sale in non-specialized stores with food, beverages or tobacco predominating"
gutanga ubumenyi nuburere kubanyeshuli,8510,Primary education,Pre-primary and primary education
"Ubucuruzi budandaza amavuta yo kwisiga , ayokurya, isabune umwunyu , biscuits , colgates , amajerekani , kaunga , ifu y'imyumbati , isukari , umuceri na makaye",4711,"General shop, mainly food","Retail sale in non-specialized stores with food, beverages or tobacco predominating"
"ubucuruzi bwibiribwa: igitoke, ibirayi, umuceli, imineke,etc",4721,Specialised food shop,Retail sale of food in specialized stores
salo yogosha imisatsi,9602,Hairdressing & beauty,Hairdressing and other beauty treatment
kudandaza higanjemo ibyo kunkwa(cantine),5610,Restaurants & food service,Restaurants and mobile food service activities
UBUCURUZI BWINZOGA NIBIRIBWA MURI KABARI,5630,Bars & beverage serving,Beverage serving activities
"butike yibiribwa( ibirayi,imboga, ifu)",4711,"General shop, mainly food","Retail sale in non-specialized stores with food, beverages or tobacco predominating"
GUKORA AMANDAZI YO KUGURISHA,5610,Restaurants & food service,Restaurants and mobile food service activities
"Kundandaza ibiribwa birimo umuceli,amavuta yo guteka na Biscuits muri boutique",4711,"General shop, mainly food","Retail sale in non-specialized stores with food, beverages or tobacco predominating"
"acuruza;icyayi,amandazi, biscuits,jus,...",5610,Restaurants & food service,Restaurants and mobile food service activities
Ni soloon yagosha itunganya numusatsi wabagore umurimo wijyenzi nukogosha,9602,Hairdressing & beauty,Hairdressing and other beauty treatment
UBUDANDAZI BUKORERWA MURI BOUTIQUE,4752,Hardware & paint shop,"Retail sale of hardware, paints and glass in specialized stores"
Gucuruza uruconco higanjemo ibyo kurya bidahiye,4711,"General shop, mainly food","Retail sale in non-specialized stores with food, beverages or tobacco predominating"
kudoda no Gusana imyambaro,1410,Tailoring & clothing making,"Manufacture of wearing apparel, except fur apparel"
UBUHINZI BW'IBISHYIMBO N'IBIGOLI,0111,Growing cereals & legumes,"Growing of cereals (except rice), leguminous crops and oil seeds"
"ubucuruzi bw' Ibintu bitandukanye higanjemo ibiribwa , ibitunguru ,  tungurusumu , tangawize , ibirayi , igitoki .",5610,Restaurants & food service,Restaurants and mobile food service activities
"Twacuruzaga inzoga y'urwagwa,nizindi. tubikorera munzu",5630,Bars & beverage serving,Beverage serving activities
Ubucuruzi budandaza imyenda y'abadamu higanjemo imipira ya maboko magufi,4771,Clothing & shoe shop,"Retail sale of clothing, footwear and leather articles in specialized stores"
ubudandazi bwibinyobwa bipfundikiye,4711,"General shop, mainly food","Retail sale in non-specialized stores with food, beverages or tobacco predominating"
kubaga no kugurisha inyama,4721,Specialised food shop,Retail sale of food in specialized stores
gucuriza akabari,5630,Bars & beverage serving,Beverage serving activities
uburezi bw.amashuri abanza,8510,Primary education,Pre-primary and primary education
UBUHINZI BWIBIRIBWA BIVANGAVANZE,0111,Growing cereals & legumes,"Growing of cereals (except rice), leguminous crops and oil seeds"
ubudandazi bwibicuruzwa bitandukanye higanjemo amavuta yo kurya,4711,"General shop, mainly food","Retail sale in non-specialized stores with food, beverages or tobacco predominating"
ubucuruzi bwinzoga za kizungu,5630,Bars & beverage serving,Beverage serving activities
KWIGISHA (UBUREZI),8510,Primary education,Pre-primary and primary education
Yacuruza adandaza ifu y'igikoma,4711,"General shop, mainly food","Retail sale in non-specialized stores with food, beverages or tobacco predominating"
"GUSYA IMYAKA , IBIGORI,   NA MASAKA",1061,Grain milling,Manufacture of grain mill products
"ubudandazi bwa handcrafts ( ibikoresho bitandukanye by'ubugeni): arts ,handcraft and fashion design",4711,"General shop, mainly food","Retail sale in non-specialized stores with food, beverages or tobacco predominating"
ubucuruzi bw'imiti y'amatungo n'inyongeramusaruro,4773,Other specialised shop,Other retail sale of new goods in specialized stores
UBUCURUZI BUDANDAZA AMARANGI,4711,"General shop, mainly food","Retail sale in non-specialized stores with food, beverages or tobacco predominating"
Ubudozi butandukanye,1410,Tailoring & clothing making,"Manufacture of wearing apparel, except fur apparel"
Akabari gacururizwamo ikigage,5630,Bars & beverage serving,Beverage serving activities
ubucuruzi bw'imyenda,4771,Clothing & shoe shop,"Retail sale of clothing, footwear and leather articles in specialized stores"
SHOP,4711,"General shop, mainly food","Retail sale in non-specialized stores with food, beverages or tobacco predominating"
UBUCURUZI BWIGANJEMO IBYO KURYA BIBERA MURI KIOSKE,4721,Specialised food shop,Retail sale of food in specialized stores
kudandaza amakara yogucana,4773,Other specialised shop,Other retail sale of new goods in specialized stores
"Kogosha,imisatsi y abagabo n abakobwa,igitsina gore",9602,Hairdressing & beauty,Hairdressing and other beauty treatment
ubucuruzi bwinyama zinka,4721,Specialised food shop,Retail sale of food in specialized stores
Kudandaza higanjemo imyenda(ibitenge&imyambaro isanzwe) n'inkweto,4771,Clothing & shoe shop,"Retail sale of clothing, footwear and leather articles in specialized stores"
ubucuruzi budandaza bwiganjemo amavuta yo kwisiga,4772,Pharmacy & cosmetics shop,"Retail sale of pharmaceutical and medical goods, cosmetic and toilet articles in specialized stores"
BOUTIQUE IDANDAZA INARANGUZA UBUCOSHO,4719,"General shop, other goods",Other retail sale in non-specialized stores
Ubucuruzi bw'inzoga z'urwagwa,5630,Bars & beverage serving,Beverage serving activities
Ubucuruzi budandaza amafu muri kiosque,4721,Specialised food shop,Retail sale of food in specialized stores
ni akabari kinzoga,5630,Bars & beverage serving,Beverage serving activities
KUDANDAZA MU ISOKO,4781,Market stall: food & drinks,"Retail sale via stalls and markets of food, beverages and tobacco products"
Ubucuruzi budandaza ibintu bitabdukanye higanjemo amavuta yokwidiga,5630,Bars & beverage serving,Beverage serving activities
ubucuruzi buranguza ndetse bukanadandaza amakara ndetse nibiribwa birimo ibirayi,4630,Wholesale of food & drinks,"Wholesale of food, beverages and tobacco"
"KUGABURIRS ABANTU AMATA,ICYAYI,AMANDAZI",5610,Restaurants & food service,Restaurants and mobile food service activities
Gutanga service rusange,9602,Hairdressing & beauty,Hairdressing and other beauty treatment
ubucuruzi budandaza bw'ikigage,5630,Bars & beverage serving,Beverage serving activities
gucuruza imiti yamatungo ninyongera musaruro,4772,Pharmacy & cosmetics shop,"Retail sale of pharmaceutical and medical goods, cosmetic and toilet articles in specialized stores"
gucuruza piece de recharge z'ama modoka amamoto n' amagare,4711,"General shop, mainly food","Retail sale in non-specialized stores with food, beverages or tobacco predominating"
gucuruza inkweto  (kudandaza),4782,Market stall: clothing,"Retail sale via stalls and markets of textiles, clothing and footwear"
GUCURUZA UBUSHERA BWO KUNYWA NA BATURAGE,5630,Bars & beverage serving,Beverage serving activities
kwakira abantu no kubagaburira,5610,Restaurants & food service,Restaurants and mobile food service activities
ubudandazii,4719,"General shop, other goods",Other retail sale in non-specialized stores
ubucuruzi bw amata,4719,"General shop, other goods",Other retail sale in non-specialized stores
Ubucuruzi bugabura(restora),5630,Bars & beverage serving,Beverage serving activities
UBUHINZI BW'IBYO GUTUNGA URUGO,9810,Household own-use production,Undifferentiated goods-producing activities of private households for own use
kudoda imyambaro yabadamu nabakobwa,1410,Tailoring & clothing making,"Manufacture of wearing apparel, except fur apparel"
"Ubucuruzi bw'ibiribwa, imineke, Ubunyobwa buseye, indagara, amandazi",4721,Specialised food shop,Retail sale of food in specialized stores
ubucuruzi bwiganjemo amafu,4711,"General shop, mainly food","Retail sale in non-specialized stores with food, beverages or tobacco predominating"
"ubucuruzi budandaza ibirayi,ibijumba,intoryi,inyanya,salisa etc..",4711,"General shop, mainly food","Retail sale in non-specialized stores with food, beverages or tobacco predominating"
gusukura mumutwe hakoreshejwe kogosha (Sallon de caiffure),9602,Hairdressing & beauty,Hairdressing and other beauty treatment
boutique na sallo yogosha imisansi higanjemo ubudandazi bwibiribwa,4711,"General shop, mainly food","Retail sale in non-specialized stores with food, beverages or tobacco predominating"
ubucuruzi budetaya ibiribwa byiganjemo kawunga,4721,Specialised food shop,Retail sale of food in specialized stores
Icyuma cyitsinda gisyimyumbati,1061,Grain milling,Manufacture of grain mill products
kudandaza higanjemo bodaboda,4771,Clothing & shoe shop,"Retail sale of clothing, footwear and leather articles in specialized stores"
gucuruza inzoga zokunywa mukabari,5630,Bars & beverage serving,Beverage serving activities
"ubucuruzi bw boutique y imineke ,amasaka",4721,Specialised food shop,Retail sale of food in specialized stores
ubucuruzi bwinkweto zabana,4771,Clothing & shoe shop,"Retail sale of clothing, footwear and leather articles in specialized stores"
ubucuruzi bwa Fanta budandaza,4711,"General shop, mainly food","Retail sale in non-specialized stores with food, beverages or tobacco predominating"
ubucuruzi budandaza bwiganjemo amavuta yokurya,4711,"General shop, mainly food","Retail sale in non-specialized stores with food, beverages or tobacco predominating"
"boutiqueyiganjemo(amakayi,umunyu,amakaramu)",4719,"General shop, other goods",Other retail sale in non-specialized stores
"UBUCURUZI BW'lFU YIGIKOMO,NIBIGOLI,  AMANDAZI",4721,Specialised food shop,Retail sale of food in specialized stores
"UBUCURUZI bwiganjemo ibiribwa ariko hagiye harimo ibinyobwa bike(Fanta, jus,amazi)",4711,"General shop, mainly food","Retail sale in non-specialized stores with food, beverages or tobacco predominating"
kudandaza higanjemo imyenda ni inkweto,4771,Clothing & shoe shop,"Retail sale of clothing, footwear and leather articles in specialized stores"
UBUHINZI N'UBWOROZI BIGANIJE GUTUNGA URU,9810,Household own-use production,Undifferentiated goods-producing activities of private households for own use
Akora umuromo wo kogosha,9602,Hairdressing & beauty,Hairdressing and other beauty treatment
Ubucuruzi bwibitoki mu isoko,4711,"General shop, mainly food","Retail sale in non-specialized stores with food, beverages or tobacco predominating"
"Ubucuruzi bwiganjemo;jus,Amavuta,Amazi,Amakaroni",4721,Specialised food shop,Retail sale of food in specialized stores
bacyuruza Amandazi nicyayi badandaza,5610,Restaurants & food service,Restaurants and mobile food service activities
ubudandazo bw'ibiribwa,4721,Specialised food shop,Retail sale of food in specialized stores
boutique idandaza ubuconco higanjemo nibiribwa,4711,"General shop, mainly food","Retail sale in non-specialized stores with food, beverages or tobacco predominating"
KUDANDAZA IBIKOMOKA KU IFARINI,4721,Specialised food shop,Retail sale of food in specialized stores
Ubucuruzi bwinzoga zidapfundikiye,5630,Bars & beverage serving,Beverage serving activities
BOUTIQUE  Y'IBYOKURYA IMBOGA NA MAVUTA YOGUTEKA,4721,Specialised food shop,Retail sale of food in specialized stores
kudandaza ibinyobwa bisembuye,5630,Bars & beverage serving,Beverage serving activities
"UBUCURUZI BWINZOGA ZA BRARIRWA PRIMUS SCKOL, ICYOKEZO CYINYAMA",5630,Bars & beverage serving,Beverage serving activities
Gustya ibinyampeke,1061,Grain milling,Manufacture of grain mill products
acuruza ibintu bitandukanye byo kunywa,5610,Restaurants & food service,Restaurants and mobile food service activities
"GUCURUZA INZOGA ZIDAPFUNDIKIYE, IKIGAGE,URWAGWA",5630,Bars & beverage serving,Beverage serving activities
"ubucuruzi bundaza,bwiganjemo:isukari,inyanya,indagara,umunyu,ubunyobwa,...",4721,Specialised food shop,Retail sale of food in specialized stores
CANTINE Y'ICYAYI N'AMANDAZI,5610,Restaurants & food service,Restaurants and mobile food service activities
ubudozi bw'imyenda mishya  yo kwifubika,1410,Tailoring & clothing making,"Manufacture of wearing apparel, except fur apparel"
gucuruza ibikoresho by'ubwubatsi higanjemo  amabati,4752,Hardware & paint shop,"Retail sale of hardware, paints and glass in specialized stores"
Ubwogoshi bw'imisatsi,9602,Hairdressing & beauty,Hairdressing and other beauty treatment
UBUCURUZI BUDANDAZA IBIKORESHO BYUBWUBATSI QUINCAILLERIE,4752,Hardware & paint shop,"Retail sale of hardware, paints and glass in specialized stores"
kurya n'okunywa,5610,Restaurants & food service,Restaurants and mobile food service activities
KUZUNGUZA IMBUTO MU MUHANDA,4799,Street & mobile vending,"Other retail sale not in stores, stalls or markets"
gukata ibitbaro akadodera abantu,1410,Tailoring & clothing making,"Manufacture of wearing apparel, except fur apparel"
icyuma gisya ibinyampeke nimyumbati,1061,Grain milling,Manufacture of grain mill products
Ubuki,4781,Market stall: food & drinks,"Retail sale via stalls and markets of food, beverages and tobacco products"
nuwo gucuruza ibitunguru,4711,"General shop, mainly food","Retail sale in non-specialized stores with food, beverages or tobacco predominating"
adandaza amavuta yo kwisiga,4772,Pharmacy & cosmetics shop,"Retail sale of pharmaceutical and medical goods, cosmetic and toilet articles in specialized stores"
kuranguza ibinyobwa inzoga fanta,4630,Wholesale of food & drinks,"Wholesale of food, beverages and tobacco"
Acuruza imboga nu nyanya nu rusenda,4781,Market stall: food & drinks,"Retail sale via stalls and markets of food, beverages and tobacco products"
"Nugucuruza kawunga yibigori,inkwi,amashu,inyanya,amakara amasuka nibindi bivangavanze",4721,Specialised food shop,Retail sale of food in specialized stores
UBUDOZI BWIMYAMBARO,1410,Tailoring & clothing making,"Manufacture of wearing apparel, except fur apparel"
UBUCURUZI BUDANDAZA IBIKOMOKA KU NKOKO (AMAGI),4721,Specialised food shop,Retail sale of food in specialized stores
"ubucuruzi(amata,juice,amandazi,amaz?)",5610,Restaurants & food service,Restaurants and mobile food service activities
UBUZUNGUZAYI,4781,Market stall: food & drinks,"Retail sale via stalls and markets of food, beverages and tobacco products"
UBUCURUZI BWIGANJEMO CYANE  UBW'IBIRIBWA,4711,"General shop, mainly food","Retail sale in non-specialized stores with food, beverages or tobacco predominating"
ubudandazi bwibiribwa umuceri,4721,Specialised food shop,Retail sale of food in specialized stores
ubucuruzi budandaza higanjemo matella,4773,Other specialised shop,Other retail sale of new goods in specialized stores
PRIMARY AND NUSERY,8510,Primary education,Pre-primary and primary education
KUGABURA IBYO KUNYWA  PRIMUS NA FANTA,5630,Bars & beverage serving,Beverage serving activities
"gusya ibinyameke higanjemo, imyumbati, amasaka n'asoya",1061,Grain milling,Manufacture of grain mill products
IGIKONI  GITEKA  ISAMBUSA,5610,Restaurants & food service,Restaurants and mobile food service activities
ubucuruzi bwibinyobwa bisembuye (ibogage),5630,Bars & beverage serving,Beverage serving activities
gutunganya ibikomoka kubuhinzi babibyazamo amafu,1061,Grain milling,Manufacture of grain mill products
"bogosha imisatsi yabana,abagabo nabagore",9602,Hairdressing & beauty,Hairdressing and other beauty treatment
Ubucuruzi budsandaza bwa alimentation,4721,Specialised food shop,Retail sale of food in specialized stores
ubudozi bw'imyenda y'abagore n'abana,1410,Tailoring & clothing making,"Manufacture of wearing apparel, except fur apparel"
Dealers in Food suplement,4772,Pharmacy & cosmetics shop,"Retail sale of pharmaceutical and medical goods, cosmetic and toilet articles in specialized stores"
UMUDANZAZI W'IBIJUMBA MU ISOKO,4781,Market stall: food & drinks,"Retail sale via stalls and markets of food, beverages and tobacco products"
UMUHINZI W'IBIJUMBA,0113,Growing vegetables & tubers,"Growing of vegetables and melons, roots and tubers"
guha abantu inyama zokeje,5610,Restaurants & food service,Restaurants and mobile food service activities
UBUCURUZI BUDANDAZA MURI BOUTIQUE,4711,"General shop, mainly food","Retail sale in non-specialized stores with food, beverages or tobacco predominating"
UBUDOZI BW'IMYENDA,1410,Tailoring & clothing making,"Manufacture of wearing apparel, except fur apparel"
Kudandaza ibiribwa,4721,Specialised food shop,Retail sale of food in specialized stores
BAGABURA IBIRYO NDETSE NI BYO KUNYWA BITUNGANIRIJE,5610,Restaurants & food service,Restaurants and mobile food service activities
Gucuruza no kudandaza  inyongera musaruro higanjemo (imiti yibirayi ; nimirama ),4773,Other specialised shop,Other retail sale of new goods in specialized stores
ubucuruzi budandaza bw'ibiribwa nk amavuta inyanya n'ibindi,4711,"General shop, mainly food","Retail sale in non-specialized stores with food, beverages or tobacco predominating"
kogosha umisatsi,9602,Hairdressing & beauty,Hairdressing and other beauty treatment
ubucuruzi buranguza bwibitenge,4771,Clothing & shoe shop,"Retail sale of clothing, footwear and leather articles in specialized stores"
kugabura ibinyobwa nibiribwa,5630,Bars & beverage serving,Beverage serving activities
Kudandaza agakingirizo,4719,"General shop, other goods",Other retail sale in non-specialized stores
Kudandaza ibicuruzwa byiganjemo ibiribwa mu iduka.,4711,"General shop, mainly food","Retail sale in non-specialized stores with food, beverages or tobacco predominating"
ADANDAZA UBUNYOBWA NAMAGI MUNZIRA,4799,Street & mobile vending,"Other retail sale not in stores, stalls or markets"
"UMURIMO WINGENZI NUBUCURUZI BWIMBOGA RWTSI,HIGANJEKO IBIRUNGO BYO MUCYAYI NO MUNYAMA",4781,Market stall: food & drinks,"Retail sale via stalls and markets of food, beverages and tobacco products"
kogosha muri salon de coiffire,9602,Hairdressing & beauty,Hairdressing and other beauty treatment
UBUCURUZI BWA QUINCAILLERIE,4752,Hardware & paint shop,"Retail sale of hardware, paints and glass in specialized stores"
ubucuruzi budandaza ibintu bitandukanye muri quiosque,4711,"General shop, mainly food","Retail sale in non-specialized stores with food, beverages or tobacco predominating"
GUHINGA AMASHU,0113,Growing vegetables & tubers,"Growing of vegetables and melons, roots and tubers"
ubudsandaji bwimboga,4781,Market stall: food & drinks,"Retail sale via stalls and markets of food, beverages and tobacco products"
ubucuruzi b'udandaza ibintu bitandukanye bwiganjemo imyenda n'inkweto,4771,Clothing & shoe shop,"Retail sale of clothing, footwear and leather articles in specialized stores"
cement,4752,Hardware & paint shop,"Retail sale of hardware, paints and glass in specialized stores"
ubudandazi bwiganjemo amavuta yo guteka,4781,Market stall: food & drinks,"Retail sale via stalls and markets of food, beverages and tobacco products"
Aranguza inzoga za Skol,4630,Wholesale of food & drinks,"Wholesale of food, beverages and tobacco"
Gucuruza ibiribwa cyane ibishyimbo n'Umuceri,4721,Specialised food shop,Retail sale of food in specialized stores
kubaga no gucuruza inyama zihene zokeje,5610,Restaurants & food service,Restaurants and mobile food service activities
ubucuruzi bunyuranye,4719,"General shop, other goods",Other retail sale in non-specialized stores
Ubudozi bwimyenda mishya  muri Atelier,1410,Tailoring & clothing making,"Manufacture of wearing apparel, except fur apparel"
UBUHINZI BW'IBIJUMBA N'IMYUMBATI,0113,Growing vegetables & tubers,"Growing of vegetables and melons, roots and tubers"
ubucuruzi bwibyokunywa bisembuye: Ikigage,5630,Bars & beverage serving,Beverage serving activities
UBUCURUZI BUDETAYA IBINTU BITANDUKANYE HIGANJEMO IMYENDA MU ISOKO,4781,Market stall: food & drinks,"Retail sale via stalls and markets of food, beverages and tobacco products"
UBUCURUZI BWIBIRIBWA MWISOKO,4781,Market stall: food & drinks,"Retail sale via stalls and markets of food, beverages and tobacco products"
"badandaza ibiribwa byiganjemo ibirayi,umuceri,isukari",4721,Specialised food shop,Retail sale of food in specialized stores
aradoda akanasana imyenda,1410,Tailoring & clothing making,"Manufacture of wearing apparel, except fur apparel"
"Ubudandaza bwibiribwa bwiganjemo ibyo kurya nkamandazi,umunyu,imbada,amavuta,...",4721,Specialised food shop,Retail sale of food in specialized stores
Kugabura ibyo kurya muri restora,5610,Restaurants & food service,Restaurants and mobile food service activities
"salon  niyonkuru bogosha : abana , abagore,abagabo",9602,Hairdressing & beauty,Hairdressing and other beauty treatment
boutique y'ibyo kurya,4711,"General shop, mainly food","Retail sale in non-specialized stores with food, beverages or tobacco predominating"
koza imbaho no kuzigurisha,4752,Hardware & paint shop,"Retail sale of hardware, paints and glass in specialized stores"
gucuruza ibintu bitandukanye hinganjemo ibiribwa,4711,"General shop, mainly food","Retail sale in non-specialized stores with food, beverages or tobacco predominating"
ubucuruzi budandaza bw'ibishyimbo na kawunga,4721,Specialised food shop,Retail sale of food in specialized stores
ubucuruzi bwimbuto nimboga,4721,Specialised food shop,Retail sale of food in specialized stores
kudandaza imbaho mwisoko,4711,"General shop, mainly food","Retail sale in non-specialized stores with food, beverages or tobacco predominating"
"ubucuruzi bwibiribwa:ibirayi,igitoki, umuceri, kawunga, amavuta yo kurya,..",4721,Specialised food shop,Retail sale of food in specialized stores
UBUCURUZI BWIMYENDA MWIDUKA,4771,Clothing & shoe shop,"Retail sale of clothing, footwear and leather articles in specialized stores"
UBUDOZI BW IMYAMBARO,1410,Tailoring & clothing making,"Manufacture of wearing apparel, except fur apparel"
"Alimentation icuruza icyayi ,amata n'amandazi.",5610,Restaurants & food service,Restaurants and mobile food service activities
"Acuruza uduconco turimo udupfuka twumuceri,amandazi naza fanta n'inzoga",4711,"General shop, mainly food","Retail sale in non-specialized stores with food, beverages or tobacco predominating"
UBUCURUZI BW' IBIGORI MU ISOKO,4781,Market stall: food & drinks,"Retail sale via stalls and markets of food, beverages and tobacco products"
kudandaza ibiribwa higanjemo ibyokunya,4711,"General shop, mainly food","Retail sale in non-specialized stores with food, beverages or tobacco predominating"
KUDANDAZA IMBUTO KUMUHANDA,4799,Street & mobile vending,"Other retail sale not in stores, stalls or markets"
"UBUDANDAZI BWIBYOKURYA BWIGANJEMO, UMUCELI, IBISHYIMBO, ISUKALI, AMAVUTA AKOZE MUBIHWAGALI YOGUTEKA, AMASABUNE",4711,"General shop, mainly food","Retail sale in non-specialized stores with food, beverages or tobacco predominating"
UBUDANDAZI BWIBINYAMPEKE MWISOKO,4781,Market stall: food & drinks,"Retail sale via stalls and markets of food, beverages and tobacco products"
ubucuruzi bwibyo kurya bihiye,5610,Restaurants & food service,Restaurants and mobile food service activities
UBUCURUZI BWA AVOCADO MU MUHANDA,4799,Street & mobile vending,"Other retail sale not in stores, stalls or markets"
UBUDOZI BWIMYENDA NIBIKAPU,1410,Tailoring & clothing making,"Manufacture of wearing apparel, except fur apparel"
ubucuruzo budandaza ibiribwa,4781,Market stall: food & drinks,"Retail sale via stalls and markets of food, beverages and tobacco products"
ubucuruzi bw Iganjemo ibiribwa .,4711,"General shop, mainly food","Retail sale in non-specialized stores with food, beverages or tobacco predominating"
Aradoda(atoriye),1410,Tailoring & clothing making,"Manufacture of wearing apparel, except fur apparel"
"UBUHINZI N,UBWOROZI BY,URUGO",9810,Household own-use production,Undifferentiated goods-producing activities of private households for own use
GUSYA IMYAKA Y'ABATURAGE AKABAKURIRAMO IFU,1061,Grain milling,Manufacture of grain mill products
"Gucuruza icyayi n'ibijyana nacyo (Amandazi,Imigati) mu rwego rwa kwakira Abantu kubona ibyo kurya byoroheje(Amandazi, Jus ,icyayi, igikoma)",5610,Restaurants & food service,Restaurants and mobile food service activities
bakora ubucuruzi budandazi bw'ifu yi gikoma,4711,"General shop, mainly food","Retail sale in non-specialized stores with food, beverages or tobacco predominating"
UBUCURUZI BW UMUTUBE,4711,"General shop, mainly food","Retail sale in non-specialized stores with food, beverages or tobacco predominating"
Butike idandaza,4719,"General shop, other goods",Other retail sale in non-specialized stores
ubucuruzi buciriritse budandaza imyenda yo kwambara,4782,Market stall: clothing,"Retail sale via stalls and markets of textiles, clothing and footwear"
UBUCURUZI BWIRIBWA N'IBINYOBWA,5610,Restaurants & food service,Restaurants and mobile food service activities
GUTANGA IBINYOBWA BISEMBUYE HIGANJEMO IBIDAPFUNDIKIYE,5630,Bars & beverage serving,Beverage serving activities
"ubucuruzi bwiganjemo amasabune  ,kawunga,amavuta yo kwisiga,nibindi ,aradandaza",4719,"General shop, other goods",Other retail sale in non-specialized stores
Adoda imhenda itandukanye higanjemo iy abagore,1410,Tailoring & clothing making,"Manufacture of wearing apparel, except fur apparel"
"yacuruzaga akabari, inzoga rwabitoke",5630,Bars & beverage serving,Beverage serving activities
ubucuruzi bwiganjemo umunyu nisabune,4711,"General shop, mainly food","Retail sale in non-specialized stores with food, beverages or tobacco predominating"
kudandaza ubuconsho mwisoko higanjemo ibiribwa,4781,Market stall: food & drinks,"Retail sale via stalls and markets of food, beverages and tobacco products"
"Ubucuruzi bujyanye na amafu,amandazi,amavuta yo kwisiga",4711,"General shop, mainly food","Retail sale in non-specialized stores with food, beverages or tobacco predominating"
"ubucuruzi budandaza bwiganjemo,ibirayi,amakaroni,salisa,etc..",4721,Specialised food shop,Retail sale of food in specialized stores
ubucuruzi bwa butike bwihanjemo ibiribwa,4711,"General shop, mainly food","Retail sale in non-specialized stores with food, beverages or tobacco predominating"
"ubucuruzi bwa canteen eg amata,jus,fanta,imigati",5610,Restaurants & food service,Restaurants and mobile food service activities
gucuruza ibicuruzwa bitandukanye bya butike,4711,"General shop, mainly food","Retail sale in non-specialized stores with food, beverages or tobacco predominating"
umucuruzi w'ibitoki mw'isoko,4781,Market stall: food & drinks,"Retail sale via stalls and markets of food, beverages and tobacco products"
Kudoda imyenda y'abagabo n'abagore no gitera ibiremo,1410,Tailoring & clothing making,"Manufacture of wearing apparel, except fur apparel"
Gucuruza adandaza akabari,5630,Bars & beverage serving,Beverage serving activities
ubucuruzi bw'Alimentation bwiganjemo ibinyobwa bidasembuye,4711,"General shop, mainly food","Retail sale in non-specialized stores with food, beverages or tobacco predominating"
Gucuruza cogori,4719,"General shop, other goods",Other retail sale in non-specialized stores
"UMURIMO WO KUGABURA INYAMA Z,AMATUNGO ZIHIYE",5610,Restaurants & food service,Restaurants and mobile food service activities
imirimo ijyanye no kogosha higanjemo abagabo,9602,Hairdressing & beauty,Hairdressing and other beauty treatment
ubudandazi beimyenda mu isoko,4782,Market stall: clothing,"Retail sale via stalls and markets of textiles, clothing and footwear"
Akabari k'inzoga y'urwagwa rwabitoki,5630,Bars & beverage serving,Beverage serving activities
UBUCURUZI BWA PETROLE KU MUHANDA,4799,Street & mobile vending,"Other retail sale not in stores, stalls or markets"
kudandaza ibinyobwa bidasembuye,5610,Restaurants & food service,Restaurants and mobile food service activities
"DUCURUZA AMANDAZI,AMAVUTA,N'UBUNYOBWA. TUBIKORERA MUNZU",4711,"General shop, mainly food","Retail sale in non-specialized stores with food, beverages or tobacco predominating"
BADANDAZA ibyo kurya,4711,"General shop, mainly food","Retail sale in non-specialized stores with food, beverages or tobacco predominating"
"ubudandazi bw'ibiribwa(ibigoli,akawunga+ibishyimbo)",4711,"General shop, mainly food","Retail sale in non-specialized stores with food, beverages or tobacco predominating"
acuruza ibyo arangura biva munganda,4719,"General shop, other goods",Other retail sale in non-specialized stores
UBUHINZI BW'IBIHIINGWA BIBANGAVANZE,0111,Growing cereals & legumes,"Growing of cereals (except rice), leguminous crops and oil seeds"
"UBUHINZI BW,IMBOGA",0113,Growing vegetables & tubers,"Growing of vegetables and melons, roots and tubers"
ubucuruzi budandaza higanjemo imbuto,4721,Specialised food shop,Retail sale of food in specialized stores
Kudandaza ibintu bitandukanye higanjemo inkweto,4771,Clothing & shoe shop,"Retail sale of clothing, footwear and leather articles in specialized stores"
adandaza imbuto mu isoko higanjemo imineke,4781,Market stall: food & drinks,"Retail sale via stalls and markets of food, beverages and tobacco products"
UMUHINZI W' IBISHYIMBO,0111,Growing cereals & legumes,"Growing of cereals (except rice), leguminous crops and oil seeds"
KUDANDAZA IMBOGA MU MUHANDA,4799,Street & mobile vending,"Other retail sale not in stores, stalls or markets"
ubucuruzi bw'inzoga za Brarirwa,4630,Wholesale of food & drinks,"Wholesale of food, beverages and tobacco"
ubucuruzi bwiganjemo ibiribwa nk'imigati n'ibinyobwa nka amata,5610,Restaurants & food service,Restaurants and mobile food service activities
ubucuruzu bwibintu bivanze,4711,"General shop, mainly food","Retail sale in non-specialized stores with food, beverages or tobacco predominating"
UBUCURUZI BUDANDAZA BW'INYONGERA MUSARURO,4773,Other specialised shop,Other retail sale of new goods in specialized stores
U ucuruzi budandaza (ibiribwa),4711,"General shop, mainly food","Retail sale in non-specialized stores with food, beverages or tobacco predominating"
"kudandaza higanjemo : ibirayi, igitoki",5610,Restaurants & food service,Restaurants and mobile food service activities
"Gusya amafu atandukanye hakoreshejwe icyuma (nka masaka ,imyumbati,Ibigori nibindi",1061,Grain milling,Manufacture of grain mill products
"ubucuruzi budandaza umuceri,isukari kawunga",4721,Specialised food shop,Retail sale of food in specialized stores
Kudandaza ibyo kurya birimo kawunga n' amavuta yo kurya,4711,"General shop, mainly food","Retail sale in non-specialized stores with food, beverages or tobacco predominating"
UBUCURUZI BUDANDAZA HIGANJEMO IBINYOBWA(UBUSHERA),5630,Bars & beverage serving,Beverage serving activities
ubucuruzibwibiribwa nibinyobwa,5610,Restaurants & food service,Restaurants and mobile food service activities
"ubucuruzi bwiganjemo ibiribwa(ibirayi,amakaroni,....)",4721,Specialised food shop,Retail sale of food in specialized stores
"amazi yo kunywa,jouice,amata,imikati,amandazi",5610,Restaurants & food service,Restaurants and mobile food service activities
Ubucuruzi bwganjemo Imineke,4711,"General shop, mainly food","Retail sale in non-specialized stores with food, beverages or tobacco predominating"
"gusya amasaka, ibigoli, imyumbati,soya",1061,Grain milling,Manufacture of grain mill products
Umucuruzi udandaza pavuro,4781,Market stall: food & drinks,"Retail sale via stalls and markets of food, beverages and tobacco products"
ubudandazi bwo muri butike,4773,Other specialised shop,Other retail sale of new goods in specialized stores
Gucuruza ibikoresho byubwubatsi,4752,Hardware & paint shop,"Retail sale of hardware, paints and glass in specialized stores"
KWARI UGUTANGA IBINYOBWA,5630,Bars & beverage serving,Beverage serving activities
nubucuruzi by'ibintu bitandukanye gusa ibyiganjemo nibiribwa,4711,"General shop, mainly food","Retail sale in non-specialized stores with food, beverages or tobacco predominating"
kudandaza ibinyobwa higanjemo imitobe,5630,Bars & beverage serving,Beverage serving activities
UBUCURUZA IBINYOBWA BISEMBUYE URWAGWA,5630,Bars & beverage serving,Beverage serving activities
Kudoda imyenda no gusa iyacitse,1410,Tailoring & clothing making,"Manufacture of wearing apparel, except fur apparel"
"KUGABURA AMATA, ICYAYI N'AMANDAZI",5610,Restaurants & food service,Restaurants and mobile food service activities
"Ubucuruzi budandaza ibiribwa hinganjemo inkweto , imyenda",4711,"General shop, mainly food","Retail sale in non-specialized stores with food, beverages or tobacco predominating"
UBUCURUZI BURANGUZA IKIGAGE,5630,Bars & beverage serving,Beverage serving activities
"ubucuruzi bwibishyimbo,ibigori,ibirayi",4773,Other specialised shop,Other retail sale of new goods in specialized stores
acuruza umusururu uhiye,5630,Bars & beverage serving,Beverage serving activities
gucuruza ibikoresho biciriritse,4719,"General shop, other goods",Other retail sale in non-specialized stores
GUSYA UBUGARI KUMASHINI,1061,Grain milling,Manufacture of grain mill products
UBUCURUZI BW'IBIRIBWA NIBINYOBWA HIGANJEMO IBYO KURYA,4711,"General shop, mainly food","Retail sale in non-specialized stores with food, beverages or tobacco predominating"
SERVICE YO GUTUNGNYA UMUSATSI(kogosha),9602,Hairdressing & beauty,Hairdressing and other beauty treatment
Kuranguza ibirayi,4630,Wholesale of food & drinks,"Wholesale of food, beverages and tobacco"
UBUCOSHO,4719,"General shop, other goods",Other retail sale in non-specialized stores
ubucuruzi bushingiye ku amafu na amavuta yo kwisiga no kurya,4711,"General shop, mainly food","Retail sale in non-specialized stores with food, beverages or tobacco predominating"
acuruza cantine,5610,Restaurants & food service,Restaurants and mobile food service activities
"ubuconco higanjemo inyanya,intoryi ,imboga,..",4711,"General shop, mainly food","Retail sale in non-specialized stores with food, beverages or tobacco predominating"
KUDANDAZA IBIGORI MWISOKO,4781,Market stall: food & drinks,"Retail sale via stalls and markets of food, beverages and tobacco products"
Ubucuruzi bwi biribwa nibikoresho byisuku,4773,Other specialised shop,Other retail sale of new goods in specialized stores
gucuruza imiti yamatungo nibiryo byabyo,4772,Pharmacy & cosmetics shop,"Retail sale of pharmaceutical and medical goods, cosmetic and toilet articles in specialized stores"
UBWOGOSHI BW'ABANA,9602,Hairdressing & beauty,Hairdressing and other beauty treatment
ubudandandazi bwa shete,4773,Other specialised shop,Other retail sale of new goods in specialized stores
kugura Imyaka ayigurisha,4721,Specialised food shop,Retail sale of food in specialized stores
ubucuruzi budanda,4711,"General shop, mainly food","Retail sale in non-specialized stores with food, beverages or tobacco predominating"
UBUDANDAZI BWIBWIMBOGA HIGANJEMO UBUCOSHO,4719,"General shop, other goods",Other retail sale in non-specialized stores
kudandaza ibintu byiganjemo ibiribwa bitekwa murugo,4711,"General shop, mainly food","Retail sale in non-specialized stores with food, beverages or tobacco predominating"
GUCURUZA IBYO KURYA GUSA,4721,Specialised food shop,Retail sale of food in specialized stores
GUCURUZA IMITI YAMATUNGO MAGUFI,4772,Pharmacy & cosmetics shop,"Retail sale of pharmaceutical and medical goods, cosmetic and toilet articles in specialized stores"
"kugurisha ibijyanye nibyokurya& nokunwa(Amagi,ibishyimbo,icyayi)",5610,Restaurants & food service,Restaurants and mobile food service activities
Ubucuruzi budandaza ubuconco bwamasogisi,4782,Market stall: clothing,"Retail sale via stalls and markets of textiles, clothing and footwear"
UBUDANDAZI BW'IMBUTO MURI BOUTIQUE,4721,Specialised food shop,Retail sale of food in specialized stores
ubucuruzi budandaza buganjemo imboga,4721,Specialised food shop,Retail sale of food in specialized stores
ubucuruzi bwamapantaro yabagabo,4782,Market stall: clothing,"Retail sale via stalls and markets of textiles, clothing and footwear"
adandaza imyenda yabagabo nabagore,4782,Market stall: clothing,"Retail sale via stalls and markets of textiles, clothing and footwear"
GUTANGA SERIVISI YO KUGABURA IBIRIBWA,5610,Restaurants & food service,Restaurants and mobile food service activities
UBUHINZI BWIBIRIBWA BINYURANYE,0113,Growing vegetables & tubers,"Growing of vegetables and melons, roots and tubers"
"GUCURUZA IBIRYO ADANDAZA HARIMO IMPUNGURE ZIVANZE N'IBISHYIMBO,IFIRITI",5610,Restaurants & food service,Restaurants and mobile food service activities
"Kwigisha,gutanga uburezi n'ubumenyi",8510,Primary education,Pre-primary and primary education
Igabura ry'ibyo kunywa (urwagwa),5630,Bars & beverage serving,Beverage serving activities
Ubucuruzi bugabura ibontu bitandukanye higanjemo ikigage,5630,Bars & beverage serving,Beverage serving activities
cantine kudandaza ibyokurya bitetse,5610,Restaurants & food service,Restaurants and mobile food service activities
"UBUCURUZI BWA KABARI HIGANJEMO INZOGA Z,URWAGWA",5630,Bars & beverage serving,Beverage serving activities
Gupima Inzoga Hatezwa imbere ibikomoka kubuhinzi,5630,Bars & beverage serving,Beverage serving activities
akabari(ubucuruzi bw'inzoga n'inyama),5630,Bars & beverage serving,Beverage serving activities
ubudandazi bwamavuta yo kwisiga,4772,Pharmacy & cosmetics shop,"Retail sale of pharmaceutical and medical goods, cosmetic and toilet articles in specialized stores"
ubucuruzi budandaza bwiganjemo ibinyobwa bidasembuye,4711,"General shop, mainly food","Retail sale in non-specialized stores with food, beverages or tobacco predominating"
ubucuruzi bwibintu bitandukanye hoganjemo ibiribwa,4711,"General shop, mainly food","Retail sale in non-specialized stores with food, beverages or tobacco predominating"
"Ubucuruzi bwiganje mo amavuta yo kurya no kwisiga, biscuits, amandazi, umunyu,",4719,"General shop, other goods",Other retail sale in non-specialized stores
kudoda imyenda mishya y'abagore,1410,Tailoring & clothing making,"Manufacture of wearing apparel, except fur apparel"
BACURUZA IBIKORESHO BY'UBWUBATSI,4752,Hardware & paint shop,"Retail sale of hardware, paints and glass in specialized stores"
ubucuruzi bw'ibinyobwa higanjemo ubushera,5630,Bars & beverage serving,Beverage serving activities
"BOUTIQUE IRIMO IBINTU BITANDUKANYE BY'INGENZI BIRIMO,IBIRIBWA AMAVUTA,AMASABUNE N'IBINDI BIJYANYE NO KURYA",4719,"General shop, other goods",Other retail sale in non-specialized stores
UBUDANDAZI BW'IBISHEKE,4799,Street & mobile vending,"Other retail sale not in stores, stalls or markets"
CANTINE ICURUZA IBYO KUNYWA NIBYO KURISHA,5610,Restaurants & food service,Restaurants and mobile food service activities
Iseta icuruza imyenda yabana kudandaza (Caguwa),4782,Market stall: clothing,"Retail sale via stalls and markets of textiles, clothing and footwear"
"numurimo wogutanga service muri saloon kogosha , gusokoza abagore",9602,Hairdressing & beauty,Hairdressing and other beauty treatment
Gutunganya ibinyobwa bisembuye,4711,"General shop, mainly food","Retail sale in non-specialized stores with food, beverages or tobacco predominating"
Ubudandazi bw'ibikoresho by'ubwubatsi,4752,Hardware & paint shop,"Retail sale of hardware, paints and glass in specialized stores"
"kudandaza inkweto sandale, ferme",4782,Market stall: clothing,"Retail sale via stalls and markets of textiles, clothing and footwear"
ubudandazi bwinyokurya muri bar Resto,5610,Restaurants & food service,Restaurants and mobile food service activities
UBUNINZI BW'IBISHYIMBO,0111,Growing cereals & legumes,"Growing of cereals (except rice), leguminous crops and oil seeds"
ubudandazi bw'ibiribwa muri butike,4721,Specialised food shop,Retail sale of food in specialized stores
ubucuruzi bw' ibikomoka kuri petrol,4719,"General shop, other goods",Other retail sale in non-specialized stores
Gucuruza ibiribwa nibinyobwa (Alimentation),5610,Restaurants & food service,Restaurants and mobile food service activities
UBUCURUZI BW'IBIRIBWA N'IBINYOBWA BIDASEMBUYE,4721,Specialised food shop,Retail sale of food in specialized stores
GUCURUZA IMYENDA YABAGENI,4771,Clothing & shoe shop,"Retail sale of clothing, footwear and leather articles in specialized stores"
"mini supermarket icuruza ibinyombwa n,ibirimbwa",4711,"General shop, mainly food","Retail sale in non-specialized stores with food, beverages or tobacco predominating"
umuzunguzayi w'inyanya,4711,"General shop, mainly food","Retail sale in non-specialized stores with food, beverages or tobacco predominating"
UBUCURUZI BUDANDAZA IBINTU BITANDUKANYE HIGANJEMO(AKAWUNGA ;AMASABUNE),4711,"General shop, mainly food","Retail sale in non-specialized stores with food, beverages or tobacco predominating"
KUDANDAZA IBYIGANJEMO IMBOGA NIMINEKE,4721,Specialised food shop,Retail sale of food in specialized stores
Twogosha abantu. tubogoshera munzu,9602,Hairdressing & beauty,Hairdressing and other beauty treatment
boutique idandaza uduconco higanjemo ibiribwa,4711,"General shop, mainly food","Retail sale in non-specialized stores with food, beverages or tobacco predominating"
SERVICE ZA RESTORA,5610,Restaurants & food service,Restaurants and mobile food service activities
ubucuruzi budandaza ibitandukanye higanjemo umunyu,4771,Clothing & shoe shop,"Retail sale of clothing, footwear and leather articles in specialized stores"
ubucuruzi buserva icyayi namandazi budandaza,5610,Restaurants & food service,Restaurants and mobile food service activities
"Ubudandazi bwiganjemo imboga ni mbuto cyane cyane imineke ,inyanya",4711,"General shop, mainly food","Retail sale in non-specialized stores with food, beverages or tobacco predominating"
ubucuruzi bwibyo kunwa,5630,Bars & beverage serving,Beverage serving activities
UBUHINZI N' UBWOROZI BIGAMIJE GUTANGA UR,9810,Household own-use production,Undifferentiated goods-producing activities of private households for own use
uruconco rw'ibiribwa,4721,Specialised food shop,Retail sale of food in specialized stores
ubucuruzi bwibyokunywa(icyayi),5610,Restaurants & food service,Restaurants and mobile food service activities
boutique idandaza yiganjemo ibiribwa nibinyobwa,4721,Specialised food shop,Retail sale of food in specialized stores
GUCURUZA IBIRIBWA/,4721,Specialised food shop,Retail sale of food in specialized stores
kudandaza ibintu bitandukanye harimo n'imyenda,4771,Clothing & shoe shop,"Retail sale of clothing, footwear and leather articles in specialized stores"
"adandaza imboga,amavuta yo kurya,makaroni higanjemo inyanya",4781,Market stall: food & drinks,"Retail sale via stalls and markets of food, beverages and tobacco products"
iduka ricuruza imyambaro,4771,Clothing & shoe shop,"Retail sale of clothing, footwear and leather articles in specialized stores"
UBUCURUZI BWIBIRIBWA MU MASOKO,4781,Market stall: food & drinks,"Retail sale via stalls and markets of food, beverages and tobacco products"
"gucuruza kawunga, umuceri, isukari, ifu yigikoma",4711,"General shop, mainly food","Retail sale in non-specialized stores with food, beverages or tobacco predominating"
"Kidsndaza, higanjemo ibiribwa",4711,"General shop, mainly food","Retail sale in non-specialized stores with food, beverages or tobacco predominating"
bakora ubucuruzi budandaza bw'ifu yigikoma,4721,Specialised food shop,Retail sale of food in specialized stores
Gutandika ibiribwa,4721,Specialised food shop,Retail sale of food in specialized stores
ubudozi bw'imyenda y'abagore n'abagabo,1410,Tailoring & clothing making,"Manufacture of wearing apparel, except fur apparel"
Guha abantu ibyo kunywa nokurya higanjemo amandazi,5610,Restaurants & food service,Restaurants and mobile food service activities
GUTANGA IBYO KUNYWA BISEMBUYE,5630,Bars & beverage serving,Beverage serving activities
ubudizi bwimynda mishya,1410,Tailoring & clothing making,"Manufacture of wearing apparel, except fur apparel"
KUDANDAZA UBUCONSHO cyane cyane ibiribwa,4719,"General shop, other goods",Other retail sale in non-specialized stores
apima urwagwa rw'ibitoki,5630,Bars & beverage serving,Beverage serving activities
UBUHINZI NUBWOROZI BYURUGO,9810,Household own-use production,Undifferentiated goods-producing activities of private households for own use
KUNDANDAZA AMANDAZI MU ISOKO,4781,Market stall: food & drinks,"Retail sale via stalls and markets of food, beverages and tobacco products"
ubucuruzi budandaza imineke mwisoko,4781,Market stall: food & drinks,"Retail sale via stalls and markets of food, beverages and tobacco products"
ubucuruzi buvanze ibiribea n'ibindi,4719,"General shop, other goods",Other retail sale in non-specialized stores
atera ibiraka ( ibiremo) kumyenda yacitse gusa .,1410,Tailoring & clothing making,"Manufacture of wearing apparel, except fur apparel"
UBUCURUZI BUDANDAZA HINGANJEMO IBIRIRWA,4711,"General shop, mainly food","Retail sale in non-specialized stores with food, beverages or tobacco predominating"
ubucuruzi budandaza bwamashu,4781,Market stall: food & drinks,"Retail sale via stalls and markets of food, beverages and tobacco products"
Ubucuruzi bw'Ubuconco bwiganjemo ibikoresho by'Isuku,4772,Pharmacy & cosmetics shop,"Retail sale of pharmaceutical and medical goods, cosmetic and toilet articles in specialized stores"
ubudandazi bwimbuto muri butike,4721,Specialised food shop,Retail sale of food in specialized stores
acuruza amata fanta amandazi ni migati,5610,Restaurants & food service,Restaurants and mobile food service activities
ubudandazi bw'inkwto mu isoko,4782,Market stall: clothing,"Retail sale via stalls and markets of textiles, clothing and footwear"
ubucuruzi bw'ibiryo,5610,Restaurants & food service,Restaurants and mobile food service activities
UBUCURUZI BUKORERA MU ISOKO BWIGANJIE BODABODA,4782,Market stall: clothing,"Retail sale via stalls and markets of textiles, clothing and footwear"
ubucuruzi bwiganjemo ibiribwa ifu umuceri bakorera ahabugenewe,4721,Specialised food shop,Retail sale of food in specialized stores
UBUHINZI BW'IBIHNGWA BITANDUKANYE,0111,Growing cereals & legumes,"Growing of cereals (except rice), leguminous crops and oil seeds"
"ubucuruzi  bw'ubudandazi bw'akabari harimo iza brarirwa,skol ni urwagwa rwa kinyarwanda",5630,Bars & beverage serving,Beverage serving activities
UBUCURUZI BW'IBINYOBWA BY'AMOKO YOSE,5630,Bars & beverage serving,Beverage serving activities
ubudandaji bwa gaz,4773,Other specialised shop,Other retail sale of new goods in specialized stores
"UBUHINZI BWIBISHYIMBO ,IMYUMBATI,SOYA",0111,Growing cereals & legumes,"Growing of cereals (except rice), leguminous crops and oil seeds"
Ubucuruzi bwinzoga zibitoke,5630,Bars & beverage serving,Beverage serving activities
ubucuruzi budandaza ibishyimbo mu isoko,4781,Market stall: food & drinks,"Retail sale via stalls and markets of food, beverages and tobacco products"
acuruza urwagwa rw'ibitoki,5630,Bars & beverage serving,Beverage serving activities
UBUDOZI BWIMYENDA IGEZWEHO YABADAMU NA BAGABO,1410,Tailoring & clothing making,"Manufacture of wearing apparel, except fur apparel"
UBUREZI BWA PRIMAIRR,8510,Primary education,Pre-primary and primary education
UBHUINZI BW'IBIGORI,0111,Growing cereals & legumes,"Growing of cereals (except rice), leguminous crops and oil seeds"
Gucuruza ibyokurya by'amatungo,4721,Specialised food shop,Retail sale of food in specialized stores
UBUDANDAZUBUCURUZA IBINDI BIRIBWA,4721,Specialised food shop,Retail sale of food in specialized stores
kudandaza inkweto z'abagabo kuri 1msq,4771,Clothing & shoe shop,"Retail sale of clothing, footwear and leather articles in specialized stores"
Gucyuruza ibyo kunywa,5630,Bars & beverage serving,Beverage serving activities
Ubucuruzi buranguza ibinyobwa,4630,Wholesale of food & drinks,"Wholesale of food, beverages and tobacco"
"kugurisha ibirayi,kawunga,umuceri,ibikoresho by'isuku",4711,"General shop, mainly food","Retail sale in non-specialized stores with food, beverages or tobacco predominating"
ubudandazi bwibicuruzwa bitandukanye higanjemo isukali,4721,Specialised food shop,Retail sale of food in specialized stores
ubucuruzi budandaz inzoga,5630,Bars & beverage serving,Beverage serving activities
UBUCURUZI BUDANDAZA PARFUM,4711,"General shop, mainly food","Retail sale in non-specialized stores with food, beverages or tobacco predominating"
UBUHINZI BWIBISYIMBO,0111,Growing cereals & legumes,"Growing of cereals (except rice), leguminous crops and oil seeds"
KORORA INKA ZO GUTUNGA URUGO,9810,Household own-use production,Undifferentiated goods-producing activities of private households for own use
KURANGUZA INZOGA ZA BRALIRWA,4630,Wholesale of food & drinks,"Wholesale of food, beverages and tobacco"
ubucuruzi bwibiribwa badandaza,4721,Specialised food shop,Retail sale of food in specialized stores
"KUDANDAZA IBIKORESHO BY,UBWUBATSI",4752,Hardware & paint shop,"Retail sale of hardware, paints and glass in specialized stores"
"ubucuruzi budandaza bwiganjemo kawunga, isabune, intoryi,amavuta,umunyu",4719,"General shop, other goods",Other retail sale in non-specialized stores
"ubucuruzi ubuconco higanjemo ibirayi,amakara,ubunyobwa buseye,imboga,....",4711,"General shop, mainly food","Retail sale in non-specialized stores with food, beverages or tobacco predominating"
Ubucuruzi bwo kugaburira abantu icyo kurya,5610,Restaurants & food service,Restaurants and mobile food service activities
"UBUDANDAZI BWIGANJEMO IBIRIBWA ,UBUGARI,UMUCERI",4711,"General shop, mainly food","Retail sale in non-specialized stores with food, beverages or tobacco predominating"
"UBUCURUZI BW,INZOGA HIGANJEMO URWAGWA",5630,Bars & beverage serving,Beverage serving activities
UBUNZI BWO GUTUNGA URUGO,9810,Household own-use production,Undifferentiated goods-producing activities of private households for own use
ubucuruzi bwa butike yiganjemo ibiribwa,4711,"General shop, mainly food","Retail sale in non-specialized stores with food, beverages or tobacco predominating"
"Alimantation yiganjemo cornflakes,Pampers,lait france yourght",4711,"General shop, mainly food","Retail sale in non-specialized stores with food, beverages or tobacco predominating"
UBUCURUZI BWAMATA NICYAYI,5610,Restaurants & food service,Restaurants and mobile food service activities
Ubucuruzi bw'ibinyobwa bisembuye nibidasembuye,5630,Bars & beverage serving,Beverage serving activities
gusya ifu yibigori yamasaka,1061,Grain milling,Manufacture of grain mill products
"gucuruza icyayi n'amandazi, capati",5610,Restaurants & food service,Restaurants and mobile food service activities
ubucuruzi bworoheje bwiganjemo utujuis amavuta yokwisiga  inzoga,4719,"General shop, other goods",Other retail sale in non-specialized stores
UBUCURUZI BUDANDAZA IMYENDA MUMUHANDA,4799,Street & mobile vending,"Other retail sale not in stores, stalls or markets"
kugaburira abantu ibiryo bitetse(restaurant),5610,Restaurants & food service,Restaurants and mobile food service activities
kogosha imisatsi yabagabo nabagore,9602,Hairdressing & beauty,Hairdressing and other beauty treatment
umurimo kudandaza ibyo kunywa nibindi bitaribwa,4719,"General shop, other goods",Other retail sale in non-specialized stores
gufasha abaturage kubadodera imyenda,1410,Tailoring & clothing making,"Manufacture of wearing apparel, except fur apparel"
"Badandaza ibiribwa muri boutique byiganjemo imiceri,ibishyimbo",4721,Specialised food shop,Retail sale of food in specialized stores
UBUHINZI BWOROZIBUTUNGA URUGO,9810,Household own-use production,Undifferentiated goods-producing activities of private households for own use
Ubudozi bw'imyenda ya badamu,1410,Tailoring & clothing making,"Manufacture of wearing apparel, except fur apparel"
bacuruza ibiribwa,4721,Specialised food shop,Retail sale of food in specialized stores
kuranguza no gucuruza ibiribwa nibikoresho bya masuku,4630,Wholesale of food & drinks,"Wholesale of food, beverages and tobacco"
ubucuruzi budandanza bwiganjemo ibyo kurya,4711,"General shop, mainly food","Retail sale in non-specialized stores with food, beverages or tobacco predominating"
"Gubeta inyaka yiganjemo amasaka, ibigori n'imyumbati",1061,Grain milling,Manufacture of grain mill products
ubucuruzi bwa televisions na frigo,4719,"General shop, other goods",Other retail sale in non-specialized stores
UBUCURUZI BW'IBIRIBWA MURI CANTINE,5610,Restaurants & food service,Restaurants and mobile food service activities
"Ubucuruzi bw,Ubudandazi bw,inzoga za Kinyarwandab",5630,Bars & beverage serving,Beverage serving activities
UBUDANDAZI BWIBIRIBWA MURI BUTIKE,4711,"General shop, mainly food","Retail sale in non-specialized stores with food, beverages or tobacco predominating"
UBUHINZI BW'IBINYABIJUMBA,0113,Growing vegetables & tubers,"Growing of vegetables and melons, roots and tubers"
Ubucuruzi budandaza ibintu nbitandukanye higanjemo umuceri,4711,"General shop, mainly food","Retail sale in non-specialized stores with food, beverages or tobacco predominating"
UBUCURUZI BW'IMBUTO BWIGANJEMO IBINYOMORO N'INANASI,4781,Market stall: food & drinks,"Retail sale via stalls and markets of food, beverages and tobacco products"
ubucuruzi bwiganjemo ibyo kurya,4711,"General shop, mainly food","Retail sale in non-specialized stores with food, beverages or tobacco predominating"
UBUHINZI BWOROZI BWO GUTUNGO URUGO,9810,Household own-use production,Undifferentiated goods-producing activities of private households for own use
"Kudandaza imineke,avoka",4781,Market stall: food & drinks,"Retail sale via stalls and markets of food, beverages and tobacco products"
ubucuruzi bwa Alimentation yiganjemo ibyo kurya,4711,"General shop, mainly food","Retail sale in non-specialized stores with food, beverages or tobacco predominating"
gucuruza inzoga y'ibitoki,5630,Bars & beverage serving,Beverage serving activities
"Ubudandazi (bwimboga,nibirayi)",4721,Specialised food shop,Retail sale of food in specialized stores
"UBUCURUZI BW'IBIRIBWA IGITOKI,IBIRAYI,UBUGARI",4711,"General shop, mainly food","Retail sale in non-specialized stores with food, beverages or tobacco predominating"
"ubucuruzi budandaza muri butike(umuceri,amasabune ,inyanya,amakara)",4773,Other specialised shop,Other retail sale of new goods in specialized stores
igabura ry'ibinyobwa,5630,Bars & beverage serving,Beverage serving activities
KUDANDAZA HOME USTENSILS MU IDUKA,4752,Hardware & paint shop,"Retail sale of hardware, paints and glass in specialized stores"
"Kundandaza ibiribwa  bigizwe ninyanya ,intoryi amavuta yokurya muri boutique",4721,Specialised food shop,Retail sale of food in specialized stores
Badandaza Imyenda,4782,Market stall: clothing,"Retail sale via stalls and markets of textiles, clothing and footwear"
ubucuruzi  budaneaza bwiganjemo inkweto,4771,Clothing & shoe shop,"Retail sale of clothing, footwear and leather articles in specialized stores"
UBUCURUZI NUDANDAZA,5630,Bars & beverage serving,Beverage serving activities
"ubucuruzi bwi  mboga higanjemo imiteja inyanya ,intoryi",4781,Market stall: food & drinks,"Retail sale via stalls and markets of food, beverages and tobacco products"
"Ubucuruzi budandaza inzoga za kinyarwanda ,urwagwa",5630,Bars & beverage serving,Beverage serving activities
GUHINGA IBITUNGA URUGO,9810,Household own-use production,Undifferentiated goods-producing activities of private households for own use
BENGA IKIGAGE BAKAKIRANGUZA,5630,Bars & beverage serving,Beverage serving activities
ubudandaza bwiganjemo ibiribwa,4711,"General shop, mainly food","Retail sale in non-specialized stores with food, beverages or tobacco predominating"
ubucuruzi bwa butique,4719,"General shop, other goods",Other retail sale in non-specialized stores
Gucuruza inzoga za kizungu(akabari),5630,Bars & beverage serving,Beverage serving activities
ubucuruzi bwibitunguru budandaza,4781,Market stall: food & drinks,"Retail sale via stalls and markets of food, beverages and tobacco products"
UBUCURUZI BWINZOGA ZIFUNZE,4630,Wholesale of food & drinks,"Wholesale of food, beverages and tobacco"
"Gucuruza imboga (isombe) kuyisya,no kuyisekura",4711,"General shop, mainly food","Retail sale in non-specialized stores with food, beverages or tobacco predominating"
Ikaze Salon batunganya imisatsi n'inzara byabagore,9602,Hairdressing & beauty,Hairdressing and other beauty treatment
KUNDANDAZA IBICURUZWA BY'UBWUBATSI HIGANJEMO CIMENT,4752,Hardware & paint shop,"Retail sale of hardware, paints and glass in specialized stores"
UBUCURUZI BWIBIKORESHO BYAMAZI,4752,Hardware & paint shop,"Retail sale of hardware, paints and glass in specialized stores"
ubucuruzi bwimyambaro,4711,"General shop, mainly food","Retail sale in non-specialized stores with food, beverages or tobacco predominating"
GUSYA IMYAKA YA BATURAGE,1061,Grain milling,Manufacture of grain mill products
akora amandaI kd agucuruza icyayi amandazi,5610,Restaurants & food service,Restaurants and mobile food service activities
UBUCURUZI BWIGANJEMO INKWETO,4782,Market stall: clothing,"Retail sale via stalls and markets of textiles, clothing and footwear"
"Butike icuruza higanjemo(umuceri,ibishyimbo,ibirayi)",4711,"General shop, mainly food","Retail sale in non-specialized stores with food, beverages or tobacco predominating"
"Ubucuruzi budandaza ibiribwa byiganjemo ibirayi, ibitoki, akawunga, umuceri, n'ibindi",4721,Specialised food shop,Retail sale of food in specialized stores
Ubucuruzi bw'Imigati Nicyayi,4721,Specialised food shop,Retail sale of food in specialized stores
"KUDANDAZA UMUNYU,ISABUNE,ANAVUTA YO KWISIGA",4711,"General shop, mainly food","Retail sale in non-specialized stores with food, beverages or tobacco predominating"
ubucuruzi bwogupima umusururu,5630,Bars & beverage serving,Beverage serving activities
"UBUHINZI N, UBWOROZI BY, URUGO",9810,Household own-use production,Undifferentiated goods-producing activities of private households for own use
"ubudandazi bwubuconsho bwiganjemo ifu yubugari,ubunyobwa,amavuta yokurya,inyanya",4721,Specialised food shop,Retail sale of food in specialized stores
umucuruzi wa boutique yiganjemo ibinyobwa bisembuye nibidasembuye,4711,"General shop, mainly food","Retail sale in non-specialized stores with food, beverages or tobacco predominating"
UBUREZI MU MASHURI  YINSHUKE NABANZA,8510,Primary education,Pre-primary and primary education
UBUHINZI BWO GUTUNGA 'URUGO,9810,Household own-use production,Undifferentiated goods-producing activities of private households for own use
ubucuruzi bwinkweto bodaboda,4782,Market stall: clothing,"Retail sale via stalls and markets of textiles, clothing and footwear"
ubucuruzi bw'inyama zibaze(ntago ari ibagiro),4721,Specialised food shop,Retail sale of food in specialized stores
ubucuruzi buciritse bwo kudandaza muri butike,4721,Specialised food shop,Retail sale of food in specialized stores
Ubucuruzi bw'ubuconsho bwiganjemo Ibyokurya,4711,"General shop, mainly food","Retail sale in non-specialized stores with food, beverages or tobacco predominating"
gucuruz ifu y'ubunyobwa n'umunyu n'amavuta,4711,"General shop, mainly food","Retail sale in non-specialized stores with food, beverages or tobacco predominating"
Gucuruza adandaza ibinyobwa bisembuye,5630,Bars & beverage serving,Beverage serving activities
"ubucuruzi bw'ibiribwa, ibinyobwa bisembuye nibidasembuye",4711,"General shop, mainly food","Retail sale in non-specialized stores with food, beverages or tobacco predominating"
Kudandaza muri boutique higanjemo Amandazi,4711,"General shop, mainly food","Retail sale in non-specialized stores with food, beverages or tobacco predominating"
Guha abantu icyo kunywa gikomoka kumasaka/ ubushera,5630,Bars & beverage serving,Beverage serving activities
"Kogosha, no gutunganya imisatsi.",9602,Hairdressing & beauty,Hairdressing and other beauty treatment
kugabura icyayi amata,5610,Restaurants & food service,Restaurants and mobile food service activities
KUDANDAZA IMBUTO MU MUHANDA,4799,Street & mobile vending,"Other retail sale not in stores, stalls or markets"
UBUHINZI BW'IBINYAMPEKE,0111,Growing cereals & legumes,"Growing of cereals (except rice), leguminous crops and oil seeds"
ubudandazi bw'imiti y'inkweto,4782,Market stall: clothing,"Retail sale via stalls and markets of textiles, clothing and footwear"
kudandaza butike yiganjemo ibyo kurya,4721,Specialised food shop,Retail sale of food in specialized stores
kogosha abagabo n' abana no gukora imisatsi y' abagore,9602,Hairdressing & beauty,Hairdressing and other beauty treatment
Ubucuruzi bw' Inkwi na makara,4799,Street & mobile vending,"Other retail sale not in stores, stalls or markets"
CANTINE ICURUZA ICYAYI,5610,Restaurants & food service,Restaurants and mobile food service activities
UBUCURUZI BURANGUZA AMAPAPAYI MWISOKO,4630,Wholesale of food & drinks,"Wholesale of food, beverages and tobacco"
Kudandaza amasaka,4721,Specialised food shop,Retail sale of food in specialized stores
NI UBUCURUZI BUDANDAZA BWIGANJEMO IBIRIBWA,4711,"General shop, mainly food","Retail sale in non-specialized stores with food, beverages or tobacco predominating"
UBWOGOSHI BWUMUSATSI,9602,Hairdressing & beauty,Hairdressing and other beauty treatment
GUCURUZA UBUCOSHO BUKORERWA MURI KIOSKE,4719,"General shop, other goods",Other retail sale in non-specialized stores
"ibyo guteka(umuceri, kaunga, ifu y'ubugari bw'imyumbati) n' ibijyanye n'imboga( inyanya, intoryi n'imboga za dodo) muri boutique",4711,"General shop, mainly food","Retail sale in non-specialized stores with food, beverages or tobacco predominating"
UBUDANDAZI BW' IMBOGA MU ISOKO,4781,Market stall: food & drinks,"Retail sale via stalls and markets of food, beverages and tobacco products"
UBUCURUZI BUDANDAZA CYANE CYANE UMUCERI NAKAWUNGA,4721,Specialised food shop,Retail sale of food in specialized stores
uburezi bwikiciro rusange na primaire,8510,Primary education,Pre-primary and primary education
"restaurent icuruza icyayi,capati, sambusa nibishyimbo.",5610,Restaurants & food service,Restaurants and mobile food service activities
UBUCURUZI BUDANDAZA BWIBANDA KUBINDI BIRIBWA,4711,"General shop, mainly food","Retail sale in non-specialized stores with food, beverages or tobacco predominating"
Akabari ku urwagwa rwakinyarwanda,5630,Bars & beverage serving,Beverage serving activities
gutunganya umusatsi kogosha,9602,Hairdressing & beauty,Hairdressing and other beauty treatment
Kucuruza imbada,4711,"General shop, mainly food","Retail sale in non-specialized stores with food, beverages or tobacco predominating"
Gucuruza imboga n'itomate nifu yubugari,4721,Specialised food shop,Retail sale of food in specialized stores
UMUDANDAZI W' IMINEKE,4781,Market stall: food & drinks,"Retail sale via stalls and markets of food, beverages and tobacco products"
cantine idantaza icyayi,5610,Restaurants & food service,Restaurants and mobile food service activities
kudandaza imiti ivura abantu,4772,Pharmacy & cosmetics shop,"Retail sale of pharmaceutical and medical goods, cosmetic and toilet articles in specialized stores"
ubucuruzi bw'Amandazi n'imigati nibidi,5610,Restaurants & food service,Restaurants and mobile food service activities
UBUDANDAZI BW'IBIRIBWA(IMBOGA N'IMBUTO) KU MUHANDA,4799,Street & mobile vending,"Other retail sale not in stores, stalls or markets"
UBUCURUZI BWIBIRIBWA BYIGANJEMO UMUCERI NIBIRAYI,4711,"General shop, mainly food","Retail sale in non-specialized stores with food, beverages or tobacco predominating"
ubudandazi bwiganjemo Inzoga,5630,Bars & beverage serving,Beverage serving activities
UBUCURUZI BWIMYAMBARO YABANA,4771,Clothing & shoe shop,"Retail sale of clothing, footwear and leather articles in specialized stores"
UBUCURUZI BUDANDAZA HIGANJEMO UBIRIBWA,4711,"General shop, mainly food","Retail sale in non-specialized stores with food, beverages or tobacco predominating"
GUSYA IMYAKA YABATURAGE BAKAYIKURAMO IFU,1061,Grain milling,Manufacture of grain mill products
Gucuruza ibiryo ibihiye,5610,Restaurants & food service,Restaurants and mobile food service activities
boutique yiganjemo ibicuruzwa ( ubunyobwa),4711,"General shop, mainly food","Retail sale in non-specialized stores with food, beverages or tobacco predominating"
UBUCURUZI BUDANDAZA URWAGWA,5630,Bars & beverage serving,Beverage serving activities
GUTEKA AMASAMBUSA NIBIDIYA,5610,Restaurants & food service,Restaurants and mobile food service activities
"UBUCURUZI BUDANDAZA, IFU YIMYUMBATI, UMUCERI",4721,Specialised food shop,Retail sale of food in specialized stores
Imirimo yerekeranye no kugabura muri restaurent,5610,Restaurants & food service,Restaurants and mobile food service activities
umurimo wogucuruza ibiribwa higanjemo amandazi,5610,Restaurants & food service,Restaurants and mobile food service activities
botique idandaza imyenda ya bana bato,4711,"General shop, mainly food","Retail sale in non-specialized stores with food, beverages or tobacco predominating"
Kuranguza Umusaruro womubuhinzi,4630,Wholesale of food & drinks,"Wholesale of food, beverages and tobacco"
acuruza icyayi nibyo kugifatisha,5610,Restaurants & food service,Restaurants and mobile food service activities
UDANDAZA IMYENDA MWISOKO,4782,Market stall: clothing,"Retail sale via stalls and markets of textiles, clothing and footwear"
UBUHINZI BWOROZI BW'IBITUNGA URUGO,9810,Household own-use production,Undifferentiated goods-producing activities of private households for own use
boutique yubuconsho yiganjemo amafu  nibiribwa,4711,"General shop, mainly food","Retail sale in non-specialized stores with food, beverages or tobacco predominating"
UBUCURUZI BWIGANJEMO IBINYOBWA BIDASEMBUYE,5610,Restaurants & food service,Restaurants and mobile food service activities
"ubucuruzi bwinkweto,amavuta,amasafuriya",4719,"General shop, other goods",Other retail sale in non-specialized stores
"Guha abantu ibyo kurya no kunywa amandasi ,icyayi",5610,Restaurants & food service,Restaurants and mobile food service activities
GUHINGA EPINARI,0113,Growing vegetables & tubers,"Growing of vegetables and melons, roots and tubers"
ubudoda bw' imyenda mishya,1410,Tailoring & clothing making,"Manufacture of wearing apparel, except fur apparel"
KOGOSHA ABAGABO,9602,Hairdressing & beauty,Hairdressing and other beauty treatment
ubucuruzi bwa CEMENT,4719,"General shop, other goods",Other retail sale in non-specialized stores
UBUHINZI BW'IBIGOLI N'IMBOGA,0111,Growing cereals & legumes,"Growing of cereals (except rice), leguminous crops and oil seeds"
UBUCUEUZI BUDANDAZA BWIGANJEMO IBIRIBWA,4711,"General shop, mainly food","Retail sale in non-specialized stores with food, beverages or tobacco predominating"
"ubucuruzi bwiganjemo biswi, bombo,amavuva yo kwisiga",4719,"General shop, other goods",Other retail sale in non-specialized stores
akabari gacuruza ibinyobwa bisembuye nibidasembuye,5630,Bars & beverage serving,Beverage serving activities
Veterinaire,4772,Pharmacy & cosmetics shop,"Retail sale of pharmaceutical and medical goods, cosmetic and toilet articles in specialized stores"
UBUCURUZI BUDANDAZA IBINTU BITANDUKANYE CYANE CYANE IBIRIBWA NK' UMUCERI AKAWUNGA N' IMYAMBARO,4719,"General shop, other goods",Other retail sale in non-specialized stores
aranguza inzoga zikozwe mu bitoki,4630,Wholesale of food & drinks,"Wholesale of food, beverages and tobacco"
kogosha imisatsi yabantu,9602,Hairdressing & beauty,Hairdressing and other beauty treatment
UBUHINZI N' UBWOROZI BYO GUTUNGA URUGO,9810,Household own-use production,Undifferentiated goods-producing activities of private households for own use
UCURUZI BUDANDAZA BWIGANJEMO IBIRIBWA,4711,"General shop, mainly food","Retail sale in non-specialized stores with food, beverages or tobacco predominating"
BADANDAZA IBITOKI MW'ISOKO,4781,Market stall: food & drinks,"Retail sale via stalls and markets of food, beverages and tobacco products"
kudoda imyenda kumashini munzu,1410,Tailoring & clothing making,"Manufacture of wearing apparel, except fur apparel"
"Ubucuruzi bw'amashuka,",4711,"General shop, mainly food","Retail sale in non-specialized stores with food, beverages or tobacco predominating"
Boutique icuruza amafu amasabune nibindi,4721,Specialised food shop,Retail sale of food in specialized stores
serivise zo kogosha,9602,Hairdressing & beauty,Hairdressing and other beauty treatment
ubudozi (couture),1410,Tailoring & clothing making,"Manufacture of wearing apparel, except fur apparel"
Ubucuruzi budandaza inkweto z'abagore,4771,Clothing & shoe shop,"Retail sale of clothing, footwear and leather articles in specialized stores"
bacuruzaga ibiribwa byiganjemo brochette nibinyobwa bya bralirwa,5630,Bars & beverage serving,Beverage serving activities
"gucuruza ibyokunwa( ubushera, imimera",5630,Bars & beverage serving,Beverage serving activities
ubucuruzi budandaza amafu atandukanye,4721,Specialised food shop,Retail sale of food in specialized stores
umukozi ucuruza amafunguro (restaurent),5610,Restaurants & food service,Restaurants and mobile food service activities
Kudanda higanjemo ibiribwa,4711,"General shop, mainly food","Retail sale in non-specialized stores with food, beverages or tobacco predominating"
gucuruzaisabune amavuta higangemo amavuta yo guteka,4711,"General shop, mainly food","Retail sale in non-specialized stores with food, beverages or tobacco predominating"
Ubucuruzi buranguza bukanadandaza  ibintu bitandukanye byiganjemo ibiribwa,4781,Market stall: food & drinks,"Retail sale via stalls and markets of food, beverages and tobacco products"
kudoda imyenda yiganjemo amakostem amapantaro amashati,1410,Tailoring & clothing making,"Manufacture of wearing apparel, except fur apparel"
UBUCURUZI BWIMYENDA MWISOKO,4782,Market stall: clothing,"Retail sale via stalls and markets of textiles, clothing and footwear"
bacuruza ibintu bitandukanye harimo umuceri n'akawunga,4711,"General shop, mainly food","Retail sale in non-specialized stores with food, beverages or tobacco predominating"
ubucuruzi bw'uduconsho higanjemo amakaramu na biscuits,4773,Other specialised shop,Other retail sale of new goods in specialized stores
UBUHINZI N'UBWOROZI BUGAMIJE KUBATUNGA,9810,Household own-use production,Undifferentiated goods-producing activities of private households for own use
UBUHINZI BW'IBIHINGWA BITADUKANYE,0111,Growing cereals & legumes,"Growing of cereals (except rice), leguminous crops and oil seeds"
"GUCURUZA IFU Y'IMYUMBATI,UMUCERI,KAWUNGA,AMANDAZI,UBUNYOBWA",4711,"General shop, mainly food","Retail sale in non-specialized stores with food, beverages or tobacco predominating"
BACURUZA BADANDAZA INKWETO MU ISOKO,4782,Market stall: clothing,"Retail sale via stalls and markets of textiles, clothing and footwear"
Iduka ricuruza ibinyobwa n'ibiribwa,4721,Specialised food shop,Retail sale of food in specialized stores
Gupima  inzoga cyanecyane mitzing,5630,Bars & beverage serving,Beverage serving activities
gukora amafu mubikomoka kubuhinzi,1061,Grain milling,Manufacture of grain mill products
"kudandaza higanjemo amandazi,umunyu",4773,Other specialised shop,Other retail sale of new goods in specialized stores
Kuranguza ( ikinyobwa cya meraneza),4630,Wholesale of food & drinks,"Wholesale of food, beverages and tobacco"
Ubudandaza bw'ibyo kunywa higanhemo Urwagwa,5630,Bars & beverage serving,Beverage serving activities
ubudizi bwimyenda,1410,Tailoring & clothing making,"Manufacture of wearing apparel, except fur apparel"
UBUHINZI BW'IBUSHYIMBO,0111,Growing cereals & legumes,"Growing of cereals (except rice), leguminous crops and oil seeds"
ubudandazi bw'ibirayi,4781,Market stall: food & drinks,"Retail sale via stalls and markets of food, beverages and tobacco products"
Kudanfaza ibintu bitandukanye higanjemo(umunyu wokurya ;amasabune),4719,"General shop, other goods",Other retail sale in non-specialized stores
"ubucuruzi bw,amasaka y,amamera",4721,Specialised food shop,Retail sale of food in specialized stores
KUDANDAZA IBICURUZWA BYIGANJEMO IBIRIBWA,4711,"General shop, mainly food","Retail sale in non-specialized stores with food, beverages or tobacco predominating"
UBUCURUZI BUDANDANZA IBYO KURYA,4721,Specialised food shop,Retail sale of food in specialized stores
UBUREZI MUMASHURI YINCHUKE,8510,Primary education,Pre-primary and primary education
KUBAGA INKA NO GUCURUZA INYAMA,4721,Specialised food shop,Retail sale of food in specialized stores
"UBUCURUZI BUDANDAZA HIGANJEMO IBIRIBWA ARIBYO UBUGARI,AKAWUNGA,IBIRAYI",4721,Specialised food shop,Retail sale of food in specialized stores
gucuruza ibiribwa nibinyobwa,4711,"General shop, mainly food","Retail sale in non-specialized stores with food, beverages or tobacco predominating"
kogosha abagabo nabagore,9602,Hairdressing & beauty,Hairdressing and other beauty treatment
"ubucuruzi bw,inzoga zihiye urwagwa",5630,Bars & beverage serving,Beverage serving activities
UBUCURUZI BWIGANJEMO IBIRIBWA BUKORERWA MURI BUTIKE,4711,"General shop, mainly food","Retail sale in non-specialized stores with food, beverages or tobacco predominating"
udukoresho twamashanyarazi,4752,Hardware & paint shop,"Retail sale of hardware, paints and glass in specialized stores"
UBUHUNZI BW'AMASAKA,0111,Growing cereals & legumes,"Growing of cereals (except rice), leguminous crops and oil seeds"
akabari k'imisururu,5630,Bars & beverage serving,Beverage serving activities
"ubucuruzi bwa butic idandaza bwiganjemo ibinyobwa, inzoga, fanta,malta",5630,Bars & beverage serving,Beverage serving activities
Kudandaza ibintu bitandukanye mu iduka,4719,"General shop, other goods",Other retail sale in non-specialized stores
"UHUCURUZI BWIMBOGA,IBIBIRINGANYA,INYANYA,KAROTI",4781,Market stall: food & drinks,"Retail sale via stalls and markets of food, beverages and tobacco products"
Kugaburira abantu icyayi n'amandazi,5610,Restaurants & food service,Restaurants and mobile food service activities
"Ubucuruzi bw,imyenda n,ibyombo",4771,Clothing & shoe shop,"Retail sale of clothing, footwear and leather articles in specialized stores"
"Bacuruza amata,indazi,imigati",5610,Restaurants & food service,Restaurants and mobile food service activities
Gutunganya imisatsi ariko barogosha gusa,9602,Hairdressing & beauty,Hairdressing and other beauty treatment
UBUHINZI BW'IBISHYIMBO MU RUGO RW'UMUNTU,0111,Growing cereals & legumes,"Growing of cereals (except rice), leguminous crops and oil seeds"
Kucuruza inzoga kuri Detail,5630,Bars & beverage serving,Beverage serving activities
Ubucuruzi budandaza ibirayi mu isoko,4781,Market stall: food & drinks,"Retail sale via stalls and markets of food, beverages and tobacco products"
Pharmacy y'imiti y'amatungo,4772,Pharmacy & cosmetics shop,"Retail sale of pharmaceutical and medical goods, cosmetic and toilet articles in specialized stores"
"Umudozi ukora Imyenda, ibikapu, mu bitenge",1410,Tailoring & clothing making,"Manufacture of wearing apparel, except fur apparel"
ubucurizi budandaza bwiganjemo ibiribwa,4711,"General shop, mainly food","Retail sale in non-specialized stores with food, beverages or tobacco predominating"
"ubucuruzi budandaza biscuits,amandazi",4721,Specialised food shop,Retail sale of food in specialized stores
kudandaza ibiribwa bitandukanye muri boutique umuceri,4721,Specialised food shop,Retail sale of food in specialized stores
UBUCURUZI BWINZOGA BWIGANJEMO URWGWA,5630,Bars & beverage serving,Beverage serving activities
"KWAKIRA ABANTU ABAGABURIRA  IBINYOBWA BYIGANJEMO INZOGA ZA BRARIRWA  NA SKOL URWUNGE ,MUBASHA  NIZINDI",5630,Bars & beverage serving,Beverage serving activities
akabari k' inzoga zipfundikiye,5630,Bars & beverage serving,Beverage serving activities
Ubucuruzi budandaza ibinyobwa  bya gasururu,5630,Bars & beverage serving,Beverage serving activities
Kudandaza  ubuconco bwiganjemo ibiribwa muri boutique,4711,"General shop, mainly food","Retail sale in non-specialized stores with food, beverages or tobacco predominating"
ABAZUNGUZAYI B'IMBUTO MUKABASE,4799,Street & mobile vending,"Other retail sale not in stores, stalls or markets"
Gucuruza akabari kiganjemo ibyo kumywa bisembuye hamwe ni ibidasembuye bikeya.,5630,Bars & beverage serving,Beverage serving activities
Kwakira abantu mubirori by'ubukwe,4781,Market stall: food & drinks,"Retail sale via stalls and markets of food, beverages and tobacco products"
umurimo w'ingenzi ubundozi bw'imyenda,1410,Tailoring & clothing making,"Manufacture of wearing apparel, except fur apparel"
Uburezi Bw'amashuri Inshuke Namashuri  Abanza,8510,Primary education,Pre-primary and primary education
gusya ibigori amasaka nibindi,1061,Grain milling,Manufacture of grain mill products
kugabura ibiribwa(icyayi n'amandazi),5610,Restaurants & food service,Restaurants and mobile food service activities
ubudandazi bw'ibiryo n'ibinyobwa(imigati+amata na jus),5610,Restaurants & food service,Restaurants and mobile food service activities
atelier de couture,1410,Tailoring & clothing making,"Manufacture of wearing apparel, except fur apparel"
kotsa inyama,5630,Bars & beverage serving,Beverage serving activities
UBDANDAZI BWIGANJEMO IBIRIBWA MURI BOUTIQUE,4711,"General shop, mainly food","Retail sale in non-specialized stores with food, beverages or tobacco predominating"
kudandaza ibinyobwa nibyo kurya,5630,Bars & beverage serving,Beverage serving activities
"ubucuruzi , amavuta, isabune, umunyu, namafu ubugari, bigori",4711,"General shop, mainly food","Retail sale in non-specialized stores with food, beverages or tobacco predominating"
UBUCURUZI BW'IMBOGA NI MBUTO,4781,Market stall: food & drinks,"Retail sale via stalls and markets of food, beverages and tobacco products"
Ubucuruzi bw'ikigage bworoheje budashobora kurenza litiro 20 kumunsi,5630,Bars & beverage serving,Beverage serving activities
batunganya imisatsi yabagore nabagabo,9602,Hairdressing & beauty,Hairdressing and other beauty treatment
"KOGOSHA,KUSUKA ABANTU",9602,Hairdressing & beauty,Hairdressing and other beauty treatment
Gupima urugwa rw'ibitoke hamwe no gucuruza inzoga zimfundikiye za Bralirwa na Skol,5630,Bars & beverage serving,Beverage serving activities
Ubuvuzi bwigenga,4772,Pharmacy & cosmetics shop,"Retail sale of pharmaceutical and medical goods, cosmetic and toilet articles in specialized stores"
ubucuruzi budandaza imboga ziganjemo inyanya nibitunguru,4781,Market stall: food & drinks,"Retail sale via stalls and markets of food, beverages and tobacco products"
ubucuruzi budandaza ibinyobwa higanjemo urwagwa,5630,Bars & beverage serving,Beverage serving activities
Ubuhinzi bw' ibigoli nibishyimbo,0111,Growing cereals & legumes,"Growing of cereals (except rice), leguminous crops and oil seeds"
"gucuruza amasakoshi,telemosi,amavuta yo kwisiga nibindi",4719,"General shop, other goods",Other retail sale in non-specialized stores
ubucuruzi bw'inzoga,5630,Bars & beverage serving,Beverage serving activities
Ubucuruzi Kawunga Umuceri amandazi,4721,Specialised food shop,Retail sale of food in specialized stores
"ubudandazi bw'amata,amandazi,icyayi.......",5610,Restaurants & food service,Restaurants and mobile food service activities
Gucuruza imiti,4772,Pharmacy & cosmetics shop,"Retail sale of pharmaceutical and medical goods, cosmetic and toilet articles in specialized stores"
"ubucuruzi bw'ibinyobwa nibyo kurya , n'amacumbi( bar, restourant and lodges)",5610,Restaurants & food service,Restaurants and mobile food service activities
Ubicuruzi bwibiribwa,4721,Specialised food shop,Retail sale of food in specialized stores
"gucuru,amavuta yoguteka,kawunga,umceri",4781,Market stall: food & drinks,"Retail sale via stalls and markets of food, beverages and tobacco products"
ABAHINZI B'IBIGORI,0111,Growing cereals & legumes,"Growing of cereals (except rice), leguminous crops and oil seeds"
ubucuruzi bwimashini iswa ibinyampeke,1061,Grain milling,Manufacture of grain mill products
Ubucuruzi bw'ibiribwa cyane Imineke n'amandazi,4721,Specialised food shop,Retail sale of food in specialized stores
kugabura ibyokurya higanjemo amandazi namata,5610,Restaurants & food service,Restaurants and mobile food service activities
Kugaburira abantu icyayi namandazi,5610,Restaurants & food service,Restaurants and mobile food service activities
ubucuruzi bw'akabari gapima ubushera,5630,Bars & beverage serving,Beverage serving activities
UBUCURUZI BW'alimantation,4711,"General shop, mainly food","Retail sale in non-specialized stores with food, beverages or tobacco predominating"
kwakira amata akayagemura,4630,Wholesale of food & drinks,"Wholesale of food, beverages and tobacco"
Basuka imisatsi,9602,Hairdressing & beauty,Hairdressing and other beauty treatment
gupima,5630,Bars & beverage serving,Beverage serving activities
Ubudandaza  bw'imyaka (ibinyampeke n' ibinyabisogwe),4721,Specialised food shop,Retail sale of food in specialized stores
UBUHINZI BW' IBIHINGWA BINYURANYE,0111,Growing cereals & legumes,"Growing of cereals (except rice), leguminous crops and oil seeds"
ubudandazi bw'ibicuruzwa  harimo ninzoga  higanjemo ifu yo kurya,4711,"General shop, mainly food","Retail sale in non-specialized stores with food, beverages or tobacco predominating"
gutsya ibinyampeke higanjemo amasaka,1061,Grain milling,Manufacture of grain mill products
"kudadaza imboga,imbuto zirimo amatunda",4721,Specialised food shop,Retail sale of food in specialized stores
URUGANDA RUSYA IBINYAMPEKE HIGANJEMO KUDANDAZA AMAFU YABYO,1061,Grain milling,Manufacture of grain mill products
"ubucuruzi budandaza,umuceri,kawunga,ibishyimbo,isukari",4721,Specialised food shop,Retail sale of food in specialized stores
KU DANDAZA IBIRIBWA MWISOKO,4781,Market stall: food & drinks,"Retail sale via stalls and markets of food, beverages and tobacco products"
Uburezi mu amashuli abanza,8510,Primary education,Pre-primary and primary education
Depot nto iranguza ibirayi gusa,4630,Wholesale of food & drinks,"Wholesale of food, beverages and tobacco"
umurimo wingenzi ikigo gicuruza imyenda yamashuka,4771,Clothing & shoe shop,"Retail sale of clothing, footwear and leather articles in specialized stores"
UBUDANDAZI BWINKWETO MU ISOKO,4782,Market stall: clothing,"Retail sale via stalls and markets of textiles, clothing and footwear"
GUTANGA IBYO KURYA N'IBINYOBWA MURI CANTINE,5610,Restaurants & food service,Restaurants and mobile food service activities
ubucuruzi bw'icyayi n'imigati,5610,Restaurants & food service,Restaurants and mobile food service activities
Gucuruza no kugaburira abantu,5610,Restaurants & food service,Restaurants and mobile food service activities
"ubucuruzi, bwa Sima, Imisumari, Amabati",4752,Hardware & paint shop,"Retail sale of hardware, paints and glass in specialized stores"
Ubucuruzi  bw'ibiribwa bitandukanye byiganjemo imigati,4711,"General shop, mainly food","Retail sale in non-specialized stores with food, beverages or tobacco predominating"
Gucuruza isukari inkweto isabune,4719,"General shop, other goods",Other retail sale in non-specialized stores
"kudandaza isabune,imyunyu,n'amavuta yo kurya",4721,Specialised food shop,Retail sale of food in specialized stores
Ubucururuzi budandaza bwiganje ibiribwa,4711,"General shop, mainly food","Retail sale in non-specialized stores with food, beverages or tobacco predominating"
"UMURIMO WO GUSYA AMAFU Y,IBINYAMPEKE BYIGANJEMO IBIGORI",1061,Grain milling,Manufacture of grain mill products
ubucuruzi bw' amabati,4752,Hardware & paint shop,"Retail sale of hardware, paints and glass in specialized stores"
ubucuruzi bwa boutique buranguza,4630,Wholesale of food & drinks,"Wholesale of food, beverages and tobacco"
UBUDANDAZI BW' IMBOGA RWATSI,4781,Market stall: food & drinks,"Retail sale via stalls and markets of food, beverages and tobacco products"
gutanga inyama zo kurya,5610,Restaurants & food service,Restaurants and mobile food service activities
Ubucuruzi budandazi bwibanda kubirayi,4711,"General shop, mainly food","Retail sale in non-specialized stores with food, beverages or tobacco predominating"
"boutique icuruza uduconsho ,isabune,clogate,amzi,jus",4719,"General shop, other goods",Other retail sale in non-specialized stores
UBUREZI MU MARERERO,8510,Primary education,Pre-primary and primary education
alimantation yiganjemo ibyokurya,4711,"General shop, mainly food","Retail sale in non-specialized stores with food, beverages or tobacco predominating"
"Ubucuruzi budandaza bwiganjemo,amandazi,icyayi,imineke",5610,Restaurants & food service,Restaurants and mobile food service activities
ubudandazi bw'ibiribwa n'ibinyobwa muri butike,4721,Specialised food shop,Retail sale of food in specialized stores
"gusya amasaka,ibigor..",1061,Grain milling,Manufacture of grain mill products
ubucuruzi bw' ubuconco bwiganjemo ibinyobwa,4711,"General shop, mainly food","Retail sale in non-specialized stores with food, beverages or tobacco predominating"
"ubucuruzi budandaza omo,umunyu,ubunyobwa",4773,Other specialised shop,Other retail sale of new goods in specialized stores
ubucuruzi bwibitambaro byo kudodamo imyenda no kuyidoda muri Atelier,4711,"General shop, mainly food","Retail sale in non-specialized stores with food, beverages or tobacco predominating"
"boutique icuruza amavuta yo kwisiga,amasafuriya,inkweto z'abagore",4772,Pharmacy & cosmetics shop,"Retail sale of pharmaceutical and medical goods, cosmetic and toilet articles in specialized stores"
UBUHINZIBWIBISHYIMBO,0111,Growing cereals & legumes,"Growing of cereals (except rice), leguminous crops and oil seeds"
kudandaza ibiribwa nibinyobwa muri Cantine,5610,Restaurants & food service,Restaurants and mobile food service activities
UMUFASHA MUBUHINZI BWOROZI BW'URUGO,9810,Household own-use production,Undifferentiated goods-producing activities of private households for own use
ubucuruzi budandaza ibintu bitandukanye higanjemo ibiribwa,4711,"General shop, mainly food","Retail sale in non-specialized stores with food, beverages or tobacco predominating"
kudandaza imbaho za deche mu gakiriro,4711,"General shop, mainly food","Retail sale in non-specialized stores with food, beverages or tobacco predominating"
ubucuruzi budandaza bukanatunganya ama biju ya or naya argent,4773,Other specialised shop,Other retail sale of new goods in specialized stores
ubuconco Bwiganjemo ibirwa,4773,Other specialised shop,Other retail sale of new goods in specialized stores
"ubudandazi b' amavuta, amakaroni, isukari",4781,Market stall: food & drinks,"Retail sale via stalls and markets of food, beverages and tobacco products"
gutanga ibinyobwa mu kabari,5630,Bars & beverage serving,Beverage serving activities
Ubucuruzi budandaza inkweto zamagaze,4782,Market stall: clothing,"Retail sale via stalls and markets of textiles, clothing and footwear"
UBUHUNZI BW'IBIGORI,0111,Growing cereals & legumes,"Growing of cereals (except rice), leguminous crops and oil seeds"
ubudozi bwi imyenda,1410,Tailoring & clothing making,"Manufacture of wearing apparel, except fur apparel"
"Badandaza ibirayi,ibitunguru,igitoki",4721,Specialised food shop,Retail sale of food in specialized stores
ubucuruzi budandaza imineke muri butike,4721,Specialised food shop,Retail sale of food in specialized stores
UBUCURUZI BURANGUZA IBIRIBWA MW ISOKO,4630,Wholesale of food & drinks,"Wholesale of food, beverages and tobacco"
BAKIRA ABANTU BABAHA  AMANDAZI N'ICYAYI,5610,Restaurants & food service,Restaurants and mobile food service activities
Inzoga zubwoko bwose,5630,Bars & beverage serving,Beverage serving activities
stand idandaza amakara,4799,Street & mobile vending,"Other retail sale not in stores, stalls or markets"
quaincailleur,4752,Hardware & paint shop,"Retail sale of hardware, paints and glass in specialized stores"
kudandaza ubuconco higanjemo ibiribwa,4711,"General shop, mainly food","Retail sale in non-specialized stores with food, beverages or tobacco predominating"
KUDANDAZA IBIKORESHO BISUKURA IMISARANI,4773,Other specialised shop,Other retail sale of new goods in specialized stores
"gucuruza budandaza higanjemo ibinyobwa,umuceri",4711,"General shop, mainly food","Retail sale in non-specialized stores with food, beverages or tobacco predominating"
Ubucuruzi budandaza ibintu byinshi bwiganjemo ibiribwa muri butike,4711,"General shop, mainly food","Retail sale in non-specialized stores with food, beverages or tobacco predominating"
Badandaza Imyenda y'abadamu itandukanye,4771,Clothing & shoe shop,"Retail sale of clothing, footwear and leather articles in specialized stores"
Ni icyuma gitunganya amafu y'ibigori imyumbati,1061,Grain milling,Manufacture of grain mill products
ubucuruzi budandaza bwiganjemo ibinyobwa bisembuye,4711,"General shop, mainly food","Retail sale in non-specialized stores with food, beverages or tobacco predominating"
"UBUHINZI BW, IMYUMBATI",0113,Growing vegetables & tubers,"Growing of vegetables and melons, roots and tubers"
kudandaza inyongera musaruro,4773,Other specialised shop,Other retail sale of new goods in specialized stores
saloon  yogosha abantu,9602,Hairdressing & beauty,Hairdressing and other beauty treatment
gucuruza inzoga (urwagwa na bralirwa),5630,Bars & beverage serving,Beverage serving activities
"Bagurisha icyayi,amandazi,capati n' ibiryo bitetse",5610,Restaurants & food service,Restaurants and mobile food service activities
UBUCURUZIBW'IBIRIBWAN'IBINYOBWABISEMBUYE,4711,"General shop, mainly food","Retail sale in non-specialized stores with food, beverages or tobacco predominating"
gutanga imiti,4772,Pharmacy & cosmetics shop,"Retail sale of pharmaceutical and medical goods, cosmetic and toilet articles in specialized stores"
Kudandaza ibiribwa cyane imboga,4721,Specialised food shop,Retail sale of food in specialized stores
Kudandaza boutique higanjemo Umwunyu,4711,"General shop, mainly food","Retail sale in non-specialized stores with food, beverages or tobacco predominating"
"Ubucuruzi bwiganjemo biscuits, juice,amavuta,umuceri",4711,"General shop, mainly food","Retail sale in non-specialized stores with food, beverages or tobacco predominating"
ubucuruzi bwiribwa nibyo kunkwa,4711,"General shop, mainly food","Retail sale in non-specialized stores with food, beverages or tobacco predominating"
restaurant icuruza ibiryo n icyokezo,5610,Restaurants & food service,Restaurants and mobile food service activities
Duha abantu ibyo ku nywa,5610,Restaurants & food service,Restaurants and mobile food service activities
Ubucuruzi budandaza ibirayi ninyanya,4711,"General shop, mainly food","Retail sale in non-specialized stores with food, beverages or tobacco predominating"
"Ubudandazi bw'isabune biswi ,ubuto bodaboda",4719,"General shop, other goods",Other retail sale in non-specialized stores
KUDASNDAZA IBIRIBWA HIGANJEMO AMAFU,4721,Specialised food shop,Retail sale of food in specialized stores
Ubucuruzi b'ubuconsho bwiganjemo ibinyobwa,4711,"General shop, mainly food","Retail sale in non-specialized stores with food, beverages or tobacco predominating"
"adandaza ibijyanye ni bikoresho byo murugo harimo  by, isuku  isabune, amavuta, umunyu, amavuta yo guteka, ibibiriti. ark nutuntu twaho duke.",4719,"General shop, other goods",Other retail sale in non-specialized stores
UBUDANDAZI BW'IMBUTO MU MIHANDA,4799,Street & mobile vending,"Other retail sale not in stores, stalls or markets"
"kudandaza higanjemo ibiribwa( kawunga, umuceri)",4711,"General shop, mainly food","Retail sale in non-specialized stores with food, beverages or tobacco predominating"
"ubudandazi bwa boutique bwiganjemo ibyo kurya nkumuceri,ibirayi,amavuta",4711,"General shop, mainly food","Retail sale in non-specialized stores with food, beverages or tobacco predominating"
ubucuruzi bw'inzoga za bralirwa n'urwagwa,5630,Bars & beverage serving,Beverage serving activities
ubucutuzi bwiganjemo ibyokurya ni binyobwa,4711,"General shop, mainly food","Retail sale in non-specialized stores with food, beverages or tobacco predominating"
Baranguza bakanacuruza ibintu bitandukanye byiganjemo ibikoresho by'ubwubatsi,4752,Hardware & paint shop,"Retail sale of hardware, paints and glass in specialized stores"
Kudandaza ibinyobwa bidasembuye nibindi,5630,Bars & beverage serving,Beverage serving activities
Kudandaza higanjemo amavuta yokwisiga,4772,Pharmacy & cosmetics shop,"Retail sale of pharmaceutical and medical goods, cosmetic and toilet articles in specialized stores"
"Ubudandazi bwa cosmetics (amavuta,parfums,etc.)",4772,Pharmacy & cosmetics shop,"Retail sale of pharmaceutical and medical goods, cosmetic and toilet articles in specialized stores"
ubudaza bwibiribwa harimo amajuice amiceri,4721,Specialised food shop,Retail sale of food in specialized stores
Kundandaza inyongera musaruro kubuhinzi n'ubworozi muri AGRO-VET,4772,Pharmacy & cosmetics shop,"Retail sale of pharmaceutical and medical goods, cosmetic and toilet articles in specialized stores"
ubucuruzi budandaza papier hygienique,4773,Other specialised shop,Other retail sale of new goods in specialized stores
KUDANDAZA UBUCONSHO N'IBIRIBWA,4711,"General shop, mainly food","Retail sale in non-specialized stores with food, beverages or tobacco predominating"
"kudoda ibiraka ,ibitenge bishya,no gucuruza ibitenge ariko biciriritse",1410,Tailoring & clothing making,"Manufacture of wearing apparel, except fur apparel"
kudoda imyenda y'abagabo niy'abagore,1410,Tailoring & clothing making,"Manufacture of wearing apparel, except fur apparel"
gucuruza ibinyobwa hinganjemo urwagwa,5630,Bars & beverage serving,Beverage serving activities
UBUCURUZI BUDANDAZA BWIGANJEMO KAWUNGA N'UMUCERI,4781,Market stall: food & drinks,"Retail sale via stalls and markets of food, beverages and tobacco products"
"Ubucuruzi bw'ibiribwa(umuceri,akawunga,isukari)kadi baradandaza",4721,Specialised food shop,Retail sale of food in specialized stores
"gucuruza(umucer?,isukari,umunyu,akawunga,fanta,ifu yigikoma,amavuta yo kurya,amagi mabisi)",4711,"General shop, mainly food","Retail sale in non-specialized stores with food, beverages or tobacco predominating"
UBUDANDAZI BWIBIRIBWA  NUBUCONCO BUKOREWE MURI BUTIKE,4711,"General shop, mainly food","Retail sale in non-specialized stores with food, beverages or tobacco predominating"
"boutique icuruza uduconsho,amazi,fanta  gusa",4719,"General shop, other goods",Other retail sale in non-specialized stores
ubucuruzi bwibinyobwa bikozwe mubitoki muri bar,5630,Bars & beverage serving,Beverage serving activities
gutanga ibyo kunywa bifunze,5630,Bars & beverage serving,Beverage serving activities
Acuruza umusururu,5630,Bars & beverage serving,Beverage serving activities
ubucuruzi budandaza ahantu habugenewe bwiganjemo ibinyampeke,4721,Specialised food shop,Retail sale of food in specialized stores
ubucuruzi bwurwagwa,5630,Bars & beverage serving,Beverage serving activities
"ubucuruzi buciriritse(ubuconco)bwiganjemo kawunga,umuceri,numunyu",4711,"General shop, mainly food","Retail sale in non-specialized stores with food, beverages or tobacco predominating"
Ubucuruzi budandaza bwiganjemo bwiganje ibiribwa,4711,"General shop, mainly food","Retail sale in non-specialized stores with food, beverages or tobacco predominating"
BOUTIQUE YIGANJEMO IBIRIBWA NAMATELAS NIBIKORESHO BYISUKU,4719,"General shop, other goods",Other retail sale in non-specialized stores
ubucuruzi bwa butike buvanze,4711,"General shop, mainly food","Retail sale in non-specialized stores with food, beverages or tobacco predominating"
"gucuruza ibirayi,ibitoki,amavuta, ifu",4721,Specialised food shop,Retail sale of food in specialized stores
kwigisha abanyeshurimumashuri abanza,8510,Primary education,Pre-primary and primary education
"gucuruza,ibirayi, ifu, ibitoki, amasabune",4711,"General shop, mainly food","Retail sale in non-specialized stores with food, beverages or tobacco predominating"
"ubudandazi bwiganjemo ibitoki,ibirayi,inyanya,umuceri",4721,Specialised food shop,Retail sale of food in specialized stores
"ni icyuma gitunganya amafu ibigori,imyumbati",1061,Grain milling,Manufacture of grain mill products
UBUCURUZI BWA BUTIKE BUDANDAZA HIGANJEMO IBIRIBWA.,4711,"General shop, mainly food","Retail sale in non-specialized stores with food, beverages or tobacco predominating"
ubucuruzi budandaza ibikoresho bitandukanye,4719,"General shop, other goods",Other retail sale in non-specialized stores
bacuruza ibikoresho by' umuriro amampure n' imashini,4752,Hardware & paint shop,"Retail sale of hardware, paints and glass in specialized stores"
UBUHINZI BWOROZI BW'IBYO GUTUNGA URUGO,9810,Household own-use production,Undifferentiated goods-producing activities of private households for own use
ubucuruzi bw ibiribwa ( ibirayi ibitoki inyanya ),4721,Specialised food shop,Retail sale of food in specialized stores
Kudundaza ibintu bitandukanye mu iduka higanjemo isabune,4773,Other specialised shop,Other retail sale of new goods in specialized stores
ubucuruzi bwiganjemo ibyo kurya hamwe namakara,4711,"General shop, mainly food","Retail sale in non-specialized stores with food, beverages or tobacco predominating"
"gusya ibigori n'amasaka, ingano",1061,Grain milling,Manufacture of grain mill products
ubudozi busanzwe bwimyenda mishya,1410,Tailoring & clothing making,"Manufacture of wearing apparel, except fur apparel"
kudandaza ibikoresho bitagatifu,4711,"General shop, mainly food","Retail sale in non-specialized stores with food, beverages or tobacco predominating"
UBUCURUZI BW'INZOGA BITA GISAGARA,5630,Bars & beverage serving,Beverage serving activities
"guseriwa icyayi ,amata,imigati",5630,Bars & beverage serving,Beverage serving activities
ubudandazi bw'iganjemo ibiribwa,4711,"General shop, mainly food","Retail sale in non-specialized stores with food, beverages or tobacco predominating"
Gucuruza ibiribwa adandaza,4721,Specialised food shop,Retail sale of food in specialized stores
"boutique icuruza ibirimbwa bitandukanye n,ibinyombwa n,ibikoresho by,isuku",4711,"General shop, mainly food","Retail sale in non-specialized stores with food, beverages or tobacco predominating"
ubucuruzi bw'urwarwa,5630,Bars & beverage serving,Beverage serving activities
Kudandaza ibicuruzwa byiganjemo ibiribwa n'ibinyobwa,4711,"General shop, mainly food","Retail sale in non-specialized stores with food, beverages or tobacco predominating"
"Boutique idandaza ubunsho higanjemo:isabune,ifu,icyayi.",4719,"General shop, other goods",Other retail sale in non-specialized stores
Umucuruzi w' imboga,4781,Market stall: food & drinks,"Retail sale via stalls and markets of food, beverages and tobacco products"
ibijyanye no kugabura,5610,Restaurants & food service,Restaurants and mobile food service activities
umurimo wingenzi nukudandaza imyenda,4782,Market stall: clothing,"Retail sale via stalls and markets of textiles, clothing and footwear"
UBUHINZI BUKORERA URUGO,9810,Household own-use production,Undifferentiated goods-producing activities of private households for own use
"GUCURUZA UBUCONSHO BWIGANJEMO AMAKARA, NIBIRIBWA",4719,"General shop, other goods",Other retail sale in non-specialized stores
"umurimo w'ingenzi akora ubucuruzi budandaza ibyokurya ni bikoresho by'isuku,inkweto zo kwogeramo",4719,"General shop, other goods",Other retail sale in non-specialized stores
ubucuruzi bwubunshonco ubugari kawunga amasabune indagara inyanya ubuto sukari,4711,"General shop, mainly food","Retail sale in non-specialized stores with food, beverages or tobacco predominating"
"ubudandazi bwubuconsho bwiganjemo indagara,ubunyobwa,ubugari....",4719,"General shop, other goods",Other retail sale in non-specialized stores
kudoda imyenda mishya no kurepara no kwigisha kudoda,1410,Tailoring & clothing making,"Manufacture of wearing apparel, except fur apparel"
Igitara cyiganjeho itomati kidandaza,4781,Market stall: food & drinks,"Retail sale via stalls and markets of food, beverages and tobacco products"
IDEPO YA MASAKA,4630,Wholesale of food & drinks,"Wholesale of food, beverages and tobacco"
UBUCURUZI BW'IMYAKA MW'ISOKO,4721,Specialised food shop,Retail sale of food in specialized stores
"KOGOSHA ABANTU,KUDEFIRIZA",9602,Hairdressing & beauty,Hairdressing and other beauty treatment
Gucuruza imyeda yigajemwo amakanzu,4711,"General shop, mainly food","Retail sale in non-specialized stores with food, beverages or tobacco predominating"
BUDANDAZA UBUCONSHO,4719,"General shop, other goods",Other retail sale in non-specialized stores
KUGABURIRA ABANTU NO KUBAHA IBYO KUNYWA,5610,Restaurants & food service,Restaurants and mobile food service activities
"Ubucuruzi budandaza inyanya, kawunga, ibitunduru",4711,"General shop, mainly food","Retail sale in non-specialized stores with food, beverages or tobacco predominating"
Kudandaza amavuta yokwisiga ariko bakaba bana fotora amafoto,4772,Pharmacy & cosmetics shop,"Retail sale of pharmaceutical and medical goods, cosmetic and toilet articles in specialized stores"
Guha abantu ibyo   kunywa higanjemo inzoga zipfundikiye,5630,Bars & beverage serving,Beverage serving activities
Boutique idandaza yiganjemo umunyu n'isabune,4773,Other specialised shop,Other retail sale of new goods in specialized stores
udandaza ibikoresho byubwubatsi,4752,Hardware & paint shop,"Retail sale of hardware, paints and glass in specialized stores"
ubucuruzi bwiganjemo water melon na orange bukorerwa mu isoko,4781,Market stall: food & drinks,"Retail sale via stalls and markets of food, beverages and tobacco products"
UBUDANDAZA BW'IBIRIBWA BIBISI,4721,Specialised food shop,Retail sale of food in specialized stores
iseta icuruza imbuto imyembe kudansaza,4781,Market stall: food & drinks,"Retail sale via stalls and markets of food, beverages and tobacco products"
GUCURUZA INZOGA ZURWAGWA,5630,Bars & beverage serving,Beverage serving activities
ubudandazi bwa boutique bw'iganjemo ibinyobwa,4711,"General shop, mainly food","Retail sale in non-specialized stores with food, beverages or tobacco predominating"
"UBUCURUZI BUDANDAZA INZOGA ZIPFUNDIKIYE, MITSZING, FANTA, PRIMUS",5630,Bars & beverage serving,Beverage serving activities
UBUHINZI BW 'IBIJUMBA,0113,Growing vegetables & tubers,"Growing of vegetables and melons, roots and tubers"
"gucuruza imipira ya mangazin, amakariso",4711,"General shop, mainly food","Retail sale in non-specialized stores with food, beverages or tobacco predominating"
kudandaza umunyu n'isabune...,4719,"General shop, other goods",Other retail sale in non-specialized stores
Gucuruza ibyokurya bidatetse,4721,Specialised food shop,Retail sale of food in specialized stores
ubudandazi bwibikoresho byo murugo,4711,"General shop, mainly food","Retail sale in non-specialized stores with food, beverages or tobacco predominating"
UBUDANDAZI BW'IMBUTO N'IMBOGA KU MUHANDA,4799,Street & mobile vending,"Other retail sale not in stores, stalls or markets"
ubudandazi bwiganjemo amavuta mayonaise nibindi biribwa,4781,Market stall: food & drinks,"Retail sale via stalls and markets of food, beverages and tobacco products"
Ubudandazi Bw'ibintu bitandukanye Higanjemo Ibyo Kurya,4719,"General shop, other goods",Other retail sale in non-specialized stores
COFFEE SHOP,5630,Bars & beverage serving,Beverage serving activities
Stand y' ubucuruzi bw' ubuconco bukorera mu isoko bw' iganjemo imyumbati,4781,Market stall: food & drinks,"Retail sale via stalls and markets of food, beverages and tobacco products"
BAPIMAGA ICYIGAGE,5630,Bars & beverage serving,Beverage serving activities
kogosha abantu babagana,9602,Hairdressing & beauty,Hairdressing and other beauty treatment
GUSUKA NO KOGOSHA MURI SALON,9602,Hairdressing & beauty,Hairdressing and other beauty treatment
badandaza amakara gusa,4799,Street & mobile vending,"Other retail sale not in stores, stalls or markets"
Acuruza ibyokurya biciriritse higanjemo icyayi namandazi,5610,Restaurants & food service,Restaurants and mobile food service activities
SERVICE ZOKOGOSHA,9602,Hairdressing & beauty,Hairdressing and other beauty treatment
ubucuruzo budandaza higanjemo ibyo kurya,4711,"General shop, mainly food","Retail sale in non-specialized stores with food, beverages or tobacco predominating"
umurimo usana ukanakora imyenda,1410,Tailoring & clothing making,"Manufacture of wearing apparel, except fur apparel"
Ubucuruzi budandaza ubuconco piza,4781,Market stall: food & drinks,"Retail sale via stalls and markets of food, beverages and tobacco products"
Baranguzaga inzoga za Brarirwa,5630,Bars & beverage serving,Beverage serving activities
UBUCURUZI BUDANDAZA IMYENDA YABADAMU,4782,Market stall: clothing,"Retail sale via stalls and markets of textiles, clothing and footwear"
UBUDANDAZI BW'IMYENDA BUKORERWA MUNISOKO,4782,Market stall: clothing,"Retail sale via stalls and markets of textiles, clothing and footwear"
Kudandaza ibiribwa higanjemo amafu ya kawunga,4711,"General shop, mainly food","Retail sale in non-specialized stores with food, beverages or tobacco predominating"
umucuruzi wimbuto,4781,Market stall: food & drinks,"Retail sale via stalls and markets of food, beverages and tobacco products"
gupima inzoga zipfundikiye,5630,Bars & beverage serving,Beverage serving activities
Kuranguza umuceri,4630,Wholesale of food & drinks,"Wholesale of food, beverages and tobacco"
bucuruzu bwiganjemo inzoga,5630,Bars & beverage serving,Beverage serving activities
"guha abantu icyayi,imigati,sambusa",5610,Restaurants & food service,Restaurants and mobile food service activities
kudandaza inzoga n'amakara,4719,"General shop, other goods",Other retail sale in non-specialized stores
ubucuruzi bw'ibinyobwa bidapfundikiye,5630,Bars & beverage serving,Beverage serving activities
gupima ubushara,5630,Bars & beverage serving,Beverage serving activities
Ubucuruzi bwa Gaz kuri detaye,4752,Hardware & paint shop,"Retail sale of hardware, paints and glass in specialized stores"
Ubucuruzi bw'ibyo kunywa (inzoga),5630,Bars & beverage serving,Beverage serving activities
kuranguza Matora,4630,Wholesale of food & drinks,"Wholesale of food, beverages and tobacco"
Ubucuruzi bwa gaze,4773,Other specialised shop,Other retail sale of new goods in specialized stores
UBUZUNGUZAYI BWAMASAMBUSA MUMIHANDA,4799,Street & mobile vending,"Other retail sale not in stores, stalls or markets"
Basya Ubwoko bwose bw'ibinyampeke,1061,Grain milling,Manufacture of grain mill products
KUGAVURIRA ABANTU,5610,Restaurants & food service,Restaurants and mobile food service activities
gucuruza ibyo kurya nibyo kunywa,5610,Restaurants & food service,Restaurants and mobile food service activities
boutique yiganjemo ibyokurya ( ibirayi),4711,"General shop, mainly food","Retail sale in non-specialized stores with food, beverages or tobacco predominating"
"gucuruza inkweto, amasutiye, amakariso",4782,Market stall: clothing,"Retail sale via stalls and markets of textiles, clothing and footwear"
UBUCURUZI BW'AMAKARA MU RUGO,4799,Street & mobile vending,"Other retail sale not in stores, stalls or markets"
"ubucuruzi budandaza ubunyobwa,ibitunguru,inyanya,injanga",4721,Specialised food shop,Retail sale of food in specialized stores
UBUHINZI BW'INYANYA,0113,Growing vegetables & tubers,"Growing of vegetables and melons, roots and tubers"
"ubucuruzi bwibintu bitqndukanye higanjemo ibiribwa nkumunyu,amandazi harimo amavuta namasabune ,ikingenzi nibiribwa nkumunyu,ubunyobwa na soya",4721,Specialised food shop,Retail sale of food in specialized stores
"kudandaza ibiribwa: umuceri,akawunga , amavuta",4721,Specialised food shop,Retail sale of food in specialized stores
ubucuruzi bw ibiribwa bw ganjemo amafu y igikoma isukari  n ibindi,4711,"General shop, mainly food","Retail sale in non-specialized stores with food, beverages or tobacco predominating"
Akabari ku rwagwa rwa kinyarwanda,5630,Bars & beverage serving,Beverage serving activities
ubucuruzi budandaza higanjemo gucuza ibiryo byamatungo,4773,Other specialised shop,Other retail sale of new goods in specialized stores
Kugura imyumbati,4630,Wholesale of food & drinks,"Wholesale of food, beverages and tobacco"
gusya isombe mwisoko,1061,Grain milling,Manufacture of grain mill products
kudandaza  ubuconsho higanjemo ibinyobwa muri butike,4711,"General shop, mainly food","Retail sale in non-specialized stores with food, beverages or tobacco predominating"
UBUCURUZI BWIMYENDA MU ISOKO,4782,Market stall: clothing,"Retail sale via stalls and markets of textiles, clothing and footwear"
acuruza boutique yiganjemo imboga zamashu,4721,Specialised food shop,Retail sale of food in specialized stores
"kugabura ibyo kurya,  icyayi, igikoma, amata, amandazi,",5610,Restaurants & food service,Restaurants and mobile food service activities
GUHINGA,0111,Growing cereals & legumes,"Growing of cereals (except rice), leguminous crops and oil seeds"
yakoraga guha abantu ibyo kunywa,5630,Bars & beverage serving,Beverage serving activities
UBUCURUZI BUDANDA IMYENDA MU IDUKA,4771,Clothing & shoe shop,"Retail sale of clothing, footwear and leather articles in specialized stores"
BACURUZA CANTINE,5610,Restaurants & food service,Restaurants and mobile food service activities
Ubucuruzi bwiganjemo imyenda y'abana,4782,Market stall: clothing,"Retail sale via stalls and markets of textiles, clothing and footwear"
gucuza inzoga,5630,Bars & beverage serving,Beverage serving activities
"KUDANDAZA AMAHERENA,IBIKOMO,INIGI,IMIKUFI MU IDUKA",4773,Other specialised shop,Other retail sale of new goods in specialized stores
"GUTUNGANYA IBINYOBWA BY,IGANJEMO IBISEMBUYE",5630,Bars & beverage serving,Beverage serving activities
Ubucuruzi bw'uruconco higanjemo ibyokurya bidasembuye,4711,"General shop, mainly food","Retail sale in non-specialized stores with food, beverages or tobacco predominating"
GUCURUZA IBIRIBWA MURI BUTIKE,4711,"General shop, mainly food","Retail sale in non-specialized stores with food, beverages or tobacco predominating"
KURANGUZA IBIRIBWA BIBISI,4630,Wholesale of food & drinks,"Wholesale of food, beverages and tobacco"
UBUDANDAZI BWAMAFU KU MUHANDA,4799,Street & mobile vending,"Other retail sale not in stores, stalls or markets"
GUCURUZA  AMAZI AVOMESHA,4711,"General shop, mainly food","Retail sale in non-specialized stores with food, beverages or tobacco predominating"
kudoda imyenda mishya ivanywe mu bitambaro,1410,Tailoring & clothing making,"Manufacture of wearing apparel, except fur apparel"
GUCURUZA INZOGA ZIKORWA MU  MUBITOKI,5630,Bars & beverage serving,Beverage serving activities
"ubuhinzi bw,i kawa ni imashini  isya imyaka",1061,Grain milling,Manufacture of grain mill products
UBUCURUZI BWA BUTIKI HIGANJEMO IBYO KURYA,4711,"General shop, mainly food","Retail sale in non-specialized stores with food, beverages or tobacco predominating"
ubucuruzi budandaza ibintu bitadukanye muri butike,4719,"General shop, other goods",Other retail sale in non-specialized stores
UBUCURUZI BUDANDAZA IBITOKI MWISOKO,4781,Market stall: food & drinks,"Retail sale via stalls and markets of food, beverages and tobacco products"
ubucuruzi bwinkweto za bodaboda,4782,Market stall: clothing,"Retail sale via stalls and markets of textiles, clothing and footwear"
UBUCURUZI BUDANDAZ BWIGANJEMO IBIRIBWA BYIBINYAMIOGWE,4711,"General shop, mainly food","Retail sale in non-specialized stores with food, beverages or tobacco predominating"
UBUZUNGUZAYI BWI BIRIBWA MUMUHANDA,4799,Street & mobile vending,"Other retail sale not in stores, stalls or markets"
nuwo kudoda imyenda ya bagore,1410,Tailoring & clothing making,"Manufacture of wearing apparel, except fur apparel"
gucuruza uducoco,4719,"General shop, other goods",Other retail sale in non-specialized stores
Ubucuruzi bw'inzoga(urwagwa),5630,Bars & beverage serving,Beverage serving activities
Iseta icuruza amashuka magasin kudandaza,4782,Market stall: clothing,"Retail sale via stalls and markets of textiles, clothing and footwear"
"ubucuruzi budandaza inzoga ,urwarwa",5630,Bars & beverage serving,Beverage serving activities
Akabari kacuruza ubushera(ikigage),5630,Bars & beverage serving,Beverage serving activities
Ubucuruzi budandaza higanjemo kogosha,9602,Hairdressing & beauty,Hairdressing and other beauty treatment
UBUCURUZI BWA BOUTIQUE BWIGANJEMO IBIRIBWA BITUGANIJE,4711,"General shop, mainly food","Retail sale in non-specialized stores with food, beverages or tobacco predominating"
ubudandaz bwimyenda yabantu bakuru nabana,4771,Clothing & shoe shop,"Retail sale of clothing, footwear and leather articles in specialized stores"
UBUHIHINZI N'UBWOROZI BUTUNGA URUGO,9810,Household own-use production,Undifferentiated goods-producing activities of private households for own use
ubucuruzi buto budandaza ibiribwa,4721,Specialised food shop,Retail sale of food in specialized stores
"UBUDANDAZI BWIGANJEMO IBIRIBWA (IBIRAYI,IFUY'UBUGARI)",4711,"General shop, mainly food","Retail sale in non-specialized stores with food, beverages or tobacco predominating"
GUHA ABANTU IBYO KUNYWA HIGANJEMO IMISURURU,5630,Bars & beverage serving,Beverage serving activities
BADANDAZA AMAKARA MU NGO,4799,Street & mobile vending,"Other retail sale not in stores, stalls or markets"
kudandaza ubucensho,4719,"General shop, other goods",Other retail sale in non-specialized stores
saloon de coiffure(kogosha),9602,Hairdressing & beauty,Hairdressing and other beauty treatment
Ubudandazi bwinjemo ibiribwa cyane cyane ifu zitandukanye,4711,"General shop, mainly food","Retail sale in non-specialized stores with food, beverages or tobacco predominating"
Ubucuruzi bw'imyenda mwisoko,4711,"General shop, mainly food","Retail sale in non-specialized stores with food, beverages or tobacco predominating"
ubudandazi bwibiribwa byiganjemo ibinyobwa bisembuye,4711,"General shop, mainly food","Retail sale in non-specialized stores with food, beverages or tobacco predominating"
UBUCURUZI BWO KOGOSHA NO GUTUNGANYA IMISATSI,9602,Hairdressing & beauty,Hairdressing and other beauty treatment
ukuranguza inzoga nibindi bicuruzwa,4711,"General shop, mainly food","Retail sale in non-specialized stores with food, beverages or tobacco predominating"
ubucuruxi bwakabare budandaza bwiganjemo ibinyobwa,5630,Bars & beverage serving,Beverage serving activities
ubucuruzi bw'imyenda ya cagua mw'isoko,4782,Market stall: clothing,"Retail sale via stalls and markets of textiles, clothing and footwear"
"KUDANDAZA HIGANJEMO IBIRIBWA(IBISHYIMBO,KAWUNGA)",4711,"General shop, mainly food","Retail sale in non-specialized stores with food, beverages or tobacco predominating"
imirimo yerekeranye nubwogoshi,9602,Hairdressing & beauty,Hairdressing and other beauty treatment
UBUCURUZI BW'INKWETO N'IBITENGE,4782,Market stall: clothing,"Retail sale via stalls and markets of textiles, clothing and footwear"
UBUDANDAZI BWIGANZEMO IBIRIBWA,4711,"General shop, mainly food","Retail sale in non-specialized stores with food, beverages or tobacco predominating"
akabari no kugaburira abantu,5630,Bars & beverage serving,Beverage serving activities
ubucuruzi bwimyenda yamajipo bwa sarah,4782,Market stall: clothing,"Retail sale via stalls and markets of textiles, clothing and footwear"
UBUHINZI BW'I IJUMBA,0113,Growing vegetables & tubers,"Growing of vegetables and melons, roots and tubers"
ubucuruzi bwa alimentation bwiganjemo imbuto,4711,"General shop, mainly food","Retail sale in non-specialized stores with food, beverages or tobacco predominating"
UBUCURURUZI BUDANDAZA IMINEKE BUKORERWA  KU MUHANDA,4799,Street & mobile vending,"Other retail sale not in stores, stalls or markets"
UBUDOZI BWA BAGORE,1410,Tailoring & clothing making,"Manufacture of wearing apparel, except fur apparel"
"ubucuruzi bw'imyenda y',abana bakivuka",4771,Clothing & shoe shop,"Retail sale of clothing, footwear and leather articles in specialized stores"
"Ubucuruzi budandaza amandazi, itotamati, umunyu , isabune",4719,"General shop, other goods",Other retail sale in non-specialized stores
ubucuruzi budandaza bitandukanye higanjemo ibyo kurya,4711,"General shop, mainly food","Retail sale in non-specialized stores with food, beverages or tobacco predominating"
UBUREZJ BW AMASHURI ABANZA,8510,Primary education,Pre-primary and primary education
UBUCURUZI BWIMBOGA BW'IGANJEMO IBITUNGURU N'INYANYA,4781,Market stall: food & drinks,"Retail sale via stalls and markets of food, beverages and tobacco products"
"Kudandaza ,amandazi",5610,Restaurants & food service,Restaurants and mobile food service activities
ubucuruzi bwa gacocyo higanjemo amavuta yokurya,4711,"General shop, mainly food","Retail sale in non-specialized stores with food, beverages or tobacco predominating"
Ubucuruzi bw'ibintu bitandukanye higanjemo amavuta yo kurya,4711,"General shop, mainly food","Retail sale in non-specialized stores with food, beverages or tobacco predominating"
GUHA ABANTU IBINYOBWA (IKIGAGE),5630,Bars & beverage serving,Beverage serving activities
GUCURUZA KBINTU BITANDUKANYE MU IDUKA,4719,"General shop, other goods",Other retail sale in non-specialized stores
"Kudandaza ibiribwa nkinyanya,ibitunguru,intoryi nibindi",4721,Specialised food shop,Retail sale of food in specialized stores
Ubucuruzi bwibinyobwa bidasembuye byiganjemo Fanta jus namandazi,4711,"General shop, mainly food","Retail sale in non-specialized stores with food, beverages or tobacco predominating"
"UBUHINZI BW,IBISHYIMBO",0111,Growing cereals & legumes,"Growing of cereals (except rice), leguminous crops and oil seeds"
Kuranguza inzoga zisembuye n'ibidasembuye muri stock,4630,Wholesale of food & drinks,"Wholesale of food, beverages and tobacco"
KOGOSHA ABAGABO NA BAGORE,9602,Hairdressing & beauty,Hairdressing and other beauty treatment
kudandaza ibiribwa n'ibindi bikoresho bitandukanye muri boutique,4719,"General shop, other goods",Other retail sale in non-specialized stores
ubucuruzi budandaza imbuto mu isoko,4781,Market stall: food & drinks,"Retail sale via stalls and markets of food, beverages and tobacco products"
ubudandazi bwiganjemo inyanya,4781,Market stall: food & drinks,"Retail sale via stalls and markets of food, beverages and tobacco products"
stand kudandaza amasaka,4781,Market stall: food & drinks,"Retail sale via stalls and markets of food, beverages and tobacco products"
"GUCURUZA ICYAYI, JUS , AMANDAZI",5610,Restaurants & food service,Restaurants and mobile food service activities
Badandaza ibintu bitandukanye higanjemo ibiribwa,4711,"General shop, mainly food","Retail sale in non-specialized stores with food, beverages or tobacco predominating"
kudandaza inyama zinka,4721,Specialised food shop,Retail sale of food in specialized stores
UBUCURUZI BWA RESTORA,5610,Restaurants & food service,Restaurants and mobile food service activities
Kudandaza inyama zamatungo,4721,Specialised food shop,Retail sale of food in specialized stores
EDUCATION PRIMAIRE,8510,Primary education,Pre-primary and primary education
ubucuruzi budandaza gas,4773,Other specialised shop,Other retail sale of new goods in specialized stores
KOZA NO GUSUKA IMITSATSA MURI SALON,9602,Hairdressing & beauty,Hairdressing and other beauty treatment
UBUCURUZI BUDANDAZA IBINYOBWA BWIGANJEMO IBIGAGE,5630,Bars & beverage serving,Beverage serving activities
Bacuruza ubuconco higanjemo ibyo kunywa binyuranye,4711,"General shop, mainly food","Retail sale in non-specialized stores with food, beverages or tobacco predominating"
"boutique nini yiganjemo umuceri, amavuta n isukari",4781,Market stall: food & drinks,"Retail sale via stalls and markets of food, beverages and tobacco products"
UBUHINZI WIBIGORI,0111,Growing cereals & legumes,"Growing of cereals (except rice), leguminous crops and oil seeds"
boutique yiganjemo inkweto,4771,Clothing & shoe shop,"Retail sale of clothing, footwear and leather articles in specialized stores"
RESTAURANT IGABURA IBIRYO BITETSE,5610,Restaurants & food service,Restaurants and mobile food service activities
GUCURUZA IBINYOBWA GAKONDO(UBUSHERA),5630,Bars & beverage serving,Beverage serving activities
Acuruza amata,5610,Restaurants & food service,Restaurants and mobile food service activities
"ubucuruzi bwinyanya ,intoryi, imiteja,caroti",4781,Market stall: food & drinks,"Retail sale via stalls and markets of food, beverages and tobacco products"
ubucuruzi butanga inzoga,5630,Bars & beverage serving,Beverage serving activities
ubucuru bw'ubuconsho,4719,"General shop, other goods",Other retail sale in non-specialized stores
Ubucuruzi budandaza ahantu habugenewe higanjemo:  ifu y'imyumbati,4721,Specialised food shop,Retail sale of food in specialized stores
UBUCURUZI BURANGUZA IBISHEKE,4630,Wholesale of food & drinks,"Wholesale of food, beverages and tobacco"
Kudandaza ibikoresho byo mu mbaho byakoze,4773,Other specialised shop,Other retail sale of new goods in specialized stores
UBUCURUZI BW'INZOGA NA  BROCHETTES,5630,Bars & beverage serving,Beverage serving activities
KUDANDAZA IBICURIZWA  HIGANJEMO IBIRIBWA,4711,"General shop, mainly food","Retail sale in non-specialized stores with food, beverages or tobacco predominating"
Gucuruza amandazi n'icyayi,5610,Restaurants & food service,Restaurants and mobile food service activities
kudandaza ibigori byokeje,5610,Restaurants & food service,Restaurants and mobile food service activities
UBUDANDAZI BWIMBOGA BUKORERWA MU ISOKO,4781,Market stall: food & drinks,"Retail sale via stalls and markets of food, beverages and tobacco products"
serivise zo kugaburira abantu,5610,Restaurants & food service,Restaurants and mobile food service activities
UBUSANDAZI BW'IMBUTO,4781,Market stall: food & drinks,"Retail sale via stalls and markets of food, beverages and tobacco products"
"ubucuruzi(inyanya,ibigori,amavuta yo kurya no kwisiga,ibishyimbo,isabune,umunyu,umuceli)",4711,"General shop, mainly food","Retail sale in non-specialized stores with food, beverages or tobacco predominating"
KUDANDAZA IBINTU BITANDUKANYE MURI KIOSQUE,4719,"General shop, other goods",Other retail sale in non-specialized stores
"ubucuruzi budandaza inyama z' inkoko , inkwavu , ifi , inka",4721,Specialised food shop,Retail sale of food in specialized stores
"UBUHINZI N,UBWOROZI BYO GUTUNGA URUGO",9810,Household own-use production,Undifferentiated goods-producing activities of private households for own use
UBUCURUZI BWUBUDANDAZA BWIGANJEMO IBINYOBWA,4711,"General shop, mainly food","Retail sale in non-specialized stores with food, beverages or tobacco predominating"
Ubucuruzi budandaza ibintu bitandukanye higanjemo amandazi,4711,"General shop, mainly food","Retail sale in non-specialized stores with food, beverages or tobacco predominating"
"Ubucuruzi budandaza bwiganjemo umuceri, kawunga,imineke..",4721,Specialised food shop,Retail sale of food in specialized stores
ubucuruzi bwibiribwa  imboga imbuto,4781,Market stall: food & drinks,"Retail sale via stalls and markets of food, beverages and tobacco products"
"ubucuruzi bwibinu bitandukanye hari ibiribwa, inzonga, umuceri, biswit,umunyu,amavuta yoguteka nayo kwisiga nibindi",4721,Specialised food shop,Retail sale of food in specialized stores
"Ubucuruzi bushyingiye ku mafu yubwoko bwose,fanta,umuceri,inkweto za bodaboda",4719,"General shop, other goods",Other retail sale in non-specialized stores
Gucuruza uduconsho higanjemo ibiribwa,4711,"General shop, mainly food","Retail sale in non-specialized stores with food, beverages or tobacco predominating"
ubucuruzi bw' ibikoresho by' ubwubatsi amabati na sima,4752,Hardware & paint shop,"Retail sale of hardware, paints and glass in specialized stores"
KUDANDAZA AMAFI MU MUHANDA,4799,Street & mobile vending,"Other retail sale not in stores, stalls or markets"
Ubucuru bwu musururu bu dandaza.,5630,Bars & beverage serving,Beverage serving activities
ubudandazi bwa boutique higanjemo umuceri kawunga isukari amavuta yoguteka nibikoresho byisuku bitandukanye,4721,Specialised food shop,Retail sale of food in specialized stores
Stand y' ubucuruzi bwa masakoshi ya ba gore bukorera mu isoko,4782,Market stall: clothing,"Retail sale via stalls and markets of textiles, clothing and footwear"
kudandaza sparepats z'imodoka(amapine na batteries),4773,Other specialised shop,Other retail sale of new goods in specialized stores
gupima ikigage n'urwagwa,5630,Bars & beverage serving,Beverage serving activities
ubudandazi bw'ubuconco higanjemo ibyombo (mu isoko),4799,Street & mobile vending,"Other retail sale not in stores, stalls or markets"
"UBUDANDAZA BW,IBIGAGE",5630,Bars & beverage serving,Beverage serving activities
UBUCURUZI BWICYAYI NA CAPATI MURI CANTEEN,5610,Restaurants & food service,Restaurants and mobile food service activities
ubucuruzi budanzaza higanjemo ibiribwa,4711,"General shop, mainly food","Retail sale in non-specialized stores with food, beverages or tobacco predominating"
Ubucuruzi budandaza higanjemo inkweto zokwambara(bodaboda),4771,Clothing & shoe shop,"Retail sale of clothing, footwear and leather articles in specialized stores"
bagurisha ibiryo bihiye  nibinyobwa bisindisha nibidasindisha,5610,Restaurants & food service,Restaurants and mobile food service activities
"Ubucuruzi bushyingiye urwagwa,igipende",5630,Bars & beverage serving,Beverage serving activities
kuranguza brarirwa,4630,Wholesale of food & drinks,"Wholesale of food, beverages and tobacco"
"gucuruza inkweto, amavuta yo kurya, imyenda ya mangazin",4771,Clothing & shoe shop,"Retail sale of clothing, footwear and leather articles in specialized stores"
ubucuruzi budandaza bwuduconco bwiganjemo ibiribwa,4711,"General shop, mainly food","Retail sale in non-specialized stores with food, beverages or tobacco predominating"
"Kantine,yamata,ibyayi,nibindi",5610,Restaurants & food service,Restaurants and mobile food service activities
"ubucuruzi budandaza ibiribwa bidahiye birimo ibirayi,igitoki nibindi",4711,"General shop, mainly food","Retail sale in non-specialized stores with food, beverages or tobacco predominating"
UBUCURUZI BW'INYAMA Z'INKA,4711,"General shop, mainly food","Retail sale in non-specialized stores with food, beverages or tobacco predominating"
"Ubucuruzi budandaza bwibanda ku:Inyanya,intoryi n'ibitunguru",4721,Specialised food shop,Retail sale of food in specialized stores
"UMURIMO W,UMWUGA WO KUDODA IMYAMBARO  YO KWAMBARA",1410,Tailoring & clothing making,"Manufacture of wearing apparel, except fur apparel"
ubucuruzi bwimiti ivura abantu muri pharmacy,4772,Pharmacy & cosmetics shop,"Retail sale of pharmaceutical and medical goods, cosmetic and toilet articles in specialized stores"
UBUCURUZI BW'IMINEKE,4711,"General shop, mainly food","Retail sale in non-specialized stores with food, beverages or tobacco predominating"
akabari kurwagwa rwibitoki,5630,Bars & beverage serving,Beverage serving activities
ubucuruzi bw'ibiribwa by' iganjemo icyayi n' amandazi,5610,Restaurants & food service,Restaurants and mobile food service activities
UBUDANDAZI BWA AVOCAT KU MABARAZA Y'AMAZU,4799,Street & mobile vending,"Other retail sale not in stores, stalls or markets"
"ubucuruzi budandaza buvanze harimo amavuta,umunyu,isabune,isukari,umuceri,amavuta yoguteka nibindi",4719,"General shop, other goods",Other retail sale in non-specialized stores
UBUCURUZI BWINZOGA BUTARANGUZA,5630,Bars & beverage serving,Beverage serving activities
"Gusya amasaka , ibigori na soya",1061,Grain milling,Manufacture of grain mill products
"ubucuruzi bw'ubudandazi bw'iganjemo ibyo kurya ,gikotori",4711,"General shop, mainly food","Retail sale in non-specialized stores with food, beverages or tobacco predominating"
"UBUCURUZI BW,'IMBUTO",4781,Market stall: food & drinks,"Retail sale via stalls and markets of food, beverages and tobacco products"
ubucuruzi bwa akabari (ubushera),5630,Bars & beverage serving,Beverage serving activities
"kogosha abagabo ,abagore nabana",9602,Hairdressing & beauty,Hairdressing and other beauty treatment
ubucuruzi bwubucoco budandaza,4719,"General shop, other goods",Other retail sale in non-specialized stores
GUCURUZA IBYO KUNYWA BIRIMO TANGAWIZI,5610,Restaurants & food service,Restaurants and mobile food service activities
"UBUDANDAZI BW,IBIRAYI MU ISOKO",4781,Market stall: food & drinks,"Retail sale via stalls and markets of food, beverages and tobacco products"
UBUCURUZI BWACAGUWA,4782,Market stall: clothing,"Retail sale via stalls and markets of textiles, clothing and footwear"
Ubudandazi bwibiribwa bwiganjemo imboga,4711,"General shop, mainly food","Retail sale in non-specialized stores with food, beverages or tobacco predominating"
KOGOSHA GUSA,9602,Hairdressing & beauty,Hairdressing and other beauty treatment
Ubucuruzi bw'icyayi n'imikati,5610,Restaurants & food service,Restaurants and mobile food service activities
"gucuruza amavuta yo kwisiga,  amavuta yo guteka,  biscuit,  amandazi, umunyu, akawunga",4719,"General shop, other goods",Other retail sale in non-specialized stores
kogosha imisatsi yabaturage,9602,Hairdressing & beauty,Hairdressing and other beauty treatment
ubudandazi higanjemo ibyo kurya,4721,Specialised food shop,Retail sale of food in specialized stores
ubudandazi bw'inyanya mw'isoko,4781,Market stall: food & drinks,"Retail sale via stalls and markets of food, beverages and tobacco products"
"ubudandazi bwiganjemo ibitenge,echarpe,umunyu,isukari, amandazi , indagara ,inyanya, amabase bodaboda, nibindi bijyanye na boutique",4719,"General shop, other goods",Other retail sale in non-specialized stores
boutique idandaza uducogo higanjemo ibiribwa,4711,"General shop, mainly food","Retail sale in non-specialized stores with food, beverages or tobacco predominating"
KURANGUZA IBINYOBWA BYA BLARIRWA BISEMBUYE N'IBIDASEMBUYE,4630,Wholesale of food & drinks,"Wholesale of food, beverages and tobacco"
UBUREZI MUMASHURI YINCUKE,8510,Primary education,Pre-primary and primary education
Service yiganjye imirimo yokogoshwa,9602,Hairdressing & beauty,Hairdressing and other beauty treatment
UBUDANDAZA BW'IBIRIBWA BYIGANJEMO UMUCERI,4711,"General shop, mainly food","Retail sale in non-specialized stores with food, beverages or tobacco predominating"
Ubucuruzi budandaza higanjemo amafu atandukanye,4711,"General shop, mainly food","Retail sale in non-specialized stores with food, beverages or tobacco predominating"
"Ubucuruzi bw,ibirimbwa ,ibikoresho byisuku n,ibinyombwa",4773,Other specialised shop,Other retail sale of new goods in specialized stores
Depo y'inzoga,4630,Wholesale of food & drinks,"Wholesale of food, beverages and tobacco"
UBUHINZI BW'IBITUNGURU,0113,Growing vegetables & tubers,"Growing of vegetables and melons, roots and tubers"
badandazaga urwagwa mbere bagikora,5630,Bars & beverage serving,Beverage serving activities
UBUREZI MU MASHULI YA PRIMARY,8510,Primary education,Pre-primary and primary education
"guha abantu ibyo kunywa higanjemo inzoga zipfundikiye( primus , skol)",5630,Bars & beverage serving,Beverage serving activities
ubucuruzi bw'uconco higanjemo ibiribwa,4711,"General shop, mainly food","Retail sale in non-specialized stores with food, beverages or tobacco predominating"
saloon yogosha abantu imisatsi no gusuka abadamu,9602,Hairdressing & beauty,Hairdressing and other beauty treatment
Ubucuruzu Budandaza Hinganjemo Ibiribwa,4711,"General shop, mainly food","Retail sale in non-specialized stores with food, beverages or tobacco predominating"
"Gucuruza ibikoresho bitandukanye ,ibiribwabwa,kotsa ihene umurimo w'ingenzi Ubucuruzi budandaza bw'ibiribwa",4721,Specialised food shop,Retail sale of food in specialized stores
"UBUDOZI BW,IMYENDA",1410,Tailoring & clothing making,"Manufacture of wearing apparel, except fur apparel"
Acuruza ikigage kitarenze litiro 20 kumunsi,5630,Bars & beverage serving,Beverage serving activities
gutanga service yo kogosha umusatsi,9602,Hairdressing & beauty,Hairdressing and other beauty treatment
gucuruza buconsho,4719,"General shop, other goods",Other retail sale in non-specialized stores
Acuruza urwagwa nyarwanda,5630,Bars & beverage serving,Beverage serving activities
Gusyaza ibyuma akabijyemura kurunganda,1061,Grain milling,Manufacture of grain mill products
Kurangura no kugurisha imyaka,4721,Specialised food shop,Retail sale of food in specialized stores
kwigisha abana mumashuri abanza,8510,Primary education,Pre-primary and primary education
Ubudandazi bw'ibyo kunywa,5630,Bars & beverage serving,Beverage serving activities
ubucuruzi budandaza higanjemo umunyu,4719,"General shop, other goods",Other retail sale in non-specialized stores
gucuruza ubuconco higanjemo jus,4711,"General shop, mainly food","Retail sale in non-specialized stores with food, beverages or tobacco predominating"
kudandaza ibintu bitandukanye higanjemo amavuta yo kwisiga,4773,Other specialised shop,Other retail sale of new goods in specialized stores
UBUCURUZI BUDANDAZA BWIGANJEMO IBINYOBWA BYA CYIZUNGU,5630,Bars & beverage serving,Beverage serving activities
Ubucuruzi bwinzoga y'urwagwa badandaza,5630,Bars & beverage serving,Beverage serving activities
Kudandaza ibintu bitandukanye mu iduka higanjemo ibishyimbo,4711,"General shop, mainly food","Retail sale in non-specialized stores with food, beverages or tobacco predominating"
Boutique icuruza ibyo kurya higanjemo amafu,4721,Specialised food shop,Retail sale of food in specialized stores
"Ubudandazi bw'inzoga( umutobe ,urwagwa)",5630,Bars & beverage serving,Beverage serving activities
Badandaza imbuto ahatari mwisoko,4721,Specialised food shop,Retail sale of food in specialized stores
ubucuruzi budandaza bwigajemo ibyokunwa,4711,"General shop, mainly food","Retail sale in non-specialized stores with food, beverages or tobacco predominating"
ubucuruzi buranguza inzoga za skol gusa,4630,Wholesale of food & drinks,"Wholesale of food, beverages and tobacco"
"gusuka ,kudefiriza no kogosha",9602,Hairdressing & beauty,Hairdressing and other beauty treatment
kudandaza harimo:indazi imigati ni cyayi,5610,Restaurants & food service,Restaurants and mobile food service activities
bakora ubucuruzi budandaza bw'imbuto ni mboga,4721,Specialised food shop,Retail sale of food in specialized stores
Ubucuruzi budandaza inyanya mwisoko rya DUHAHIRANE,4781,Market stall: food & drinks,"Retail sale via stalls and markets of food, beverages and tobacco products"
Ubucuruzi bw'ibyo kunnywa no kurya,4711,"General shop, mainly food","Retail sale in non-specialized stores with food, beverages or tobacco predominating"
BACURUZA INKWETO MW'ISOKO,4782,Market stall: clothing,"Retail sale via stalls and markets of textiles, clothing and footwear"
"BOUTIQUE IDANDAZA HIGANJEMO IBIRIBWA(IBIRAYI,UMUCERI,AKAWUNGA)",4711,"General shop, mainly food","Retail sale in non-specialized stores with food, beverages or tobacco predominating"
"UBUCURUZI BUDANDAZA IBIKORESHO BYA TELEPHONE(MEMORY CARD,POCHETTE",4711,"General shop, mainly food","Retail sale in non-specialized stores with food, beverages or tobacco predominating"
ubucuruzi bwinzoga zibitoki(Urwagwa),5630,Bars & beverage serving,Beverage serving activities
ubudozi bw imyenda mu isoko,1410,Tailoring & clothing making,"Manufacture of wearing apparel, except fur apparel"
Badandaza amagaze amazi( jibu),4773,Other specialised shop,Other retail sale of new goods in specialized stores
Akabare gacuruza inzoga za brallirwa,5630,Bars & beverage serving,Beverage serving activities
UBUCURUZI BUDANDAZA BW'AMANDAZI,4711,"General shop, mainly food","Retail sale in non-specialized stores with food, beverages or tobacco predominating"
umwuga wokudodera batirange,1410,Tailoring & clothing making,"Manufacture of wearing apparel, except fur apparel"
adodera murugo atera uturaka ku myenda  icitse akanagutisha udutenge twa rondoni,1410,Tailoring & clothing making,"Manufacture of wearing apparel, except fur apparel"
gucuruza  inzoga zipfundikirwa za Bralirwa na skol,5630,Bars & beverage serving,Beverage serving activities
YOGOSHA IMISATSI YABANTU,9602,Hairdressing & beauty,Hairdressing and other beauty treatment
ubudandazi bwibintu bitandukanye icyingenzi ni umuceri,4711,"General shop, mainly food","Retail sale in non-specialized stores with food, beverages or tobacco predominating"
restaurant (ibyo kurya),5610,Restaurants & food service,Restaurants and mobile food service activities
"ubucuruzi bwibyo kurya nibindi, amasafuriya,amavuta yo kwisiga, amasabune",4773,Other specialised shop,Other retail sale of new goods in specialized stores
icyuma gitunganya ifu,1061,Grain milling,Manufacture of grain mill products
Ubucuruzi bw'ibiribwa higanjemo amata,4711,"General shop, mainly food","Retail sale in non-specialized stores with food, beverages or tobacco predominating"
UBUCURUZI BUDANDAZA UBUNYOBWA,4799,Street & mobile vending,"Other retail sale not in stores, stalls or markets"
"Ubucuruzi bw'ibinyamafufu(ibijumba, imyumbati, amateke) mu isoko",4711,"General shop, mainly food","Retail sale in non-specialized stores with food, beverages or tobacco predominating"
ubucuruzi bwibyo kunywa ibisembuye nibidasembuye,5630,Bars & beverage serving,Beverage serving activities
ubudandazi bwiribwa nibyokunkwa bisindisha nibidasindisha,4721,Specialised food shop,Retail sale of food in specialized stores
UBUDANDAZA BWIBINTU BITANDUKANYE BWIGANJEMO IBIRIBWA ISUKARI UMUCERI UMUNYU NIBINDI,4711,"General shop, mainly food","Retail sale in non-specialized stores with food, beverages or tobacco predominating"
"UBUCURUZI IMBOGA ZIRIMO INTORYI,IMBWIJA,INYANYA,URUSENDA,UBUGARI",4721,Specialised food shop,Retail sale of food in specialized stores
gucuruza Fanta ninzoga,5630,Bars & beverage serving,Beverage serving activities
acuruza urwagwa,5630,Bars & beverage serving,Beverage serving activities
Bacuruza badandaza ibiribwa bitanfukanye higanjemo amavuta yo guteka,4781,Market stall: food & drinks,"Retail sale via stalls and markets of food, beverages and tobacco products"
"Gusya ibigori ,amasaka nimyumbati bya bakiliya",1061,Grain milling,Manufacture of grain mill products
"ubucuruzi( butike),ubuconco",4719,"General shop, other goods",Other retail sale in non-specialized stores
Adandaza ibintu higanjemo Inyanya,4711,"General shop, mainly food","Retail sale in non-specialized stores with food, beverages or tobacco predominating"
Gutanga icyo kunywa ( urwagwa ),5630,Bars & beverage serving,Beverage serving activities
Kogosha imisatsi cyane cyane iy igitsina gabo,9602,Hairdressing & beauty,Hairdressing and other beauty treatment
Ni uguteka ibibure nibyo bitanga inyungu n'inyama rimwe narimwe,5610,Restaurants & food service,Restaurants and mobile food service activities
Kudandaza imyenda higanjemo inkweto,4771,Clothing & shoe shop,"Retail sale of clothing, footwear and leather articles in specialized stores"
UBUHINZI BWA MATEKE,0113,Growing vegetables & tubers,"Growing of vegetables and melons, roots and tubers"
Ubucuruzi bwibiribwa nibikoresho byisuku gsa ibiribwa nibyo bitanga inyugu,4721,Specialised food shop,Retail sale of food in specialized stores
ubucuru buvangavaze bw'iganjemo ibirayi n'itoki namafu yubugari,4711,"General shop, mainly food","Retail sale in non-specialized stores with food, beverages or tobacco predominating"
Restaunt,5610,Restaurants & food service,Restaurants and mobile food service activities
UBUDANDAZI BW IBIRIBWA MURI BUTIKE,4711,"General shop, mainly food","Retail sale in non-specialized stores with food, beverages or tobacco predominating"
UBUCURUZU BUDANDAZA IMYENDA Y'ABANA,4782,Market stall: clothing,"Retail sale via stalls and markets of textiles, clothing and footwear"
ubucuruzi bwa gaz kudandaza,4773,Other specialised shop,Other retail sale of new goods in specialized stores
UBUCURUZI BWIBINYOBWA ( INZOGA),5630,Bars & beverage serving,Beverage serving activities
ubudandazi bwimyenda yabagabo ninkweto,4782,Market stall: clothing,"Retail sale via stalls and markets of textiles, clothing and footwear"
UMUDOZI WIMYENDA,1410,Tailoring & clothing making,"Manufacture of wearing apparel, except fur apparel"
UBICURUZI BW'IMYENDA NINKWETO,4782,Market stall: clothing,"Retail sale via stalls and markets of textiles, clothing and footwear"
GUKATA NO KUDODA IMYENDA MISHYA,1410,Tailoring & clothing making,"Manufacture of wearing apparel, except fur apparel"
"ubucuruzi(umutobe,umuceri ,isukari)",4721,Specialised food shop,Retail sale of food in specialized stores
"Gusya imyaka:ibigori, imyumati",1061,Grain milling,Manufacture of grain mill products
Ubucuruzi bundandaza bwiganjemo ibiribwa,4721,Specialised food shop,Retail sale of food in specialized stores
UBUCURUZI BUDANDAZA IBISHEKE MU MUHANDA,4799,Street & mobile vending,"Other retail sale not in stores, stalls or markets"
gucuruza ubuconsho isukali umunyu n'amavuta,4711,"General shop, mainly food","Retail sale in non-specialized stores with food, beverages or tobacco predominating"
Acuruza adandaza higanji  umuceri,4711,"General shop, mainly food","Retail sale in non-specialized stores with food, beverages or tobacco predominating"
gukurisha ibyo kurya muri boutique,4773,Other specialised shop,Other retail sale of new goods in specialized stores
GUSERIVA MURI RESTAURANT,5610,Restaurants & food service,Restaurants and mobile food service activities
kudandaza ibintu bitandukanye mubiduka,4719,"General shop, other goods",Other retail sale in non-specialized stores
"Ubucuruzi budandaza ibiribwa ,ibishyimbo na amasaka",4721,Specialised food shop,Retail sale of food in specialized stores
"gutanga uburezi mu mashuri abanza, n' inshuke",8510,Primary education,Pre-primary and primary education
UBUCURUZI BWIGANJEMO AMATA N'IBIRYO,5610,Restaurants & food service,Restaurants and mobile food service activities
Ubucuruzi bw'imyenda itandukanye,4782,Market stall: clothing,"Retail sale via stalls and markets of textiles, clothing and footwear"
"ubudandazi bwamavuta yokwisiga ibikotoro bitandukanye nayamazi nibikoresho byo murugo higanjemo amabasi,n'amasafuriya",4772,Pharmacy & cosmetics shop,"Retail sale of pharmaceutical and medical goods, cosmetic and toilet articles in specialized stores"
ubudandaza bwibintu bitandukanye byiganjemo ibinyobwa bidasembuye nimigati,4773,Other specialised shop,Other retail sale of new goods in specialized stores
ubucuruzi bwa marange na sima,4752,Hardware & paint shop,"Retail sale of hardware, paints and glass in specialized stores"
gucuruza icyayi nimikati,5610,Restaurants & food service,Restaurants and mobile food service activities
"acuruza ibirayi,ibijumba,ibishyimbo,inyama",5610,Restaurants & food service,Restaurants and mobile food service activities
"ubucuruzi bidandaza:inkweto,umuceri,kawunga,amavuta yo guteka ,amavuta yo kwisinga,amasabune",4711,"General shop, mainly food","Retail sale in non-specialized stores with food, beverages or tobacco predominating"
Gucuruza muri Boutique,4721,Specialised food shop,Retail sale of food in specialized stores
Ubucuruzi budandaza ibintu bitandukanye higanjemo ifu yigikoma n'isabune,4719,"General shop, other goods",Other retail sale in non-specialized stores
ubucurizi bw'ibiribwa,4721,Specialised food shop,Retail sale of food in specialized stores
kwakira no kugaburira abantu,5610,Restaurants & food service,Restaurants and mobile food service activities
UBUCURUZI BWA BOUTIKE,4711,"General shop, mainly food","Retail sale in non-specialized stores with food, beverages or tobacco predominating"
services za restora,5610,Restaurants & food service,Restaurants and mobile food service activities
bacuruza umuceri namavuta,4781,Market stall: food & drinks,"Retail sale via stalls and markets of food, beverages and tobacco products"
UBUDANDAZI BWIBIRIBWA MU IDUKA,4721,Specialised food shop,Retail sale of food in specialized stores
gucuruza inzoga (urwagwa),5630,Bars & beverage serving,Beverage serving activities
ubucuruzi budandaza higanjemo sac a main,4782,Market stall: clothing,"Retail sale via stalls and markets of textiles, clothing and footwear"
BAGABURIRA ABANTU,5610,Restaurants & food service,Restaurants and mobile food service activities
kudandaza higanjemo icyayi na mandazi,4711,"General shop, mainly food","Retail sale in non-specialized stores with food, beverages or tobacco predominating"
ubucuruzi bwo kuranguza inzoga,4630,Wholesale of food & drinks,"Wholesale of food, beverages and tobacco"
"Ubucuruzi budangaza bwiganjemo amavuta yokwisiga,ibirangiti, amakaramu ndetse namakaye",4772,Pharmacy & cosmetics shop,"Retail sale of pharmaceutical and medical goods, cosmetic and toilet articles in specialized stores"
batekera abantu bakabagaburira,5610,Restaurants & food service,Restaurants and mobile food service activities
ubudandaza bwiribwa byiganjemo ibirayi nibitoki,4711,"General shop, mainly food","Retail sale in non-specialized stores with food, beverages or tobacco predominating"
Gucuruza uruconco higanjemo ibyokurya bidatetse,4711,"General shop, mainly food","Retail sale in non-specialized stores with food, beverages or tobacco predominating"
gucuruza badandaza,4711,"General shop, mainly food","Retail sale in non-specialized stores with food, beverages or tobacco predominating"
Asuka imisatsi yabagore,9602,Hairdressing & beauty,Hairdressing and other beauty treatment
UBUHINZI BW IJUMBA,0113,Growing vegetables & tubers,"Growing of vegetables and melons, roots and tubers"
sallon de coiffure itunganya imisatsi(kogosha),9602,Hairdressing & beauty,Hairdressing and other beauty treatment
GUCURUZA UBUSHERA BWUMUSURURU,5630,Bars & beverage serving,Beverage serving activities
ubucuruzi bwibiribwa ( imbuto),4719,"General shop, other goods",Other retail sale in non-specialized stores
Akabari gacuruza inzoga higanjemo primus na mutszing,5630,Bars & beverage serving,Beverage serving activities
Ubudandazi bw'inyongera musaruro,4773,Other specialised shop,Other retail sale of new goods in specialized stores
UBUCURUZI BW'IBINYOBWA N'AMASABUNE,4719,"General shop, other goods",Other retail sale in non-specialized stores
UBUDANDAZI  bw'ibiribwa byiganjemo ibitoki n'umuceri,4721,Specialised food shop,Retail sale of food in specialized stores
UBUCURUZI BUDANDAZA INDAGARA MU ISOKO,4781,Market stall: food & drinks,"Retail sale via stalls and markets of food, beverages and tobacco products"
"Igitara cyiganjeho isukari,ifu,amavuta",4781,Market stall: food & drinks,"Retail sale via stalls and markets of food, beverages and tobacco products"
"Ubucuruzi bwibiribwa, umuceri,umunyu,kawunga,amavuta",4721,Specialised food shop,Retail sale of food in specialized stores
ubudanfazi,4719,"General shop, other goods",Other retail sale in non-specialized stores
UBUHINZI BUGAMIJE GUTUNGURUGO,9810,Household own-use production,Undifferentiated goods-producing activities of private households for own use
ubucuruzi bwibiribwa nibikoresho byisuku,4711,"General shop, mainly food","Retail sale in non-specialized stores with food, beverages or tobacco predominating"
ni salon yogosha abantubatandukanye,9602,Hairdressing & beauty,Hairdressing and other beauty treatment
ubucuruzi bupima inzoga yibitoki (urwagwa),5630,Bars & beverage serving,Beverage serving activities
"GUTANGA ICYO KUNYWA N ' IBYOKURYA(ICYAYI, AMATA,INDAZI)",5610,Restaurants & food service,Restaurants and mobile food service activities
Ubucuruzi bwimyenda higanjemo ibyombo nibitenge,4711,"General shop, mainly food","Retail sale in non-specialized stores with food, beverages or tobacco predominating"
ubudandazi bw'ibiribwa bwiganjemo amavuta,4711,"General shop, mainly food","Retail sale in non-specialized stores with food, beverages or tobacco predominating"
kudandaza imbaho,4752,Hardware & paint shop,"Retail sale of hardware, paints and glass in specialized stores"
"UBUCURUZI BW'IBIRIBWA( Ibirayi,Ibitoki,imboga)",4711,"General shop, mainly food","Retail sale in non-specialized stores with food, beverages or tobacco predominating"
"bacuruza amata, na jibu",4721,Specialised food shop,Retail sale of food in specialized stores
NYAKABYIZI MUBUHINZI BWIBISHIMBO,0111,Growing cereals & legumes,"Growing of cereals (except rice), leguminous crops and oil seeds"
ubuciruzi budandaza bukorerwa mu iduka,4719,"General shop, other goods",Other retail sale in non-specialized stores
UNUCURUZI BW'UBUCONCO BWIGANJEMO AMAVUTA YO KWISIGA,4772,Pharmacy & cosmetics shop,"Retail sale of pharmaceutical and medical goods, cosmetic and toilet articles in specialized stores"
Ubucurzi bwi byo kumwa,5610,Restaurants & food service,Restaurants and mobile food service activities
ubucuruzi bwibiribwa badandaza byigajemo Umuceri,4721,Specialised food shop,Retail sale of food in specialized stores
imachine idoda imyenda mishya,1410,Tailoring & clothing making,"Manufacture of wearing apparel, except fur apparel"
Kudoda  imyenda mishya no gusana imyenda ishaje,1410,Tailoring & clothing making,"Manufacture of wearing apparel, except fur apparel"
gucuruza inzoga zitwa meraneza (sous depot),5630,Bars & beverage serving,Beverage serving activities
ubucuruzi buranguza bwibinyobwa bya skol,4630,Wholesale of food & drinks,"Wholesale of food, beverages and tobacco"
ubucuruzi bwinzoga(kuranguza nokudetaya),4630,Wholesale of food & drinks,"Wholesale of food, beverages and tobacco"
Ubucuruzi bw'Imiti y'Abantu,4772,Pharmacy & cosmetics shop,"Retail sale of pharmaceutical and medical goods, cosmetic and toilet articles in specialized stores"
ubucuruzi bwiganjemo ubunyobwa,4721,Specialised food shop,Retail sale of food in specialized stores
boutique icuruza idandaza ibiribwa ( ibirayi),4721,Specialised food shop,Retail sale of food in specialized stores
kudandaza Amavuta n'imikandara,4711,"General shop, mainly food","Retail sale in non-specialized stores with food, beverages or tobacco predominating"
"kugaburira abantu,nukubaha icyayi",5610,Restaurants & food service,Restaurants and mobile food service activities
HUPIMA INZOGA,5630,Bars & beverage serving,Beverage serving activities
UBUDANDAZI IBYOKURYA BUTIKI,4711,"General shop, mainly food","Retail sale in non-specialized stores with food, beverages or tobacco predominating"
"Indi murimo ya service ,(Gusuka)",9602,Hairdressing & beauty,Hairdressing and other beauty treatment
ubucuruzi budandaza higanjemo  amasabune,4772,Pharmacy & cosmetics shop,"Retail sale of pharmaceutical and medical goods, cosmetic and toilet articles in specialized stores"
"ubucuruzi budandaza ibinyobwa bidasembuye,imigati nibindi",4711,"General shop, mainly food","Retail sale in non-specialized stores with food, beverages or tobacco predominating"
"ubudandazi bwibyo kurya higanjemo ibitoki ,ibirayi,umuceri,ibirayi ni mboga nibyo kunywa bisembuye n'ibidasembuye",4721,Specialised food shop,Retail sale of food in specialized stores
ubucuruzi bw'ibiribwa higanjemo ibinyampek,4781,Market stall: food & drinks,"Retail sale via stalls and markets of food, beverages and tobacco products"
gutanga ifunguro riciriritse higanjemo imigati nicyayi,5610,Restaurants & food service,Restaurants and mobile food service activities
ubucuruzi buranguza ibyo kunywa,4630,Wholesale of food & drinks,"Wholesale of food, beverages and tobacco"
BAKORA UBUDANDAZI BWO GUCURUZA  HIGANJEMO IBYO KUNYWA BITANDUKANYE,5610,Restaurants & food service,Restaurants and mobile food service activities
UBUDANDAZI BWIGANJEMO UMUCERI,4773,Other specialised shop,Other retail sale of new goods in specialized stores
Kudandaza higanjemo ifu y'ubugari,4711,"General shop, mainly food","Retail sale in non-specialized stores with food, beverages or tobacco predominating"
GUCURUZA UMUCELI KAWUNGA  UMUNYU NISABUNE,4711,"General shop, mainly food","Retail sale in non-specialized stores with food, beverages or tobacco predominating"
kugura no kugurisha amasaka,4630,Wholesale of food & drinks,"Wholesale of food, beverages and tobacco"
Ubucuruzi budandaza imbuto zitandukanye higanjemo imyembe,4721,Specialised food shop,Retail sale of food in specialized stores
UBUCURUZI BUDANDAZA IMYAKA MU ISOKO,4781,Market stall: food & drinks,"Retail sale via stalls and markets of food, beverages and tobacco products"
boutique yibyo kurya,4721,Specialised food shop,Retail sale of food in specialized stores
"ubucuruzi bwamandazi ,icyayi, imikati",5610,Restaurants & food service,Restaurants and mobile food service activities
ubucuruzi bakabari bwiganjemo inzoga za bralirwa,5630,Bars & beverage serving,Beverage serving activities
ubucuruzi bw'igitoki bw'isoko,4781,Market stall: food & drinks,"Retail sale via stalls and markets of food, beverages and tobacco products"
kogoba abagabo n'abagore,9602,Hairdressing & beauty,Hairdressing and other beauty treatment
badandaza ibirahuri byo kumadirisha nimiryango,4752,Hardware & paint shop,"Retail sale of hardware, paints and glass in specialized stores"
gucuruza ibintu bitandukanye  harimo nubudosi busana imyenda,4719,"General shop, other goods",Other retail sale in non-specialized stores
"akabari kinzoga izisembuye nizidasembuye higanjemo(ikigage,umutobe)",5630,Bars & beverage serving,Beverage serving activities
"ubucuruzi budandaza higanjemo ibiribwa (amavuta,kawunga,etc....)bikorewe mu nzu imbere",4711,"General shop, mainly food","Retail sale in non-specialized stores with food, beverages or tobacco predominating"
ubucuruzi bwubushera,5630,Bars & beverage serving,Beverage serving activities
KUGABURA IBINYOBWA BIDASEMBUYE (UBUSHERA),5630,Bars & beverage serving,Beverage serving activities
BAKORA IBINYOBWA BIDASEMBUYE,5630,Bars & beverage serving,Beverage serving activities
gucuruza icyayi n'imikati,5610,Restaurants & food service,Restaurants and mobile food service activities
KUDANDAZA IBYIGANJEMO IBIRIBWA MU IDUKA,4711,"General shop, mainly food","Retail sale in non-specialized stores with food, beverages or tobacco predominating"
"ubucuruzi budandaza bwiganjemo kawunga,isabune,amakye,amavuta",4719,"General shop, other goods",Other retail sale in non-specialized stores
ubucuruzi bunyuranye bwiganjemo ibyo kurya,4711,"General shop, mainly food","Retail sale in non-specialized stores with food, beverages or tobacco predominating"
Ubucuruzi budandaza buconsho,4773,Other specialised shop,Other retail sale of new goods in specialized stores
ubucuruzi bidandaza,4719,"General shop, other goods",Other retail sale in non-specialized stores
UBUCURUZI BUDANDAZA IBIJUMBA MU ISOKO,4781,Market stall: food & drinks,"Retail sale via stalls and markets of food, beverages and tobacco products"
ubucuruzi bw'ubudandazi bw'ubushera,5630,Bars & beverage serving,Beverage serving activities
ubucuruzi buciriritse bw' ibintu bitandukanye higanjemo ibyo kurya muri butike,4711,"General shop, mainly food","Retail sale in non-specialized stores with food, beverages or tobacco predominating"
"Adandaza (umuceri,umunyu, amavuta yokwisiga, ubunyo wa)",4711,"General shop, mainly food","Retail sale in non-specialized stores with food, beverages or tobacco predominating"
IFU YIGIKOMA NAYO NKEYA CYANE,4781,Market stall: food & drinks,"Retail sale via stalls and markets of food, beverages and tobacco products"
UBUCURUZI BW'IBINYOBWA URWAGWA NI BYA BRALIRWA,5630,Bars & beverage serving,Beverage serving activities
"Kugabura Primus, Mitsing, Turbo n' izindi. Brouchette n' ikirayi higanjemo kugabura inzoga za primus",4719,"General shop, other goods",Other retail sale in non-specialized stores
"kudandaza ibiribwa birimo inyanya ,tungurusumu,,ibitunguru",4721,Specialised food shop,Retail sale of food in specialized stores
ubucuruzo bwibknyobwa,5630,Bars & beverage serving,Beverage serving activities
"ubucuruzi( butike), ubuconco",9602,Hairdressing & beauty,Hairdressing and other beauty treatment
KUGABURI ABANTU,5610,Restaurants & food service,Restaurants and mobile food service activities
Ubucuruzi bw'ikigage budandaza,5630,Bars & beverage serving,Beverage serving activities
SHOP ICURUZA UBUCONSHO IBYIGANJEMO NI AMAVUTA YO KWISIGA,4772,Pharmacy & cosmetics shop,"Retail sale of pharmaceutical and medical goods, cosmetic and toilet articles in specialized stores"
ubucuruzi budandaza ibicuruzwa byiganjemo ibiribwa,4781,Market stall: food & drinks,"Retail sale via stalls and markets of food, beverages and tobacco products"
BUTIKE IDANDAZA IBIRIBWA NAMAVUTA YOKWISIGA,4711,"General shop, mainly food","Retail sale in non-specialized stores with food, beverages or tobacco predominating"
"Ubucuruzi bw'ibiribwa, umuceri,kawunga, ubunyobwa",4721,Specialised food shop,Retail sale of food in specialized stores
GUTANGA IBYO KUNYWA KU BAKIRIYA(INZOGA YURWAGWA)NA PRIMUS,5630,Bars & beverage serving,Beverage serving activities
ubudandazi bw'inkweto muri butiki,4771,Clothing & shoe shop,"Retail sale of clothing, footwear and leather articles in specialized stores"
kudoda tailleur,1410,Tailoring & clothing making,"Manufacture of wearing apparel, except fur apparel"
barogosha gusa,9602,Hairdressing & beauty,Hairdressing and other beauty treatment
ibucuruzi bw'ibiribwa,4721,Specialised food shop,Retail sale of food in specialized stores
UBUDANDAZI BW'IMYAKA,4721,Specialised food shop,Retail sale of food in specialized stores
gutanga inzoga zibitoki,5630,Bars & beverage serving,Beverage serving activities
"ubucuruzi bwibiribwa nibinyobwa higanjemo ibishyimbo ,ubunyobwa ,rihamu ,umuceri ,kawunga,na ji",4711,"General shop, mainly food","Retail sale in non-specialized stores with food, beverages or tobacco predominating"
"ubucuruzi budandaza ibikoresho byo mu rugo byakozeho babanje kubuhindara bishyashya ( intebe , ameza,",4719,"General shop, other goods",Other retail sale in non-specialized stores
UBUHINZI BWIBIHINGWA BUTANDUKANA,0111,Growing cereals & legumes,"Growing of cereals (except rice), leguminous crops and oil seeds"
ubucuruzi bwinyongera musaruro yubuhinzi nubworozi,4719,"General shop, other goods",Other retail sale in non-specialized stores
Umurimo wo Kogosha Abagabo n'Abagore,9602,Hairdressing & beauty,Hairdressing and other beauty treatment
"UBUCURUZI BW'IBIRIBWA HIGANJEMO IFU Y'UBUGARI,UMUCERI N'ISUKARI",4721,Specialised food shop,Retail sale of food in specialized stores
"servive za cantine ( higanjemo icyayi, amandazi, capati,)",5610,Restaurants & food service,Restaurants and mobile food service activities
akabari gapima ikigage,5630,Bars & beverage serving,Beverage serving activities
"adandaza ibijyanye ni binyobwa , harimo inzoga y, umushari (inzoga y, ibitoki)",5630,Bars & beverage serving,Beverage serving activities
Kogosha no gutunganya abakiriya muburyo butandukanye,9602,Hairdressing & beauty,Hairdressing and other beauty treatment
Bacuruza ibirayi badandaza,4781,Market stall: food & drinks,"Retail sale via stalls and markets of food, beverages and tobacco products"
"ubucoco bwiganjemo isabune, umunyu,biswi na buto",4719,"General shop, other goods",Other retail sale in non-specialized stores
"UBUCURUZI BWUMUCERI,IBISHYIMBO IBIRAYI",4721,Specialised food shop,Retail sale of food in specialized stores
akabari kadandaza ibinyobwa bisembuye (Traditional beer),5630,Bars & beverage serving,Beverage serving activities
AKABARI GUTANGA INZOGA,5630,Bars & beverage serving,Beverage serving activities
Kudandaza imboga n'inyanya,4781,Market stall: food & drinks,"Retail sale via stalls and markets of food, beverages and tobacco products"
"gusya ifu(ibigori,imyumbati,amasaka)",1061,Grain milling,Manufacture of grain mill products
ubudandazi bwa boutique yiganjemo ibinyobwa,4711,"General shop, mainly food","Retail sale in non-specialized stores with food, beverages or tobacco predominating"
ubucuruzi bwubuconsho higanjemo amasipani,4719,"General shop, other goods",Other retail sale in non-specialized stores
ubuzufuzi budandaza inzoga z'urwagwa,5630,Bars & beverage serving,Beverage serving activities
ubucuruzi bwa karoti,4781,Market stall: food & drinks,"Retail sale via stalls and markets of food, beverages and tobacco products"
Ubucuruzi bwimyenda namavuta,4711,"General shop, mainly food","Retail sale in non-specialized stores with food, beverages or tobacco predominating"
ibyo kurya no kunywa( alimentation),4721,Specialised food shop,Retail sale of food in specialized stores
"Ubucuruzi bw'ibinyobwa bisembuye, Primus, Skol",5630,Bars & beverage serving,Beverage serving activities
"ubucuruzi bwibiribwa ( ibirayi,ibitoki,,...)",4711,"General shop, mainly food","Retail sale in non-specialized stores with food, beverages or tobacco predominating"
"Ubucuruzi budandaza imyenda , amashati , amakanzu,....",4782,Market stall: clothing,"Retail sale via stalls and markets of textiles, clothing and footwear"
kiosque idandaza yiganjemo ifu y'ibigori,4711,"General shop, mainly food","Retail sale in non-specialized stores with food, beverages or tobacco predominating"
Ubucuruzi budandaza ubuconco bwamatisi,4782,Market stall: clothing,"Retail sale via stalls and markets of textiles, clothing and footwear"
"Kudandaza ibiribwa nkumuceri, umunyu,ifu nibindi",4721,Specialised food shop,Retail sale of food in specialized stores
UBUCURUZI BW IBIKORESHOMBYO MURI QUINCAILERIE,4752,Hardware & paint shop,"Retail sale of hardware, paints and glass in specialized stores"
ubucuruzi budandaza amakara in birayi,4719,"General shop, other goods",Other retail sale in non-specialized stores
gucuruza ibyokurya nibyokunywa,4711,"General shop, mainly food","Retail sale in non-specialized stores with food, beverages or tobacco predominating"
ubucuruzi budandaza bwiganjemo kawa,4711,"General shop, mainly food","Retail sale in non-specialized stores with food, beverages or tobacco predominating"
ubucuruzi budandaza inyanya,4721,Specialised food shop,Retail sale of food in specialized stores
UBUCURUZI BW'AMAFI,4781,Market stall: food & drinks,"Retail sale via stalls and markets of food, beverages and tobacco products"
Kudandaza ibintu bitandukanye muri Boutique harimo ni cyayi.,5610,Restaurants & food service,Restaurants and mobile food service activities
"Barasya ibihwagari, ibigori,amasaka,soya.....",1061,Grain milling,Manufacture of grain mill products
UBUHINZI N' BWOROZI,9810,Household own-use production,Undifferentiated goods-producing activities of private households for own use
ubucuruzi bwinzoga zipfundikiye nurwagwa,5630,Bars & beverage serving,Beverage serving activities
"umurimo w'ingenzi nubudandazi higanjemo umunyu ,Isabune, amakayi gusa",4719,"General shop, other goods",Other retail sale in non-specialized stores
BADANDAZA IBYO KURYA KUBURYO BUCIRIRITSE,5630,Bars & beverage serving,Beverage serving activities
kwakira abantu mukabare,5610,Restaurants & food service,Restaurants and mobile food service activities
Ubucuruzi budanza ibiribwa higanjemo ibirayi,4721,Specialised food shop,Retail sale of food in specialized stores
UBUCURUZI BUDANDAZABWIGANJEMO SAMBUSA ZIKOZE MUBIRAYI MURI RESTAURENT,5610,Restaurants & food service,Restaurants and mobile food service activities
"ubudandazi(ubucuruzi bwibikoresho bitandukanye harimo ibikoeesho byishuli,inkweto zabana,nibiribwa)",4719,"General shop, other goods",Other retail sale in non-specialized stores
"Ubudozi(guteara ibiraka,guteranya imyenda)",1410,Tailoring & clothing making,"Manufacture of wearing apparel, except fur apparel"
adandaza ibintu bitandukanye ahantu habugenewe,4719,"General shop, other goods",Other retail sale in non-specialized stores
UBUCURUZI BUKORERWA MU MIHANDA,4799,Street & mobile vending,"Other retail sale not in stores, stalls or markets"
Ubucuruzi buciriritse bwiganjemo imiti ya kinyarwanda,4772,Pharmacy & cosmetics shop,"Retail sale of pharmaceutical and medical goods, cosmetic and toilet articles in specialized stores"
kudandaza ibintu bitandukanye mu iduka higanjemo Ikweto za parasitike,4771,Clothing & shoe shop,"Retail sale of clothing, footwear and leather articles in specialized stores"
Akabari kaganjemo ibinyobwa bisembuye n'inyama zokeje,5630,Bars & beverage serving,Beverage serving activities
UBUREZI MU MASHURI ABANZA N'INCUKE,8510,Primary education,Pre-primary and primary education
Ubucuruzi budandaza bwiganjemo amapantalo,4782,Market stall: clothing,"Retail sale via stalls and markets of textiles, clothing and footwear"
"agurisha ibiribwa ,ibinyobwa ndetse nibikoresho byisuku",4719,"General shop, other goods",Other retail sale in non-specialized stores
ubudozi bwimyenda yu bwoko umuntu yifuza,1410,Tailoring & clothing making,"Manufacture of wearing apparel, except fur apparel"
ubucuruzi bw'Arimantation bwo kwakira no kugabura,4711,"General shop, mainly food","Retail sale in non-specialized stores with food, beverages or tobacco predominating"
Cabaret Gacuruza inzoga za Bralirwa,5630,Bars & beverage serving,Beverage serving activities
guha abantu ibyokunwa nokurya,5610,Restaurants & food service,Restaurants and mobile food service activities
UBUDANZI BW'UBUCONSHO BWIGANJEMO IRIBWA BITEGURIRWA,4711,"General shop, mainly food","Retail sale in non-specialized stores with food, beverages or tobacco predominating"
ubucuruzi budandaza beiganjemo ibiribwa,4711,"General shop, mainly food","Retail sale in non-specialized stores with food, beverages or tobacco predominating"
"ubudandazi bwibiribwa ,umuceli,kawunga,amavuta,imboga",4711,"General shop, mainly food","Retail sale in non-specialized stores with food, beverages or tobacco predominating"
UBUHINZI BWINISHYIMBO,0111,Growing cereals & legumes,"Growing of cereals (except rice), leguminous crops and oil seeds"
UBUCURUZI BUDANDAZA IMYAMBARO,4782,Market stall: clothing,"Retail sale via stalls and markets of textiles, clothing and footwear"
"Badandaza ibikoresho byo mugikoni higanjemo ibisorori,telemusi hamwe na Bodaboda",4719,"General shop, other goods",Other retail sale in non-specialized stores
Gucuruza ugwarwa,5630,Bars & beverage serving,Beverage serving activities
"ubudandazi bwibiribwa higanjemo ibirayi,amavuta yoguteka",4711,"General shop, mainly food","Retail sale in non-specialized stores with food, beverages or tobacco predominating"
"ubucuruzi bwimbuto zirimo Imineke , n' avoka",4781,Market stall: food & drinks,"Retail sale via stalls and markets of food, beverages and tobacco products"
ubudandazi bw'ibiribwa mu isoko,4781,Market stall: food & drinks,"Retail sale via stalls and markets of food, beverages and tobacco products"
"ubucuruzi bwubuconsho butandukanye harimo umunyu ,umuceri ,ubuto ,amakara ,ubunyobwa nibindi",4711,"General shop, mainly food","Retail sale in non-specialized stores with food, beverages or tobacco predominating"
ubucuruzi bw'ibinyobwa bisembuye (urwagwa),5630,Bars & beverage serving,Beverage serving activities
UBUHINZI NGANDURARUGO,9810,Household own-use production,Undifferentiated goods-producing activities of private households for own use
guha abantu ibyo kirya no kunywa,5610,Restaurants & food service,Restaurants and mobile food service activities
Ubucururuzi bw'akabare,5630,Bars & beverage serving,Beverage serving activities
Ubudandazi bwi ibiribwa,4721,Specialised food shop,Retail sale of food in specialized stores
"NI UGUTUNGANYA IBIVA KUBUHINZI BABIKORAMO IFU,UBUGARI, AMASAKA,SOYA, IBIGORI",1061,Grain milling,Manufacture of grain mill products
badandaza inyongera musaruro,4773,Other specialised shop,Other retail sale of new goods in specialized stores
Ubucuruzi bwamata muri canteen,5610,Restaurants & food service,Restaurants and mobile food service activities
gucuruza ibyo kurya nki fu yimyumbati,4721,Specialised food shop,Retail sale of food in specialized stores
Akabari ki nzoga,5630,Bars & beverage serving,Beverage serving activities
Acuruza buconsho yibintu bitandukanye higanjemo,4719,"General shop, other goods",Other retail sale in non-specialized stores
umurimo akora acuruza inyama zidahiye,4721,Specialised food shop,Retail sale of food in specialized stores
UBUHINZI BW'AMASHAZA,0111,Growing cereals & legumes,"Growing of cereals (except rice), leguminous crops and oil seeds"
UBUHINZI BWIGANJEMO IBINYAMPEKE,0111,Growing cereals & legumes,"Growing of cereals (except rice), leguminous crops and oil seeds"
Alimentation icuruza ibiribwa,4721,Specialised food shop,Retail sale of food in specialized stores
kudandaza ifarini,4721,Specialised food shop,Retail sale of food in specialized stores
Ubuceruzi bwa Gaz,4773,Other specialised shop,Other retail sale of new goods in specialized stores
Boutike idandaza ibicuruzwa bivanze byiganjemo ibiribwa,4711,"General shop, mainly food","Retail sale in non-specialized stores with food, beverages or tobacco predominating"
"kudandaza ibinyobwa(skol,primus,mitsingi)",5630,Bars & beverage serving,Beverage serving activities
Gucuruza akabari adandaza.,5630,Bars & beverage serving,Beverage serving activities
Kudandaza ibiryo cyane cyane imvange,5610,Restaurants & food service,Restaurants and mobile food service activities
ubucuruzi budandaza ibikoresho byubwubatsi muri kenkayeri,4752,Hardware & paint shop,"Retail sale of hardware, paints and glass in specialized stores"
ubuduzi bwimenya isanzwe,1410,Tailoring & clothing making,"Manufacture of wearing apparel, except fur apparel"
ubucuruzi Kiosque,4711,"General shop, mainly food","Retail sale in non-specialized stores with food, beverages or tobacco predominating"
ADANDAZA IBITOKI,4781,Market stall: food & drinks,"Retail sale via stalls and markets of food, beverages and tobacco products"
Badandaza ifu yigikoma namandazi,4721,Specialised food shop,Retail sale of food in specialized stores
UBUCURUZI BUDANDAZA UBUCOSHO CYANE CYANE UMUCERI AMAMESA BISCUIT,4721,Specialised food shop,Retail sale of food in specialized stores
ubudandazi bushingiye binyobwa,4711,"General shop, mainly food","Retail sale in non-specialized stores with food, beverages or tobacco predominating"
"BADODA IMYANDA Y,IGITSINAGABO NI IGITSINA GORE",1061,Grain milling,Manufacture of grain mill products
UBUHINZI BWURUGO,9810,Household own-use production,Undifferentiated goods-producing activities of private households for own use
KUDANDAZA IBICURUZWA HIGANJEMO IMYENDA,4771,Clothing & shoe shop,"Retail sale of clothing, footwear and leather articles in specialized stores"
ubudandazi bwibinyobwa byiganjemo amata,4721,Specialised food shop,Retail sale of food in specialized stores
UBUVURUZI BUDANDAZA IBIRAYI MURI DEPO,4781,Market stall: food & drinks,"Retail sale via stalls and markets of food, beverages and tobacco products"
"Kudandaza ibiribwa(amafu, imineke, )",4721,Specialised food shop,Retail sale of food in specialized stores
Kudandaza buconco harimo n' ibiribwa,4719,"General shop, other goods",Other retail sale in non-specialized stores
ubudandazi bw'ibiribwa imiceri amafu muri butiki,4721,Specialised food shop,Retail sale of food in specialized stores
Umurimo w'ingenzi ni ubucuruzi budandaza bwiganjemo ibiribwa.,4721,Specialised food shop,Retail sale of food in specialized stores
ubucuruzi bwakabari (urwagwa n'ubushera),5630,Bars & beverage serving,Beverage serving activities
Ubucuruzi budandaza bwiganjemo imboga zo kurya,4771,Clothing & shoe shop,"Retail sale of clothing, footwear and leather articles in specialized stores"
kudandaza imbuto zitandukanye,4781,Market stall: food & drinks,"Retail sale via stalls and markets of food, beverages and tobacco products"
IDUKA RIGURISHA IMYENDA,4771,Clothing & shoe shop,"Retail sale of clothing, footwear and leather articles in specialized stores"
ubucuruzi bw ibiribwa n ibinyobwa,4721,Specialised food shop,Retail sale of food in specialized stores
GUTANGA UBUREZI MU MASHURI ABANZA,8510,Primary education,Pre-primary and primary education
Kudandaza imyenda n'inkweto z'abana,4771,Clothing & shoe shop,"Retail sale of clothing, footwear and leather articles in specialized stores"
bacuruza inyama z'inka,4721,Specialised food shop,Retail sale of food in specialized stores
GUCURUZA BOUTIQUE YIBIBWA NIBINYOBWA,4711,"General shop, mainly food","Retail sale in non-specialized stores with food, beverages or tobacco predominating"
"Ubucuruzi budandaza ama radio, ecoueter ,bombo,...",4711,"General shop, mainly food","Retail sale in non-specialized stores with food, beverages or tobacco predominating"
UBUDANDA BWIGANJEMO KOGOSHA,9602,Hairdressing & beauty,Hairdressing and other beauty treatment
Ubucuruzi budandaza ibyokunywa(inzoga),5630,Bars & beverage serving,Beverage serving activities
"ubudandazi bwibintu bitandukanye mu iduka higanjemo ibitenge ,amavuta bisiga barya",4719,"General shop, other goods",Other retail sale in non-specialized stores
KUGABURIRA ABANTU IBINYOBWA BIDASEMBUYE ARIKO BITETSE,5610,Restaurants & food service,Restaurants and mobile food service activities
ADANDAZA IBINTU BITANDUKANYE HIGANJEMO IBIRIBWA,4711,"General shop, mainly food","Retail sale in non-specialized stores with food, beverages or tobacco predominating"
badandaza umunyu isabune n'ibibiriti,4719,"General shop, other goods",Other retail sale in non-specialized stores
ubucuruzi bwa boutique yiganjemo ibiribwa,4711,"General shop, mainly food","Retail sale in non-specialized stores with food, beverages or tobacco predominating"
Restaurant et Boutique yiganjemo Ibinyobwa nibyo kurya,5610,Restaurants & food service,Restaurants and mobile food service activities
KUDANDAZA IBISHYIMBO MU ISOKO,4781,Market stall: food & drinks,"Retail sale via stalls and markets of food, beverages and tobacco products"
ubucuruzi buseriva icyayi namandazi namata,5610,Restaurants & food service,Restaurants and mobile food service activities
Gutanga ibinyobwa byokunywa,5630,Bars & beverage serving,Beverage serving activities
ubudandazi bw'ibiribwa higanjemo ibirayi,4721,Specialised food shop,Retail sale of food in specialized stores
UVUCURUZI BW'IBIRIBWA,4721,Specialised food shop,Retail sale of food in specialized stores
Umurimo wo kogosha imisatsi,9602,Hairdressing & beauty,Hairdressing and other beauty treatment
Ubucuruzi budandaza ibiribwa higanjemo akawunga numuceri,4711,"General shop, mainly food","Retail sale in non-specialized stores with food, beverages or tobacco predominating"
Uburezi mu mashuri abanza ya primary,8510,Primary education,Pre-primary and primary education
kugurisha inzoga(urwagwa),5630,Bars & beverage serving,Beverage serving activities
Gucuruza adandaza higanje icyayi n'indazi,5610,Restaurants & food service,Restaurants and mobile food service activities
"gutunganya imisatsi,gukora inzara",9602,Hairdressing & beauty,Hairdressing and other beauty treatment
"ubucuruzi budandaza ibiribwa bihiye birimo amarindazi,ikirayi,Amata nibindi",5610,Restaurants & food service,Restaurants and mobile food service activities
"Kudandaza higanjemo ibiribwa(umuceri,kawunga umunyu,isukari,buto)",4719,"General shop, other goods",Other retail sale in non-specialized stores
ubucuruzi bwi myenda,4773,Other specialised shop,Other retail sale of new goods in specialized stores
BACURUZA AKABARI,5630,Bars & beverage serving,Beverage serving activities
bacuruza bisembuye nibidasembuye,4711,"General shop, mainly food","Retail sale in non-specialized stores with food, beverages or tobacco predominating"
"UBUCURUZI BUDANDANDAZA NZOGA Y,IKIGAGE MUKABARI",5630,Bars & beverage serving,Beverage serving activities
HIGANJEMO INKWETO NIMYENDA,4771,Clothing & shoe shop,"Retail sale of clothing, footwear and leather articles in specialized stores"
ubucuruzi kubwubatsi,4752,Hardware & paint shop,"Retail sale of hardware, paints and glass in specialized stores"
nubucuruzi bwubuconco,4719,"General shop, other goods",Other retail sale in non-specialized stores
"kugabura ibiribwa byo muri cantine(imigati,amata)",5610,Restaurants & food service,Restaurants and mobile food service activities
GUCURUZA IBICURUZWA BITANDUKANYE HIGANJEMO IBIRIBWA,4711,"General shop, mainly food","Retail sale in non-specialized stores with food, beverages or tobacco predominating"
"Acuruza;amafu,isukari,umunyu,isabune,...",4711,"General shop, mainly food","Retail sale in non-specialized stores with food, beverages or tobacco predominating"
guteka no kugabura ibiryo,5610,Restaurants & food service,Restaurants and mobile food service activities
Gutsya imyumbati,1061,Grain milling,Manufacture of grain mill products
"ugaburira abantu amandazi, ni cyayi utuntu duke.",5610,Restaurants & food service,Restaurants and mobile food service activities
BACURUZA URWAGWA,5630,Bars & beverage serving,Beverage serving activities
UBUCURUZI BUDANDAZA HIGANJEMO IBIRIBWA BISANZWE,4721,Specialised food shop,Retail sale of food in specialized stores
Bacuruza inyama z'inkoko n'amafi,4721,Specialised food shop,Retail sale of food in specialized stores
GUSOKOZA IMISATSI,9602,Hairdressing & beauty,Hairdressing and other beauty treatment
UBUCURUZI W'IMYENDA,4782,Market stall: clothing,"Retail sale via stalls and markets of textiles, clothing and footwear"
gutanga ubumenyi n'uburere ku bana bo mu mashiri abanza,8510,Primary education,Pre-primary and primary education
Ubucuruzi bw'ibiribwa n'ubuconco muri boutique,4711,"General shop, mainly food","Retail sale in non-specialized stores with food, beverages or tobacco predominating"
gucuruza ibikoresho by ubwubatsi n ububaji muri quincaillie,4711,"General shop, mainly food","Retail sale in non-specialized stores with food, beverages or tobacco predominating"
Akabare gapima urwagwa (inzoga y'ibitoke),5630,Bars & beverage serving,Beverage serving activities
UBUCURUZI BW'IBIRIBWA N'IBINYOBWA BY'AKOKANYA,4711,"General shop, mainly food","Retail sale in non-specialized stores with food, beverages or tobacco predominating"
"gusuka imisatsi nogusokoza, gukodesha imyenda yabageni",9602,Hairdressing & beauty,Hairdressing and other beauty treatment
ubudandazi bwibikoresho byubwiza,4711,"General shop, mainly food","Retail sale in non-specialized stores with food, beverages or tobacco predominating"
UBUDOZI BW'IMYENDA ITARI MISHYASHYA NI IMISHYASHYA,1410,Tailoring & clothing making,"Manufacture of wearing apparel, except fur apparel"
umurimo wo kugabura ibyo kurya no kunywa muri centine,5610,Restaurants & food service,Restaurants and mobile food service activities
"Igitara cyiganjeho ibyo kurya(imyumbati,ibijumba",4781,Market stall: food & drinks,"Retail sale via stalls and markets of food, beverages and tobacco products"
"ubudozi bwi , imyenda",1410,Tailoring & clothing making,"Manufacture of wearing apparel, except fur apparel"
"UBUCURUZI BUVANZE BUDANDAZA BWIGANJEMO IBINYOBWA, FANTA, JUS, INZOGA",5630,Bars & beverage serving,Beverage serving activities
ubudandazi bwibintu bitandukanye  mu iduka,4719,"General shop, other goods",Other retail sale in non-specialized stores
ubucuruzi bw'ibiribwa ni binyobwa ubuconsho,4711,"General shop, mainly food","Retail sale in non-specialized stores with food, beverages or tobacco predominating"
"ubucuruzi budandaza hibanzwe kubiribwa (amata, icyayi, imigati)",4711,"General shop, mainly food","Retail sale in non-specialized stores with food, beverages or tobacco predominating"
ubudandazi bwibicuruzwa bitandukanye higanjemo imineke,4711,"General shop, mainly food","Retail sale in non-specialized stores with food, beverages or tobacco predominating"
UBUHINZI BW'IMBOGA (INYANYA),0113,Growing vegetables & tubers,"Growing of vegetables and melons, roots and tubers"
Stand y' ubucuruzi bw' ubuconco bukorera mu isoko bwiganjemo ibicuruzwa bw' ibirayi,4781,Market stall: food & drinks,"Retail sale via stalls and markets of food, beverages and tobacco products"
kudandaza imbada,4781,Market stall: food & drinks,"Retail sale via stalls and markets of food, beverages and tobacco products"
kohosha,9602,Hairdressing & beauty,Hairdressing and other beauty treatment
UBUDANDAZI BW' IMBUTO ZIHIYE MU ISOKO,4781,Market stall: food & drinks,"Retail sale via stalls and markets of food, beverages and tobacco products"
ubucuruzi budandaza ibikoresho byubwubatsi,4752,Hardware & paint shop,"Retail sale of hardware, paints and glass in specialized stores"
"Gucuruza amavuta, umunyu, amakara ,ifu yimyumbati",4711,"General shop, mainly food","Retail sale in non-specialized stores with food, beverages or tobacco predominating"
kudandaza ibyo kurya nibyo kunywa,4711,"General shop, mainly food","Retail sale in non-specialized stores with food, beverages or tobacco predominating"
UBUHINZI BWIBISHYIMBO NIBIGOLI,0111,Growing cereals & legumes,"Growing of cereals (except rice), leguminous crops and oil seeds"
GUTUNYA IMYUMBATI BAKAYIKORAMO IFU Y'UBUGALI,1061,Grain milling,Manufacture of grain mill products
UBUCURUZI BUDANDAZA IBIRIBWA MWIDUKA,4721,Specialised food shop,Retail sale of food in specialized stores
Butike icuruza ikadandaza imyenda y'abagabo,4782,Market stall: clothing,"Retail sale via stalls and markets of textiles, clothing and footwear"
BACURUZA ALIMENTATION,4711,"General shop, mainly food","Retail sale in non-specialized stores with food, beverages or tobacco predominating"
"ubucuruzi budandaza bwiganjemo  imbuto,ibirayi",4711,"General shop, mainly food","Retail sale in non-specialized stores with food, beverages or tobacco predominating"
imashini idoda ibiraka (imyenda),1410,Tailoring & clothing making,"Manufacture of wearing apparel, except fur apparel"
Kudandaza ubuconco higanjemo ibyokurya,4711,"General shop, mainly food","Retail sale in non-specialized stores with food, beverages or tobacco predominating"
Kugabura ibyokurya nibyo kunywa,5610,Restaurants & food service,Restaurants and mobile food service activities
ikihuta cyane ni umunyu,4711,"General shop, mainly food","Retail sale in non-specialized stores with food, beverages or tobacco predominating"
"ubucuruzi budandaza,ifu yubugari namakara",4773,Other specialised shop,Other retail sale of new goods in specialized stores
uburanguzi bw'imiti( pharmacie),4772,Pharmacy & cosmetics shop,"Retail sale of pharmaceutical and medical goods, cosmetic and toilet articles in specialized stores"
UBUCURUZI BWIBIKORESHO BIRIMO INTEBE IBITANDA NIBINDI,4719,"General shop, other goods",Other retail sale in non-specialized stores
Ubudandazi bwibiribwa higanjemo inyanya,4721,Specialised food shop,Retail sale of food in specialized stores
UBUDANDAZI BE'ITABI MURUGO,4630,Wholesale of food & drinks,"Wholesale of food, beverages and tobacco"
"boutique icuruza ibirimbwa bitandukanye ,ibikoresho by,isuku bitandukanye n,ibinyombwa",4711,"General shop, mainly food","Retail sale in non-specialized stores with food, beverages or tobacco predominating"
ubudandazi,4719,"General shop, other goods",Other retail sale in non-specialized stores
SERVICE ZA SALOON,9602,Hairdressing & beauty,Hairdressing and other beauty treatment
GUTANGA IBINYOBWA BYIGANJEMO IKIGAGE,5630,Bars & beverage serving,Beverage serving activities
ubucuruzi bwacogocogo bw'umunyu nisabune,4711,"General shop, mainly food","Retail sale in non-specialized stores with food, beverages or tobacco predominating"
"ubucuruzi budandaza imbuto ( imineke ,amapapayi) mu isoko",4781,Market stall: food & drinks,"Retail sale via stalls and markets of food, beverages and tobacco products"
"acuruza boutique yiganjemo imboga, ibirayi",4711,"General shop, mainly food","Retail sale in non-specialized stores with food, beverages or tobacco predominating"
Ubucuruzi bwibikapo,4719,"General shop, other goods",Other retail sale in non-specialized stores
UBUCURI BW'IMYENDA,4782,Market stall: clothing,"Retail sale via stalls and markets of textiles, clothing and footwear"
ubucuruzi budandaza indazi n'icyayi,5610,Restaurants & food service,Restaurants and mobile food service activities
UBUCURUZI BWA BOUTIQUE BUDANDAZA,4711,"General shop, mainly food","Retail sale in non-specialized stores with food, beverages or tobacco predominating"
Kudandaza inzoga cyane cyane skol na primus,5630,Bars & beverage serving,Beverage serving activities
ubucuruzi budandaza ibitabo,4711,"General shop, mainly food","Retail sale in non-specialized stores with food, beverages or tobacco predominating"
UBUDANDAZI BW'IGANJEMO IMYENDA Y'ABAGABO,4782,Market stall: clothing,"Retail sale via stalls and markets of textiles, clothing and footwear"
Ubucuruzi bucuruza ibiryo,5610,Restaurants & food service,Restaurants and mobile food service activities
Ubucuruzi budandaza mwisoko,4719,"General shop, other goods",Other retail sale in non-specialized stores
GUHUMBIKA NO KUGURISHA UMURAMA W' IBIHUMYO,4773,Other specialised shop,Other retail sale of new goods in specialized stores
kudoda imyenda mishya no gusana iyangititse,1410,Tailoring & clothing making,"Manufacture of wearing apparel, except fur apparel"
Ni restora itanga ibyokurya ni byokunkwa,5610,Restaurants & food service,Restaurants and mobile food service activities
ubucuruzi bw'inyanya kugisima,4711,"General shop, mainly food","Retail sale in non-specialized stores with food, beverages or tobacco predominating"
UBUCURUZI BURANGUZA IMYENDA,4771,Clothing & shoe shop,"Retail sale of clothing, footwear and leather articles in specialized stores"
ubudozi bwimyenda busanzwe,1410,Tailoring & clothing making,"Manufacture of wearing apparel, except fur apparel"
kudandaza ibyo kunkwa bitandukanye harimo nibisindisha,4711,"General shop, mainly food","Retail sale in non-specialized stores with food, beverages or tobacco predominating"
UBUHINZI BWA CIA SEEDS,0111,Growing cereals & legumes,"Growing of cereals (except rice), leguminous crops and oil seeds"
"ubucuruzi budandaza ibiribwa ( umunyu, intoryi, imineke, amakara,...) muri boutique",4711,"General shop, mainly food","Retail sale in non-specialized stores with food, beverages or tobacco predominating"
KUDANDAZA IBINYOBWA MURIBUTIKE,4711,"General shop, mainly food","Retail sale in non-specialized stores with food, beverages or tobacco predominating"
kudandaza ibiribwa cyane kawunga nu muceri,4721,Specialised food shop,Retail sale of food in specialized stores
"kudandaza higanjemo amakaye,amabase,akawunga,amavuta,amafu yigikoma",4719,"General shop, other goods",Other retail sale in non-specialized stores
UBUCURUZI BW'AKABARI K'URWAGWA,5630,Bars & beverage serving,Beverage serving activities
ubucuruzi bucuruza ama unite bubikuza airtel,4711,"General shop, mainly food","Retail sale in non-specialized stores with food, beverages or tobacco predominating"
Gusya ibigori na masaka nimyumbati,1061,Grain milling,Manufacture of grain mill products
Igitara cyiganjeho isambaza,4781,Market stall: food & drinks,"Retail sale via stalls and markets of food, beverages and tobacco products"
Kudandaza higanjemo imbuto,4711,"General shop, mainly food","Retail sale in non-specialized stores with food, beverages or tobacco predominating"
gucuruza ubucosho bwibiribwa,4711,"General shop, mainly food","Retail sale in non-specialized stores with food, beverages or tobacco predominating"
"ubucuruzi bw,inyama",4721,Specialised food shop,Retail sale of food in specialized stores
ubudandazi bwibintu bitandukanye mu kioske,4711,"General shop, mainly food","Retail sale in non-specialized stores with food, beverages or tobacco predominating"
UBUCURUZI BWAMAFU YIGIGIKOMA ATANDUKANYE,4781,Market stall: food & drinks,"Retail sale via stalls and markets of food, beverages and tobacco products"
GUCURUZA IMYAMBARO,4771,Clothing & shoe shop,"Retail sale of clothing, footwear and leather articles in specialized stores"
"ubucuruzi  bwibiribwa bidatetse byiganjemo umuceli niburayi ,imboga",4711,"General shop, mainly food","Retail sale in non-specialized stores with food, beverages or tobacco predominating"
UBUDANDAZI BWIGANJEMO IBIRIBWA NIBYO BIGURWA CYANE,4781,Market stall: food & drinks,"Retail sale via stalls and markets of food, beverages and tobacco products"
KUDANDAZA IFUMBIRE Y'INYONGERAMUSARURO,4773,Other specialised shop,Other retail sale of new goods in specialized stores
ubucuruzi buranguza inzoga za musanze,4630,Wholesale of food & drinks,"Wholesale of food, beverages and tobacco"
Uburuzi bw'imyenda,4782,Market stall: clothing,"Retail sale via stalls and markets of textiles, clothing and footwear"
UBUHINZI BWAKAROTE,0113,Growing vegetables & tubers,"Growing of vegetables and melons, roots and tubers"
UBUCURUZI BWA QUINCALLERIE BWIGANJEMO IBYAMAZI,4752,Hardware & paint shop,"Retail sale of hardware, paints and glass in specialized stores"
UHUHINZI BW'IBISHYIMBO N'IBIGORI,0111,Growing cereals & legumes,"Growing of cereals (except rice), leguminous crops and oil seeds"
"UBUDOZI BW'IMYENDA ISHAJE N'IMISHYA,DUKODESHA IMYENDA Y'ABAGENI",1410,Tailoring & clothing making,"Manufacture of wearing apparel, except fur apparel"
UBUHINZI BWI IHINGWA BITANDUKANYE,0111,Growing cereals & legumes,"Growing of cereals (except rice), leguminous crops and oil seeds"
"ubudandazi bwibiribwa bwiganjemo,umuceri,kawunga",4721,Specialised food shop,Retail sale of food in specialized stores
"boutique,ubucuruzi budandaza ubuconco",4719,"General shop, other goods",Other retail sale in non-specialized stores
Aha abantu ibyo kunywa bisembuye byiganjemo urwagwa rudapfundikiye,5630,Bars & beverage serving,Beverage serving activities
ubucuruzi bwiganjemo imyenda,4711,"General shop, mainly food","Retail sale in non-specialized stores with food, beverages or tobacco predominating"
"kugurisha(ibitoki,umuceri,ibishyimbo,ibirayi)",4721,Specialised food shop,Retail sale of food in specialized stores
ubudandazi bw'ibiribwa muri butique,4711,"General shop, mainly food","Retail sale in non-specialized stores with food, beverages or tobacco predominating"
GUCURUZA UBUCONSHO BWIGANJE IBIRIBWA,4781,Market stall: food & drinks,"Retail sale via stalls and markets of food, beverages and tobacco products"
"UBUCONCO ibirayi,ifu y'ubugari(kukiro)",4711,"General shop, mainly food","Retail sale in non-specialized stores with food, beverages or tobacco predominating"
Gucuruza inzoga (akabali),5630,Bars & beverage serving,Beverage serving activities
UBUREZI BWINSHUCYE NUBWA MASHURI ABANZA,8510,Primary education,Pre-primary and primary education
ubucuruzi budandaza ibirayi,4711,"General shop, mainly food","Retail sale in non-specialized stores with food, beverages or tobacco predominating"
"Ubucuruzi bwibikoresho byamazi byiganjemo coudes, robines,ravabos...",4719,"General shop, other goods",Other retail sale in non-specialized stores
acuruza ibintu bitandukanye hinganjemo amavuta yo kwisiga,4772,Pharmacy & cosmetics shop,"Retail sale of pharmaceutical and medical goods, cosmetic and toilet articles in specialized stores"
GUTUNGANYA IMITSATSI,9602,Hairdressing & beauty,Hairdressing and other beauty treatment
Gutunganya ibidiya no kubicuruza,5610,Restaurants & food service,Restaurants and mobile food service activities
nubucuruzi butandukanye ibitenge ni shakoshi,4711,"General shop, mainly food","Retail sale in non-specialized stores with food, beverages or tobacco predominating"
ubucuruzi budandaza ibitandukanye higanjemo ibiribwa,4771,Clothing & shoe shop,"Retail sale of clothing, footwear and leather articles in specialized stores"
Ubucuruzi bwikigage bukorerwa mu kabari,5630,Bars & beverage serving,Beverage serving activities
Ubucuruzi Budandaza Hingajemo Ibiribwa,4711,"General shop, mainly food","Retail sale in non-specialized stores with food, beverages or tobacco predominating"
"Cantine ibucuruza amata na fanta,amandazi",5610,Restaurants & food service,Restaurants and mobile food service activities
ubucuruzi bwisambaza,4781,Market stall: food & drinks,"Retail sale via stalls and markets of food, beverages and tobacco products"
UBUDANDAZI BW'UBUKI,4711,"General shop, mainly food","Retail sale in non-specialized stores with food, beverages or tobacco predominating"
"Gucuruza uduconsho (anandazi,inyanya,amakara nutundi.....)",4719,"General shop, other goods",Other retail sale in non-specialized stores
UBUCURUZI BUDANDAZA HIGANJEMO ISOMBE,4719,"General shop, other goods",Other retail sale in non-specialized stores
Ubucuruzi buciriritse bwiganjemo ibyo kurya nibyo kunywa bidasembuye,4711,"General shop, mainly food","Retail sale in non-specialized stores with food, beverages or tobacco predominating"
ubucuruzi budandaza bwiganjemo ubucuruzi bwinkweto zabagore,4782,Market stall: clothing,"Retail sale via stalls and markets of textiles, clothing and footwear"
ubucuruzi bw'inzoga z'urwagwa gusa,5630,Bars & beverage serving,Beverage serving activities
UBUHINZI BW'INTORYI,0113,Growing vegetables & tubers,"Growing of vegetables and melons, roots and tubers"
Gucuruza amavuta yo kwisiga,4772,Pharmacy & cosmetics shop,"Retail sale of pharmaceutical and medical goods, cosmetic and toilet articles in specialized stores"
Ni botique idandaza ibintu byiganjemo Kawunga na mavuta,4721,Specialised food shop,Retail sale of food in specialized stores
kugaburira abantu ibyo kurya no kubaha ibyo kunwa,5610,Restaurants & food service,Restaurants and mobile food service activities
"KUGABURA IBYO KUNYWA NKA PRIMUS, SKOL",5630,Bars & beverage serving,Beverage serving activities
ubucuruzi budandaza inzoga higanjemo izi skol mu kabari,5630,Bars & beverage serving,Beverage serving activities
Nukudoda imyenda mishya nogutera ibiremo kumyenda,5610,Restaurants & food service,Restaurants and mobile food service activities
kudoda imyenda mishya nogusana iyacitse,1410,Tailoring & clothing making,"Manufacture of wearing apparel, except fur apparel"
UBUDANDAZI BWIGANJEMO IBYO KURYA BISWI,4711,"General shop, mainly food","Retail sale in non-specialized stores with food, beverages or tobacco predominating"
ubucuruzi bwibinyobwa bidapfundikiye muri bare urwagwa,5630,Bars & beverage serving,Beverage serving activities
ubucuruzi budandaza jus zikoze mubisheke,4719,"General shop, other goods",Other retail sale in non-specialized stores
GUKORA IM8SATSI Y'ABADAMU,9602,Hairdressing & beauty,Hairdressing and other beauty treatment
Restora icuruza ibyokurya higanjemo ibirayi igitoki,5610,Restaurants & food service,Restaurants and mobile food service activities
"UBUDOZI BW'IMYENDA MISHYA Y,'ABAGABO N'ABAGORE NO GUSUBIRAMO IYAKOZE",1410,Tailoring & clothing making,"Manufacture of wearing apparel, except fur apparel"
Akabari gacuruza izoga zurwagwa( inzoga zibitoki),5630,Bars & beverage serving,Beverage serving activities
"ubudandazi bwubuconco bwiganjemo ibirayi,umuceri,isukari...",4711,"General shop, mainly food","Retail sale in non-specialized stores with food, beverages or tobacco predominating"
"ubucuruzi bw'umuceri,,kawunga,isukari",4721,Specialised food shop,Retail sale of food in specialized stores
BACURUZA IBIKORESHO BYUBWUBATSI BYIGANJEMO AMASIMA NIBINDI BIKORESHO BYO MURI KENKAYERI,4752,Hardware & paint shop,"Retail sale of hardware, paints and glass in specialized stores"
ubucuruzi bwibiribwa nibikoresho by'isuku,4719,"General shop, other goods",Other retail sale in non-specialized stores
UBUHINZI N'UBWOROZI UBIKORERA URUGO RWE,9810,Household own-use production,Undifferentiated goods-producing activities of private households for own use
"ubudandazi bwibiribwa bwiganjemo,umuceri,ubugali",4721,Specialised food shop,Retail sale of food in specialized stores
Kudoda imyenda yubwoko bwose,1410,Tailoring & clothing making,"Manufacture of wearing apparel, except fur apparel"
UBUCURUZI BUDANDAZA HIGANJEMO IMPUNGURE N'IBISHYIMBO,4719,"General shop, other goods",Other retail sale in non-specialized stores
Ubucuru bw'Ibinyobwa,5610,Restaurants & food service,Restaurants and mobile food service activities
akabari kinzoga zidasembuye,5630,Bars & beverage serving,Beverage serving activities
"GUSYA(AMASAKA,IBIGORI,IMYUMBATI)",1061,Grain milling,Manufacture of grain mill products
"Ubucuruzi bw'ibikoresho by'ubwubatsi( cements, amarangi, imisumari, amatara yo munzu, amabati,lacrete, imyeyo) muri quincaillerie",4711,"General shop, mainly food","Retail sale in non-specialized stores with food, beverages or tobacco predominating"
Kudandaza ibitunguru kumuhanda,4799,Street & mobile vending,"Other retail sale not in stores, stalls or markets"
kogosha umusatsi abakiriya,9602,Hairdressing & beauty,Hairdressing and other beauty treatment
ubucuruzi budandaza bwiganjemo izoga z' urwagwa,5630,Bars & beverage serving,Beverage serving activities
UBUHINZI BWIMBONGA,0113,Growing vegetables & tubers,"Growing of vegetables and melons, roots and tubers"
SERVING BEVARAGE,5630,Bars & beverage serving,Beverage serving activities
"Saloon de coiffure(kudefriza,koza mumutwe,kogosha,gusiga inzara",9602,Hairdressing & beauty,Hairdressing and other beauty treatment
ubucuruzi bw'ibribwa bitandukanye,4721,Specialised food shop,Retail sale of food in specialized stores
"ubucuruzi bw,ibikoresho by,ubwubatsi",4752,Hardware & paint shop,"Retail sale of hardware, paints and glass in specialized stores"
Kugaburira abantu inzoga higanjemo Primus n'umusururu,5630,Bars & beverage serving,Beverage serving activities
UBUDOZI BWI NYENNDA AMAPATARO IBITENGE,1410,Tailoring & clothing making,"Manufacture of wearing apparel, except fur apparel"
Restaurent igabura,5630,Bars & beverage serving,Beverage serving activities
UBUCURUZI BWINZOGA MUKABARI,5630,Bars & beverage serving,Beverage serving activities
"kudandaza ibiribwa n'ibinyobwa(imineke,amandazi,icyayi)",5610,Restaurants & food service,Restaurants and mobile food service activities
Kugabura  Ibinyobwa bidasembuye(Umusururu),5630,Bars & beverage serving,Beverage serving activities
UBUCURUZI BW'IMYAKA(IBIRIBWA),4781,Market stall: food & drinks,"Retail sale via stalls and markets of food, beverages and tobacco products"
"ubucuruzi buto harimo(amakaye,paudre,...)",4719,"General shop, other goods",Other retail sale in non-specialized stores
"ubudandazi bwiganjemo ibiribwa ,ibinyobwa n'ibikoresho byisuku",4719,"General shop, other goods",Other retail sale in non-specialized stores
acuruza adandaza ibiribwa,4711,"General shop, mainly food","Retail sale in non-specialized stores with food, beverages or tobacco predominating"
ubucuruzi bwibiribwa bidatetse nubuconsho,4711,"General shop, mainly food","Retail sale in non-specialized stores with food, beverages or tobacco predominating"
Ubucuruzi budandaza bw inzoga,5630,Bars & beverage serving,Beverage serving activities
Kogosha abantu na mituyu,9602,Hairdressing & beauty,Hairdressing and other beauty treatment
Gucuruza imboga n ibiribwa ku gitanda cyo mwisoko,4711,"General shop, mainly food","Retail sale in non-specialized stores with food, beverages or tobacco predominating"
Ubucuruzi bwinyongera musaruro bwiganjemo NPK 17 1717,4773,Other specialised shop,Other retail sale of new goods in specialized stores
Acuruza buconsho yibintu bitandukanye higanjemo ibiribwa,4711,"General shop, mainly food","Retail sale in non-specialized stores with food, beverages or tobacco predominating"
gusya amasaka...,1061,Grain milling,Manufacture of grain mill products
UBUCURUZI BWUBUCONCO BWIGANJEMO IBIRIBWA,4711,"General shop, mainly food","Retail sale in non-specialized stores with food, beverages or tobacco predominating"
Ubucuruzi bugabura ibintu bitandukanye higanjemo kwenga ikigage .,5630,Bars & beverage serving,Beverage serving activities
ubucuruzi budandaza ibiryo bya matungo,4773,Other specialised shop,Other retail sale of new goods in specialized stores
Gutanga icyo kunywa no kurya kubakiriya,5630,Bars & beverage serving,Beverage serving activities
ubucuruzi budandaza ubucoco higanjemo ibiribwa,4711,"General shop, mainly food","Retail sale in non-specialized stores with food, beverages or tobacco predominating"
kudandaza imbuto mu isoko,4781,Market stall: food & drinks,"Retail sale via stalls and markets of food, beverages and tobacco products"
ubucuruzi bw imboga (dodo inyanya intoryi ibitunguru) ibirayi n igitoki,4721,Specialised food shop,Retail sale of food in specialized stores
UBUHINZI BW'IBISHYIMBO N'IBIGORI,0111,Growing cereals & legumes,"Growing of cereals (except rice), leguminous crops and oil seeds"
UBUCURUZI BW' IBISHYIMBO,4781,Market stall: food & drinks,"Retail sale via stalls and markets of food, beverages and tobacco products"
Kudadaza utuntu dutandukanye higajemo ibiribwa,4711,"General shop, mainly food","Retail sale in non-specialized stores with food, beverages or tobacco predominating"
UBUCURUZI BW'IKIGAGE,5630,Bars & beverage serving,Beverage serving activities
ubudandazi boutique bwiganjemo ibiribwa,4711,"General shop, mainly food","Retail sale in non-specialized stores with food, beverages or tobacco predominating"
"boutiqueyiganjemo(amakaye,amavuta)",4719,"General shop, other goods",Other retail sale in non-specialized stores
gushya ifu amasaka ibigori,1061,Grain milling,Manufacture of grain mill products
Guha abantu ibyo kunywa (inzoga zipfundikiye),4711,"General shop, mainly food","Retail sale in non-specialized stores with food, beverages or tobacco predominating"
Imirimo yo gucuruza ubushera,5630,Bars & beverage serving,Beverage serving activities
KUGABURA IBYO KURYA HIGANJEMO CAPATI,5610,Restaurants & food service,Restaurants and mobile food service activities
ubudandazi bwiganjemo ibinyobwa  bisembuye nibidasembuye,5630,Bars & beverage serving,Beverage serving activities
gucuruza ibiribwa bihiye,5630,Bars & beverage serving,Beverage serving activities
"ubudandazi bwamavuta yokwisiga, nimigati,",4721,Specialised food shop,Retail sale of food in specialized stores
kudandaza ubucosho bwibiribwa,4711,"General shop, mainly food","Retail sale in non-specialized stores with food, beverages or tobacco predominating"
"Badandaza ubuconco harimo,ibiribwa bidatetse",4711,"General shop, mainly food","Retail sale in non-specialized stores with food, beverages or tobacco predominating"
kudandaza ubuconsho bwiganjemo ibyo kurya,4773,Other specialised shop,Other retail sale of new goods in specialized stores
"Ubucuruzi bwo kurangura ibikapu, valise higanje mo malette",4773,Other specialised shop,Other retail sale of new goods in specialized stores
"Gusya Imyaka Abaturage bizaniye(ibigori,amasaka,...)",1061,Grain milling,Manufacture of grain mill products
GUCURUZA IBINTU BITANDUNYE CYANE CYANE AMASABUNE,4719,"General shop, other goods",Other retail sale in non-specialized stores
"ubucuruzi budandaza bwibiribwa higanjemo kawunga umuceri ,igitoki,ibirayi nigitunguru",4711,"General shop, mainly food","Retail sale in non-specialized stores with food, beverages or tobacco predominating"
"ubudandazi(ibiribwa,amandazi,isukari,ubunyobwa)",5610,Restaurants & food service,Restaurants and mobile food service activities
ubudandazi bw'inyanya muisoko,4781,Market stall: food & drinks,"Retail sale via stalls and markets of food, beverages and tobacco products"
Ubudandazi by'imboga,4781,Market stall: food & drinks,"Retail sale via stalls and markets of food, beverages and tobacco products"
UBUDANDAZI BWIGANJEMO IBINYOBWA MU KABARI,5630,Bars & beverage serving,Beverage serving activities
gucuruza imboga nibiraye,4781,Market stall: food & drinks,"Retail sale via stalls and markets of food, beverages and tobacco products"
Kubeta amasaka n'impungure,1061,Grain milling,Manufacture of grain mill products
"ubucuruzi budandaza ibyokurya higanjemo kawunga ,umuceli,isukali,isabune,amavuta yokurya",4711,"General shop, mainly food","Retail sale in non-specialized stores with food, beverages or tobacco predominating"
ubucuruzi buranguze bw'inzoga za Bralirwa,4630,Wholesale of food & drinks,"Wholesale of food, beverages and tobacco"
GUCURUZA IBYO KUNYWA NO KURYA,5610,Restaurants & food service,Restaurants and mobile food service activities
Acuruza adandaza higanje isabu n'umunyu,4719,"General shop, other goods",Other retail sale in non-specialized stores
batunganya imisatsi y abagabo n abagore,9602,Hairdressing & beauty,Hairdressing and other beauty treatment
GUTUNGANYA IMISATSI Y'ABAGABO,9602,Hairdressing & beauty,Hairdressing and other beauty treatment
ubucuruzi budanza amakara,4773,Other specialised shop,Other retail sale of new goods in specialized stores
UBUCURUZI BWA VOKA MUMUHANDA,4799,Street & mobile vending,"Other retail sale not in stores, stalls or markets"
kuranguza umusururu no kudandaza  inzoga,5630,Bars & beverage serving,Beverage serving activities
"Igitara gicururizwaho ibiribwa bitandukanye(Amamesa,n,ubunyobwa n'indangara)",4711,"General shop, mainly food","Retail sale in non-specialized stores with food, beverages or tobacco predominating"
"Kudandaza kawunga,umuceri,ifarini,umunyu",4711,"General shop, mainly food","Retail sale in non-specialized stores with food, beverages or tobacco predominating"
BAHINGA INYANYA,0113,Growing vegetables & tubers,"Growing of vegetables and melons, roots and tubers"
Acuruza adandaza icyokurya,5610,Restaurants & food service,Restaurants and mobile food service activities
ubucuruzi budandaza ibyiganjemo ibinyobwa,4711,"General shop, mainly food","Retail sale in non-specialized stores with food, beverages or tobacco predominating"
ubudandaza -Inyanya,4773,Other specialised shop,Other retail sale of new goods in specialized stores
Ubudandazi bwibiribwa bwiganjemo ibyo kurya no kunywa,4711,"General shop, mainly food","Retail sale in non-specialized stores with food, beverages or tobacco predominating"
"Kudandaza jus,kawunga,umuceri,biswi",4711,"General shop, mainly food","Retail sale in non-specialized stores with food, beverages or tobacco predominating"
service zo kongosha abantu,9602,Hairdressing & beauty,Hairdressing and other beauty treatment
UBUCURUZI BURANGUZA IBIRIBWA N'IBIKORESHO BYO KUMEZA,4719,"General shop, other goods",Other retail sale in non-specialized stores
ubucuruzi bwibinyobwa( cantine),5610,Restaurants & food service,Restaurants and mobile food service activities
aradoda imyenda yabagabo nabagore,1410,Tailoring & clothing making,"Manufacture of wearing apparel, except fur apparel"
KUGABURIRA ABANTU NO KUBAHA IBYO KURYA,5610,Restaurants & food service,Restaurants and mobile food service activities
UBUCURUNZI BWIGANJEMO IBIRIBWA BUTARANGUZA,4711,"General shop, mainly food","Retail sale in non-specialized stores with food, beverages or tobacco predominating"
gucuruza amata icyayi amandazi,5610,Restaurants & food service,Restaurants and mobile food service activities
"kugurisha liqueur,umhceri,kawunga,imigati,ibikoresho by'isuku",4719,"General shop, other goods",Other retail sale in non-specialized stores
ubudozi bw'imipira y'ubudodo(gufata ubudodo akabukoramo imipira y'imbeho),1410,Tailoring & clothing making,"Manufacture of wearing apparel, except fur apparel"
KURANGUZA AMAGI MUMIHANDA IJYA MU ISOKO,4630,Wholesale of food & drinks,"Wholesale of food, beverages and tobacco"
kuteka ibiryo no kugabura,5610,Restaurants & food service,Restaurants and mobile food service activities
ubudandazi bwimboga higanjemo inyanya intoryi nibitunguru,4781,Market stall: food & drinks,"Retail sale via stalls and markets of food, beverages and tobacco products"
BAGABURA IBIRIBWA,4711,"General shop, mainly food","Retail sale in non-specialized stores with food, beverages or tobacco predominating"
Bakora umurimo wo kogosha,9602,Hairdressing & beauty,Hairdressing and other beauty treatment
kubaga amatungono kotsa inyama,5610,Restaurants & food service,Restaurants and mobile food service activities
adandaza imyenda,4782,Market stall: clothing,"Retail sale via stalls and markets of textiles, clothing and footwear"
"UBUCURUZI BW,IMYENDA Y,IGANJEMO IYABAGORE",4711,"General shop, mainly food","Retail sale in non-specialized stores with food, beverages or tobacco predominating"
KUDANDAZA IBIRIBWA MURI BOUTIQUE HIGANJEMO AMAVUTA YO KURYA,4711,"General shop, mainly food","Retail sale in non-specialized stores with food, beverages or tobacco predominating"
"ubucuruzi bwi kweto ,ibikombe ,nibishyimbo,Amasabune nibindi",4719,"General shop, other goods",Other retail sale in non-specialized stores
UBUCURUZI BWIBIJYANYE NA QUEKE,4772,Pharmacy & cosmetics shop,"Retail sale of pharmaceutical and medical goods, cosmetic and toilet articles in specialized stores"
GUHA ABANTU UBWIZA,9602,Hairdressing & beauty,Hairdressing and other beauty treatment
ubucuruzi bw'inzoga zipfundikiye,5630,Bars & beverage serving,Beverage serving activities
"gucuruza imiceri, akawumga, ibishyimbo",4711,"General shop, mainly food","Retail sale in non-specialized stores with food, beverages or tobacco predominating"
kudoda imyenda mishya no gusana iyacitse,1410,Tailoring & clothing making,"Manufacture of wearing apparel, except fur apparel"
ubucururuzi budandaza umunyu na mavuta yo kwisiga,4719,"General shop, other goods",Other retail sale in non-specialized stores
UBUHINZI NUBWOROZI BYO GUTUNGA URUGO,9810,Household own-use production,Undifferentiated goods-producing activities of private households for own use
UBUDANDAZI BUCURUZA   BWIBANDA KUNKWETO,4711,"General shop, mainly food","Retail sale in non-specialized stores with food, beverages or tobacco predominating"
ubucuruzi buvanze mo ibyo gukoresha murugo,4799,Street & mobile vending,"Other retail sale not in stores, stalls or markets"
"gucuruza amandazi ,imigati, icyayi",5610,Restaurants & food service,Restaurants and mobile food service activities
"ubucuruzi bwifumbire:NPK,UREA,na SEED",4773,Other specialised shop,Other retail sale of new goods in specialized stores
"ubucuruzi budandaza bwiganjemo ibikoresho bw' isuku nibyo kurya: umunyu, amavuta, isabune, umweto, umuceri,",4711,"General shop, mainly food","Retail sale in non-specialized stores with food, beverages or tobacco predominating"
ubucuruzi budandaza imyenda ivangavanze,4773,Other specialised shop,Other retail sale of new goods in specialized stores
ubucuruzi budandaza bwa boutique,4719,"General shop, other goods",Other retail sale in non-specialized stores
ubudozi bwimyenda mubitambaro abakiriya,1410,Tailoring & clothing making,"Manufacture of wearing apparel, except fur apparel"
"gutanga, ibinyobwa",5630,Bars & beverage serving,Beverage serving activities
ubucuruzi kabari,5630,Bars & beverage serving,Beverage serving activities
ubucurunzi bundandaza ibiribwa bitandukanye higajemo ibishyimbo,4771,Clothing & shoe shop,"Retail sale of clothing, footwear and leather articles in specialized stores"
Ni ugucuruza amasaka baranguza,4721,Specialised food shop,Retail sale of food in specialized stores
IMIRIMO YO KUGABURA MURI RESTAURENT,5610,Restaurants & food service,Restaurants and mobile food service activities
UBUREZI MURI PRIMAIRE,8510,Primary education,Pre-primary and primary education
Ubudandazi bwi  lmyenda hamwe ninkweto higanjemo imyenda,4771,Clothing & shoe shop,"Retail sale of clothing, footwear and leather articles in specialized stores"
"ubucuruzi budandaza higanjemo:amavuta,umuceri,biscuti nibindi",4719,"General shop, other goods",Other retail sale in non-specialized stores
UBUCURUZI BUDANDAZA BWIGANJEMO IMYENDA YABANA,4782,Market stall: clothing,"Retail sale via stalls and markets of textiles, clothing and footwear"
ubucuruzi budandaza inkweto zaba gore,4771,Clothing & shoe shop,"Retail sale of clothing, footwear and leather articles in specialized stores"
ubudozi bw'imyenda y'abagore,1410,Tailoring & clothing making,"Manufacture of wearing apparel, except fur apparel"
uburuzi budandaza bwimyaka,4711,"General shop, mainly food","Retail sale in non-specialized stores with food, beverages or tobacco predominating"
kudandaza imiti y'abantu muri pharmacy,4772,Pharmacy & cosmetics shop,"Retail sale of pharmaceutical and medical goods, cosmetic and toilet articles in specialized stores"
batanga service za restauration na bar,5610,Restaurants & food service,Restaurants and mobile food service activities
UBUHINZI BWIBIJUMBA,0113,Growing vegetables & tubers,"Growing of vegetables and melons, roots and tubers"
"kubeta amasaka, ingano,",1061,Grain milling,Manufacture of grain mill products
kudandaza amavuta yo kwisiga na omo,4772,Pharmacy & cosmetics shop,"Retail sale of pharmaceutical and medical goods, cosmetic and toilet articles in specialized stores"
ubucuruzi bwa boutique nto yiganjemo ibyokurya,4711,"General shop, mainly food","Retail sale in non-specialized stores with food, beverages or tobacco predominating"
Ubucuruzi bwibiryo n'ubuconco muri boutique,4711,"General shop, mainly food","Retail sale in non-specialized stores with food, beverages or tobacco predominating"
"UBUCURUZI BWA CANTINE (AMATA,ICYAYI)",5610,Restaurants & food service,Restaurants and mobile food service activities
Kudandaza ibintu bitandukanye mu'iduka harimo ibiribwa n'ibinyobwa,4711,"General shop, mainly food","Retail sale in non-specialized stores with food, beverages or tobacco predominating"
UBUHINZI BWAMATEKE,0113,Growing vegetables & tubers,"Growing of vegetables and melons, roots and tubers"
Ubucuruzi buranguza higanjemo ibyo kurya,4711,"General shop, mainly food","Retail sale in non-specialized stores with food, beverages or tobacco predominating"
gucuruza ibinyobwa byiganjemo icyayi,5610,Restaurants & food service,Restaurants and mobile food service activities
KUBIBA AMASAKA,0111,Growing cereals & legumes,"Growing of cereals (except rice), leguminous crops and oil seeds"
Ubucuruzi budandaza ibyo kurya nibyo kunywa,4711,"General shop, mainly food","Retail sale in non-specialized stores with food, beverages or tobacco predominating"
Gucuruza uduconco,4721,Specialised food shop,Retail sale of food in specialized stores
b?utique icuruza indagara hamwe nubunyobwa kuri detaye,4721,Specialised food shop,Retail sale of food in specialized stores
Ubucuruzi budandaza bwiganjyemo ibiribwa,4711,"General shop, mainly food","Retail sale in non-specialized stores with food, beverages or tobacco predominating"
UBUCURUZI DUDANDAZA IBIBWA MU IDUKA,4711,"General shop, mainly food","Retail sale in non-specialized stores with food, beverages or tobacco predominating"
adandaza ibiribwa nibinyobwa bitandukanye higanjemo ibinyobwa bisembuye,4711,"General shop, mainly food","Retail sale in non-specialized stores with food, beverages or tobacco predominating"
ubucuruzi bwibyo kurya adandaza higanjemo umuceri nibindi,4711,"General shop, mainly food","Retail sale in non-specialized stores with food, beverages or tobacco predominating"
"ubucuruzi bwibiribwa: ifu , ibirayi , ishyimbo ,amavuta",4721,Specialised food shop,Retail sale of food in specialized stores
UBUCURUZI BW'URWAGWA MUKABARI,5630,Bars & beverage serving,Beverage serving activities
KUDODA IBIKAPU BISHYA,1410,Tailoring & clothing making,"Manufacture of wearing apparel, except fur apparel"
yogosha abagabo nabagore,9602,Hairdressing & beauty,Hairdressing and other beauty treatment
ubucuruzi bw'inkweto,4782,Market stall: clothing,"Retail sale via stalls and markets of textiles, clothing and footwear"
NYAKABYIZI MUBUHINZI IBISHYIMBO,0111,Growing cereals & legumes,"Growing of cereals (except rice), leguminous crops and oil seeds"
ubudandazi bwubuconsho bwiganjemo ibiribwa ubugali ibirayi numuceli,4711,"General shop, mainly food","Retail sale in non-specialized stores with food, beverages or tobacco predominating"
ubudandazi bwa kabari higanjemo ibinyobwa,5630,Bars & beverage serving,Beverage serving activities
UBUDOZI BW' IMYENDA MISHYA NI SHAJE,1410,Tailoring & clothing making,"Manufacture of wearing apparel, except fur apparel"
kudandaza hibanda kubiribwa,4711,"General shop, mainly food","Retail sale in non-specialized stores with food, beverages or tobacco predominating"
Kudandaza ibintu bitandukanye mu iduka higanjemo umunyu;amavuta;umuceri,4711,"General shop, mainly food","Retail sale in non-specialized stores with food, beverages or tobacco predominating"
UBUHINZI BW AMASHAZA,0111,Growing cereals & legumes,"Growing of cereals (except rice), leguminous crops and oil seeds"
Umurimo wingenzi nugusekura ifu,1061,Grain milling,Manufacture of grain mill products
"ubucuruzi akawunga,umuceri,juice",4711,"General shop, mainly food","Retail sale in non-specialized stores with food, beverages or tobacco predominating"
"ubucuruzi budandaza ibiribwa ahantu habugenewe higanjemo  amandazi, umuceri",4711,"General shop, mainly food","Retail sale in non-specialized stores with food, beverages or tobacco predominating"
uburezi bwamashuri 6 abanza,8510,Primary education,Pre-primary and primary education
UBUHINZI BWOROZI BUGAMIJE GUTUNGU URUGO,9810,Household own-use production,Undifferentiated goods-producing activities of private households for own use
ubucuruzu bw'inzoga urwagwa,5630,Bars & beverage serving,Beverage serving activities
UBUCURUZI BW'ACANTINE,5610,Restaurants & food service,Restaurants and mobile food service activities
gucuruza ibyo kunywa(Meraneza n'murava),5630,Bars & beverage serving,Beverage serving activities
Chop yiganjemo Imyenda n'inkweto,4771,Clothing & shoe shop,"Retail sale of clothing, footwear and leather articles in specialized stores"
ubucuruzi bw imiti ikoreshwa m ubuhinzi n ubworozi,4772,Pharmacy & cosmetics shop,"Retail sale of pharmaceutical and medical goods, cosmetic and toilet articles in specialized stores"
kudandaza imyenda yabana ya caguwa,4771,Clothing & shoe shop,"Retail sale of clothing, footwear and leather articles in specialized stores"
kugabura urwarwa,5630,Bars & beverage serving,Beverage serving activities
ubudandazi bwa sima nibikoresho byubwubatsi,4752,Hardware & paint shop,"Retail sale of hardware, paints and glass in specialized stores"
"gucuruza ibiribwa(ibirayi,umuceli,......)",4711,"General shop, mainly food","Retail sale in non-specialized stores with food, beverages or tobacco predominating"
UBUCURUZI BUDANDAZA IMYENDA MWIDUKA,4782,Market stall: clothing,"Retail sale via stalls and markets of textiles, clothing and footwear"
ubucuruzi bugabura ibinyobwa bidasembuye (umusurur,5630,Bars & beverage serving,Beverage serving activities
"kugurisha(intoryi,amandazi,imigati,ibirayi,jus)",4721,Specialised food shop,Retail sale of food in specialized stores
UBUREZI BW'AMASHURI Y'INCUKE N' ABANZA,8510,Primary education,Pre-primary and primary education
Akabari kimitobe,5630,Bars & beverage serving,Beverage serving activities
GUCURUZA IMITI Y'AMATUNGO NO GUTANGA INAMA K'UBWOROZI BW'AMATUNGO,4772,Pharmacy & cosmetics shop,"Retail sale of pharmaceutical and medical goods, cosmetic and toilet articles in specialized stores"
"Ubudandazi bw' ubuconco bwiganjemo amakayi, inga n' amakaramu",4799,Street & mobile vending,"Other retail sale not in stores, stalls or markets"
SERVICES Z'UBWIZA,9602,Hairdressing & beauty,Hairdressing and other beauty treatment
Ubudandazi bwimboga mwisoko,4781,Market stall: food & drinks,"Retail sale via stalls and markets of food, beverages and tobacco products"
"gucuruza ifu,isabune, ibibiriti umuceri",4781,Market stall: food & drinks,"Retail sale via stalls and markets of food, beverages and tobacco products"
"Ubudandazi bw'umunyu,isabune n'umuceri",4721,Specialised food shop,Retail sale of food in specialized stores
ubucuruzi budandaza imiceri akawunga haromo nama juice nakawunga,4721,Specialised food shop,Retail sale of food in specialized stores
MUBUHINZI BUVANGAVANZE,0111,Growing cereals & legumes,"Growing of cereals (except rice), leguminous crops and oil seeds"
gucuruza tungurusumu,4721,Specialised food shop,Retail sale of food in specialized stores
KUDANDAZA IBINTU HIGANJEMO IBIRIBWA MU IDUKA,4711,"General shop, mainly food","Retail sale in non-specialized stores with food, beverages or tobacco predominating"
Ubucuruzi budandaza ibirayi n'ibitoki mu isoko,4781,Market stall: food & drinks,"Retail sale via stalls and markets of food, beverages and tobacco products"
UBUCURUZI BW'IBIRIBWA BUKORERWA MURI BUTIKI,4721,Specialised food shop,Retail sale of food in specialized stores
UMUHINZI BWIBIJUMBA,0113,Growing vegetables & tubers,"Growing of vegetables and melons, roots and tubers"
Ubucurizi bwibitenge,4771,Clothing & shoe shop,"Retail sale of clothing, footwear and leather articles in specialized stores"
umurimo w'ingenzi ikigo gikora n'ubucuruzi bw'ubushera,5630,Bars & beverage serving,Beverage serving activities
Gutanga service yo kogosha,9602,Hairdressing & beauty,Hairdressing and other beauty treatment
ubudandazi bwiganjemo ibiribwa bitekwa,4711,"General shop, mainly food","Retail sale in non-specialized stores with food, beverages or tobacco predominating"
ubucuruzi bw'ubudandaza bwinyanya nimboga,4721,Specialised food shop,Retail sale of food in specialized stores
KUDANDAZA IBYO KURYA MURI BUTIKE,4721,Specialised food shop,Retail sale of food in specialized stores
UBUDANDAZI BW' IMINEKE MWISOKO,4781,Market stall: food & drinks,"Retail sale via stalls and markets of food, beverages and tobacco products"
UBUDANDAZI BWIBIRIBWA BIBISI MU ISOKO,4781,Market stall: food & drinks,"Retail sale via stalls and markets of food, beverages and tobacco products"
ugupima urwagwa ni ikigage,5630,Bars & beverage serving,Beverage serving activities
UBUFURUZI BW'IBIKORESHO BIKORWA MUBWUBATSI,4752,Hardware & paint shop,"Retail sale of hardware, paints and glass in specialized stores"
AROGOSHA AFITE IMASHINI IMWE,9602,Hairdressing & beauty,Hairdressing and other beauty treatment
"ibiribwa byiganje : umuceri , akawunga , ibirayi byose bitetse kandi neza",4711,"General shop, mainly food","Retail sale in non-specialized stores with food, beverages or tobacco predominating"
"gucuruza ibiribwa birimo ifu,umunyu nibindi",4711,"General shop, mainly food","Retail sale in non-specialized stores with food, beverages or tobacco predominating"
"ubucuruzi bw'ubucogocogo(ibirayi,amavuta yo kwisiga,amavuta yo kurya,umuceri,akawunga,amasabune,imyunyu)",4721,Specialised food shop,Retail sale of food in specialized stores
ubudandazi bwimyenda mu isoko,4782,Market stall: clothing,"Retail sale via stalls and markets of textiles, clothing and footwear"
"Kudandaza imboga higanjemo dodo,inyanya poivron intoryi",4781,Market stall: food & drinks,"Retail sale via stalls and markets of food, beverages and tobacco products"
kuranguza inzoga (sous depot),4630,Wholesale of food & drinks,"Wholesale of food, beverages and tobacco"
"ubucuru budandaza higanjemo Juices , biscuits, bodaboda, amavuta yo kwisiga ,amakaye , umuceri ,umwunyu ,amasabune ni bitenge",4719,"General shop, other goods",Other retail sale in non-specialized stores
Umucuruzi wimyenda,4771,Clothing & shoe shop,"Retail sale of clothing, footwear and leather articles in specialized stores"
UBUDANDAZI BWUBUSHERA MUKABARI,5630,Bars & beverage serving,Beverage serving activities
KUDANDAZA IBIRIBWA MURI BOUTIQUE,4711,"General shop, mainly food","Retail sale in non-specialized stores with food, beverages or tobacco predominating"
"Ubucuruzi budandaza bwiganjemo inyanya,amandazi, ibishyimbo n'ibirayi",4721,Specialised food shop,Retail sale of food in specialized stores
KUGABURIRA ABANTU IBIRIBWA BIHIYE,5610,Restaurants & food service,Restaurants and mobile food service activities
"uhucuruzi budandaza ibiribwa bidahiye birimo ibirayi,ibitoki nibinyobwa bisembuye nibidasembuye",4721,Specialised food shop,Retail sale of food in specialized stores
GUCURUZA IBYO KUNYWA NO KURYA HIGANJEMO ICYAYI,5610,Restaurants & food service,Restaurants and mobile food service activities
UBUREZI MUMASHURI ABANZA,8510,Primary education,Pre-primary and primary education
"ubucuruzi beibiribwa kawunga ,ibirayi umuceri, nibindi",4711,"General shop, mainly food","Retail sale in non-specialized stores with food, beverages or tobacco predominating"
ubucuruzi bwinganjemo ibiribwa budandaza,4711,"General shop, mainly food","Retail sale in non-specialized stores with food, beverages or tobacco predominating"
KWAKIRA ABANTU NO KUBAGABURIRA HIGANJEMO AMATA ICYAYI,5610,Restaurants & food service,Restaurants and mobile food service activities
ubucuruzi bwu bwubatsi,4752,Hardware & paint shop,"Retail sale of hardware, paints and glass in specialized stores"
UBUDANDAZI BW'IFU MU ISOKO,4781,Market stall: food & drinks,"Retail sale via stalls and markets of food, beverages and tobacco products"
"Kugaburira abantu imigati,imineke icyayi",5610,Restaurants & food service,Restaurants and mobile food service activities
"Quantine icuruza ibiryo,icyayi,amandazi",5610,Restaurants & food service,Restaurants and mobile food service activities
Ni uruganda rukora amasabune,5630,Bars & beverage serving,Beverage serving activities
ubucuruzi budandaza bwiganjemo amakara,4773,Other specialised shop,Other retail sale of new goods in specialized stores
"ubucuruzi bw,imikati n'imineke",5610,Restaurants & food service,Restaurants and mobile food service activities
"gucuruza ibiryo bihiye,icyayi,amata",5610,Restaurants & food service,Restaurants and mobile food service activities
kugaburira abantu inzoga bita  urwunge,5630,Bars & beverage serving,Beverage serving activities
kwenga(gukora) ubushera no kubucuruza,5630,Bars & beverage serving,Beverage serving activities
Kudanzaza higanjemo imyenda nikweto,4771,Clothing & shoe shop,"Retail sale of clothing, footwear and leather articles in specialized stores"
"GUCURUZA MU BURYO BUDANDAZA IBICURUZWA BYIGANJEMO IBIRIBWA NK'IBISHYIMBO,AMAFU ,IBIRAYI ,AMAVUTA",4719,"General shop, other goods",Other retail sale in non-specialized stores
Boutique idandaza ibintu bitadukanye muri butike,4719,"General shop, other goods",Other retail sale in non-specialized stores
UBUHINZI BW'IIBINGWA BITANDUKANYE,0111,Growing cereals & legumes,"Growing of cereals (except rice), leguminous crops and oil seeds"
BACURUZA IBISHEKE KURI DETAIL,4781,Market stall: food & drinks,"Retail sale via stalls and markets of food, beverages and tobacco products"
"ubucuruzi budandaza bwibiribwa  bwiganjemo( umuceri,umunyu,biscuit,akawunga.....)",4711,"General shop, mainly food","Retail sale in non-specialized stores with food, beverages or tobacco predominating"
kudadandaza ibiribwa,4711,"General shop, mainly food","Retail sale in non-specialized stores with food, beverages or tobacco predominating"
Ubucuruzi bw'iinkweto z'abadamu na matelas,4771,Clothing & shoe shop,"Retail sale of clothing, footwear and leather articles in specialized stores"
UBUDANDAZI W'IBITOKI MU ISOKO,4781,Market stall: food & drinks,"Retail sale via stalls and markets of food, beverages and tobacco products"
ubucuruzi bwinyobwa,4721,Specialised food shop,Retail sale of food in specialized stores
"kugurisha(ubuto,umuceri,inyanya,isabune)",4773,Other specialised shop,Other retail sale of new goods in specialized stores
GUTANGA IBINYOBWA KUBAKRIYA,5630,Bars & beverage serving,Beverage serving activities
Uburezi  mu mashuri mato na makuru primary na secondary,8510,Primary education,Pre-primary and primary education
Ubucuruzi budandaza imbada,4711,"General shop, mainly food","Retail sale in non-specialized stores with food, beverages or tobacco predominating"
ubudandazi bw'imyenda y'abagore,4771,Clothing & shoe shop,"Retail sale of clothing, footwear and leather articles in specialized stores"
GUSURUZA INZOGA BAKORA MUBITOKI,5630,Bars & beverage serving,Beverage serving activities
kwigisha abana bo ymu mashuri abanza,8510,Primary education,Pre-primary and primary education
UBUCURUZI BW'UCONCO,4719,"General shop, other goods",Other retail sale in non-specialized stores
"ubucuruzi bwibintu bitandukanye nkamavuta yo kurya ayo kwisiga ,ibiribwa byoguteka ,ibikoresho ,imyenda yimbere",4773,Other specialised shop,Other retail sale of new goods in specialized stores
IBIKORESHO BY'UBWUBATSI,4752,Hardware & paint shop,"Retail sale of hardware, paints and glass in specialized stores"
"ubucuruzi bw,inyanya",4721,Specialised food shop,Retail sale of food in specialized stores
"ubucuruzi bw,ibiribwa byingenzi mu rugo",4721,Specialised food shop,Retail sale of food in specialized stores
Kuigisha indimi,5630,Bars & beverage serving,Beverage serving activities
KUGABURA INYAMA ZITETSE,5610,Restaurants & food service,Restaurants and mobile food service activities
GUCURUZA IMBUTO ZIRIBWA,4781,Market stall: food & drinks,"Retail sale via stalls and markets of food, beverages and tobacco products"
UBUDANDAZA BWA CANTINE,4711,"General shop, mainly food","Retail sale in non-specialized stores with food, beverages or tobacco predominating"
SERVICES ZA CANTINE,5610,Restaurants & food service,Restaurants and mobile food service activities
UBUHINZI BWIRIBWA BITANDUKANYE,0111,Growing cereals & legumes,"Growing of cereals (except rice), leguminous crops and oil seeds"
"ubucuruzi budandaza muri cartie bwiganjemo ibirayi,ifu ya kawunga,isukari",4711,"General shop, mainly food","Retail sale in non-specialized stores with food, beverages or tobacco predominating"
UBUHINZI BWIBINYAMPEKE,0111,Growing cereals & legumes,"Growing of cereals (except rice), leguminous crops and oil seeds"
"UBUCURUZI BW'AKAWUNGA,BISWI,",4721,Specialised food shop,Retail sale of food in specialized stores
UBUDANDAZI BWIMYENDA,4781,Market stall: food & drinks,"Retail sale via stalls and markets of food, beverages and tobacco products"
"cantine idandaza icyayi ,amandazi,nimigati",5610,Restaurants & food service,Restaurants and mobile food service activities
"ubucuruzi bw'ibiribwa (inyama, umunyu, amashu,...) muri boutique",4711,"General shop, mainly food","Retail sale in non-specialized stores with food, beverages or tobacco predominating"
UBUDANDAZI BW'IMYENDA BUKORERWS MU ISOKO,4782,Market stall: clothing,"Retail sale via stalls and markets of textiles, clothing and footwear"
kudada ibinyobwa ni ibiribwa,4721,Specialised food shop,Retail sale of food in specialized stores
"kugurisha(mutzing,fanta,primus,jus)",5630,Bars & beverage serving,Beverage serving activities
KUDANDAZA IBITENGE,4782,Market stall: clothing,"Retail sale via stalls and markets of textiles, clothing and footwear"
ubucuruzi bw'amafi mumazu,4721,Specialised food shop,Retail sale of food in specialized stores
"ubucuruzi budandaza bwiganjemo ibyo kurya:inyanya,igitoki,isukari,akawunga,umuceri,ubunyobwa,indagara,...",4711,"General shop, mainly food","Retail sale in non-specialized stores with food, beverages or tobacco predominating"
"Ubucuruzi bw'ibiribwa muri boutique ntoya (umuceli,isukali)",4721,Specialised food shop,Retail sale of food in specialized stores
kudandaza ibijyendanye nibyo kurya,4711,"General shop, mainly food","Retail sale in non-specialized stores with food, beverages or tobacco predominating"
umudozi uciriritse udoda imyensa yo kwambara..,1410,Tailoring & clothing making,"Manufacture of wearing apparel, except fur apparel"
umurimo wo gutunganya imisatsi y'abadamu,9602,Hairdressing & beauty,Hairdressing and other beauty treatment
KUDANDAZA  AMAFI,4721,Specialised food shop,Retail sale of food in specialized stores
KUDANDAZA INZOGA MU KABARI,5630,Bars & beverage serving,Beverage serving activities
kudandaza ibicuruzwa binyuranye,4711,"General shop, mainly food","Retail sale in non-specialized stores with food, beverages or tobacco predominating"
ubucuruzi bw'ibiryo byamatungo,4773,Other specialised shop,Other retail sale of new goods in specialized stores
ubucuruzi bw'amashuka nama essuime,4773,Other specialised shop,Other retail sale of new goods in specialized stores
Umurimo wingenzi n'ubudandazi bw'inzoga,5630,Bars & beverage serving,Beverage serving activities
barogosha bakanasuka bagaca inzara,9602,Hairdressing & beauty,Hairdressing and other beauty treatment
gucuruza ubuconsho higanjemo ibyokurya,4711,"General shop, mainly food","Retail sale in non-specialized stores with food, beverages or tobacco predominating"
GUHUNGA IMYUMBATI,0113,Growing vegetables & tubers,"Growing of vegetables and melons, roots and tubers"
"acuruza imboga(inyanya,intoryi,ibitunguru) ibiribwa ibitoki n'ibirayi n'ibshyimbo",4711,"General shop, mainly food","Retail sale in non-specialized stores with food, beverages or tobacco predominating"
"ubwogoshi bw""imisatsi yabantu",9602,Hairdressing & beauty,Hairdressing and other beauty treatment
AMASHRI Y'INSHUKE,8510,Primary education,Pre-primary and primary education
UBUCURUZI BW'ICYAYI N'AMANDAZI MURI CANTINE,5610,Restaurants & food service,Restaurants and mobile food service activities
kudandaza higanjemo ibiribwa,4721,Specialised food shop,Retail sale of food in specialized stores
adoda imyenda itanduka higanjemo iya abagore,1410,Tailoring & clothing making,"Manufacture of wearing apparel, except fur apparel"
AKABARI K'URWAGWA,5630,Bars & beverage serving,Beverage serving activities
BADANDAZA IMBOGA MW'ISOKO,4781,Market stall: food & drinks,"Retail sale via stalls and markets of food, beverages and tobacco products"
akabari bacuruza inzoga,5630,Bars & beverage serving,Beverage serving activities
Unucuruzi bwibiribwa muli butike,4721,Specialised food shop,Retail sale of food in specialized stores
ubucuruzi budandaza bw'iganjemo ibyayi na mandazi,5610,Restaurants & food service,Restaurants and mobile food service activities
UBUDANDAZI BWIGANJEMO IBIRIBWA MURI BOTIKE,4711,"General shop, mainly food","Retail sale in non-specialized stores with food, beverages or tobacco predominating"
kudandaza higanjemo ibiribwa nibikoresho byisuku,4719,"General shop, other goods",Other retail sale in non-specialized stores
"UBUCURUZI BW'IBINYOBWA BIRIMO,IBYAYI,UBUSHERA N'IBINDI",5610,Restaurants & food service,Restaurants and mobile food service activities
kundandaza ibyayi,5610,Restaurants & food service,Restaurants and mobile food service activities
"Retail Sale of Hardware, Paints and Glass",4752,Hardware & paint shop,"Retail sale of hardware, paints and glass in specialized stores"
ubucurizi bukorera ahantu habugenewe ' inzoga y' ibitoki,5630,Bars & beverage serving,Beverage serving activities
Adandaza ibiribwa nibinyobwa bitandukanye higanjemo kawunga,4721,Specialised food shop,Retail sale of food in specialized stores
kudandaza imyenda ya caguwa mwisoko,4782,Market stall: clothing,"Retail sale via stalls and markets of textiles, clothing and footwear"
gucuruza inzoga higanjemo icyigage,5630,Bars & beverage serving,Beverage serving activities
"ubucuruzi bwibiri bwa :(amakaroni umuceri akawunga  isabune,etc)",4773,Other specialised shop,Other retail sale of new goods in specialized stores
UBUDANDAZI BWIGANJEMO IBINYOBWA (GUPIMA IKIGAGE MUMASAKA BAKORA BURI MUNSI MUNZU BABAMO,5630,Bars & beverage serving,Beverage serving activities
"UBUDANDAZI BY'IMYAKA ;IBISHYIMBO ,AMASAKA",4781,Market stall: food & drinks,"Retail sale via stalls and markets of food, beverages and tobacco products"
Adandaza ibintu bitandukanye higanjemo ibishyimbo,4711,"General shop, mainly food","Retail sale in non-specialized stores with food, beverages or tobacco predominating"
ubucuruzi bwu buconco higanjemo amavuta yokwisiga,4719,"General shop, other goods",Other retail sale in non-specialized stores
ubucuzi bw'ibiribwa nibinyobwa(cantine),5610,Restaurants & food service,Restaurants and mobile food service activities
icyuma gitsa ifu,1061,Grain milling,Manufacture of grain mill products
gucuruza ubuconsho higanjemo imyunyu namavuta yokurya,4711,"General shop, mainly food","Retail sale in non-specialized stores with food, beverages or tobacco predominating"
"ubucuruzi bwibiribwa,ubugari,kawunga",4721,Specialised food shop,Retail sale of food in specialized stores
"ubucuruzi bwibiribwa nkumuceri ,akawuna, ibikoresho bifashisha murugo nkamabasi,nibindi byamasuku nkamasabune nibindi",4711,"General shop, mainly food","Retail sale in non-specialized stores with food, beverages or tobacco predominating"
GUCURUZA IBINYOBWA MURI BAR,5630,Bars & beverage serving,Beverage serving activities
UBUREZI MU NSHUKE,8510,Primary education,Pre-primary and primary education
bacuruza karoti n'ibihaza,4781,Market stall: food & drinks,"Retail sale via stalls and markets of food, beverages and tobacco products"
UBUREZI BW'ABANA BINCUKE,8510,Primary education,Pre-primary and primary education
UBUDANDAZI BWIGANJEMO IBIRIBWA MURI BUTIKE,4711,"General shop, mainly food","Retail sale in non-specialized stores with food, beverages or tobacco predominating"
kudanza boutique,4711,"General shop, mainly food","Retail sale in non-specialized stores with food, beverages or tobacco predominating"
"quencailleri icuruza ibikoresho by,ubwubatsi",4752,Hardware & paint shop,"Retail sale of hardware, paints and glass in specialized stores"
ubudandaza -bwibibiriti bougie,4773,Other specialised shop,Other retail sale of new goods in specialized stores
GUCURUZA IBINYOBWA BISEMBUYE MURI BAR,5630,Bars & beverage serving,Beverage serving activities
"Ubucuruzi bwibiribwa bitandukanye nkumuceri,akawunga,amavuta ubuto ,nibindi",4711,"General shop, mainly food","Retail sale in non-specialized stores with food, beverages or tobacco predominating"
gucuruza ibikoresho bitandukanye higanjemu ibicyenerwa mumago,4711,"General shop, mainly food","Retail sale in non-specialized stores with food, beverages or tobacco predominating"
ubucuruzi budzndaza matelas mwiduka,4719,"General shop, other goods",Other retail sale in non-specialized stores
Ubucurizi budandaza ibitunguru mu isoko,4781,Market stall: food & drinks,"Retail sale via stalls and markets of food, beverages and tobacco products"
Kugurisha ubushera,5630,Bars & beverage serving,Beverage serving activities
Ubwogoshi bw'imisatsi gusa,9602,Hairdressing & beauty,Hairdressing and other beauty treatment
Gucuruza beer,5630,Bars & beverage serving,Beverage serving activities
ubudandazi bwiganjemo amavuta yo kurya,4773,Other specialised shop,Other retail sale of new goods in specialized stores
ubudandazi bwiganjemo ubucuruzi bwikigange,5630,Bars & beverage serving,Beverage serving activities
Ubuconco/Kudandaza ibicuruzwa byiganjemo ibiribwa,4721,Specialised food shop,Retail sale of food in specialized stores
ubucuruzi bwugali,4781,Market stall: food & drinks,"Retail sale via stalls and markets of food, beverages and tobacco products"
UBUDANDAZI BWIGANJEMO IBORIBWA (BOUTIQIE),4711,"General shop, mainly food","Retail sale in non-specialized stores with food, beverages or tobacco predominating"
Ubucuruzi bw'imbuto budandaza mu isoko,4781,Market stall: food & drinks,"Retail sale via stalls and markets of food, beverages and tobacco products"
Ubucuruzi bw'ubucuruzi bw'uruconco higanjemo ibyo kurya bidatetse,4721,Specialised food shop,Retail sale of food in specialized stores
Kudandaza ibinyobwa bisembuye mu kabari,5630,Bars & beverage serving,Beverage serving activities
UBUCURUZI BUDANDAZA IMYENDA MW'ISOKO,4782,Market stall: clothing,"Retail sale via stalls and markets of textiles, clothing and footwear"
"ubucuruzi budandaza bwibiribwa bwiganjemo umuceri,ibirayi,amajus,amavuta yo kwisiga,...",4721,Specialised food shop,Retail sale of food in specialized stores
KUDANDA IMBOGA MU ISOKO,4781,Market stall: food & drinks,"Retail sale via stalls and markets of food, beverages and tobacco products"
GUCURUZA IBYO KURYA,5610,Restaurants & food service,Restaurants and mobile food service activities
ubucuruzi bwinjweto,4771,Clothing & shoe shop,"Retail sale of clothing, footwear and leather articles in specialized stores"
"gucuruza ubuconsho higanjemo imyunyu,amafu yokurya, namavuta yokurya",4711,"General shop, mainly food","Retail sale in non-specialized stores with food, beverages or tobacco predominating"
GUCURUZA ALIMENTATION,4711,"General shop, mainly food","Retail sale in non-specialized stores with food, beverages or tobacco predominating"
Ubucuruzi budandaza higanjemo ifu yi igikoma ni ibirayi ni indagara,4773,Other specialised shop,Other retail sale of new goods in specialized stores
Umucuruzi w' indagara,4781,Market stall: food & drinks,"Retail sale via stalls and markets of food, beverages and tobacco products"
KUDANDAZA AMAFI MWISOKO,4781,Market stall: food & drinks,"Retail sale via stalls and markets of food, beverages and tobacco products"
BAKORA UBUCURUZI BW'UBUCONCO HIGANJEMO IMBABURA,4719,"General shop, other goods",Other retail sale in non-specialized stores
Ubucuruzi budandaza higanjemo Akawunga,4773,Other specialised shop,Other retail sale of new goods in specialized stores
KUDANDAZA IBINTU BITANDUKANYE BYINGANJE INKWETO NI MYENDA,4771,Clothing & shoe shop,"Retail sale of clothing, footwear and leather articles in specialized stores"
GUTANGA UBUREZI BW'IBANZE,8510,Primary education,Pre-primary and primary education
Gucuruza inzoga zipfundikiye n'urwagwa,5630,Bars & beverage serving,Beverage serving activities
Ubucuruzi bwimpeta nama chenette,4773,Other specialised shop,Other retail sale of new goods in specialized stores
ubucuruzi budandaza inzoga rwzbitoki,5630,Bars & beverage serving,Beverage serving activities
Ubucuruzi bwibinyobwa bisembuye,5630,Bars & beverage serving,Beverage serving activities
UBUHINZI BWO GUTANGA URUGO,9810,Household own-use production,Undifferentiated goods-producing activities of private households for own use
UMUHINZI WIMBOGA,0113,Growing vegetables & tubers,"Growing of vegetables and melons, roots and tubers"
"ubucuruzi budandaza:akawunga,umuceri,isukari,ubuto,amavuta yisigwa etc",4719,"General shop, other goods",Other retail sale in non-specialized stores
gutanga ibiryo nibyo kunywa,5610,Restaurants & food service,Restaurants and mobile food service activities
gutya amasaka,5630,Bars & beverage serving,Beverage serving activities
ubucururi budandaza ibiribwa,4721,Specialised food shop,Retail sale of food in specialized stores
UBWOROZI BWO KUBATUNGA,9810,Household own-use production,Undifferentiated goods-producing activities of private households for own use
Gucuruza ibiribwabyiganje muri boutique,4711,"General shop, mainly food","Retail sale in non-specialized stores with food, beverages or tobacco predominating"
Ubucuruzi budandaza ibyo kunywa bisembuye,5630,Bars & beverage serving,Beverage serving activities
Ubucuruzi budandaza ibintu bitandukanye higanjemo amasabune,4772,Pharmacy & cosmetics shop,"Retail sale of pharmaceutical and medical goods, cosmetic and toilet articles in specialized stores"
bacyuruza ibyokurya badandaza,5630,Bars & beverage serving,Beverage serving activities
kotsa inyama zihene,5610,Restaurants & food service,Restaurants and mobile food service activities
ubucuruzi bwikoresho byu bwubatsi,4752,Hardware & paint shop,"Retail sale of hardware, paints and glass in specialized stores"
UBUCURUZI BUDANDAZA BWIGANJEMO IBIRIBWA N'AMASABUNE,4711,"General shop, mainly food","Retail sale in non-specialized stores with food, beverages or tobacco predominating"
ubudandazi bwubuconco bwiganjemo amasabune,4719,"General shop, other goods",Other retail sale in non-specialized stores
imashini isya ibinyampeke ni myumbati,1061,Grain milling,Manufacture of grain mill products
kudandaza phone na accessoir,4711,"General shop, mainly food","Retail sale in non-specialized stores with food, beverages or tobacco predominating"
Ubucuruzi budandaza ibintu bitandukanye higanjemo ama vuta yo kwisiga,4772,Pharmacy & cosmetics shop,"Retail sale of pharmaceutical and medical goods, cosmetic and toilet articles in specialized stores"
KUGABURIRA IBYO KURYA MURI RESTAURANT,5610,Restaurants & food service,Restaurants and mobile food service activities
Gutanga ibinyobwa bidasembuye,5630,Bars & beverage serving,Beverage serving activities
ubucuruzi buranguza inkweto z'ibitsina byombi,4771,Clothing & shoe shop,"Retail sale of clothing, footwear and leather articles in specialized stores"
kurangura no kugurisha ikigage,5630,Bars & beverage serving,Beverage serving activities
UBUHINZI BW'IBIHYIMBO,0111,Growing cereals & legumes,"Growing of cereals (except rice), leguminous crops and oil seeds"
ubucuruzi bwa mandazi buranguza budanza,4711,"General shop, mainly food","Retail sale in non-specialized stores with food, beverages or tobacco predominating"
"ubudandazi bwiganjemo ibiribwa,ibirayi,ibitoki,isukari,ubugari",4721,Specialised food shop,Retail sale of food in specialized stores
ubudandaji bwiganjemo ibyo kurya,4711,"General shop, mainly food","Retail sale in non-specialized stores with food, beverages or tobacco predominating"
boutique idandaza ibiribwa,4711,"General shop, mainly food","Retail sale in non-specialized stores with food, beverages or tobacco predominating"
"gusya ibigori,amasaka bigahindukamo ifu",1061,Grain milling,Manufacture of grain mill products
"Ubudandazi bwiganjemo ibirirwa , kahunga , ubunyobwa , amavuta yo kurya",4711,"General shop, mainly food","Retail sale in non-specialized stores with food, beverages or tobacco predominating"
UBUDANDAZI BWIMBUTO MUMUHANDA,4781,Market stall: food & drinks,"Retail sale via stalls and markets of food, beverages and tobacco products"
ubucuruzi bwimyenda na butique bivanze,4771,Clothing & shoe shop,"Retail sale of clothing, footwear and leather articles in specialized stores"
"ubucuruzi bw,imyaka",4721,Specialised food shop,Retail sale of food in specialized stores
ubucuruzi budandaza butandukanye,4719,"General shop, other goods",Other retail sale in non-specialized stores
UBUHINZI BW'BIHINGWA BITANDUKANYE,0111,Growing cereals & legumes,"Growing of cereals (except rice), leguminous crops and oil seeds"
"KUDANDAZA INKWETO ZA BODABODA,KAWUNGA,IBIRUNGO ,BYOMUBIRYO NKA ASSANTE",4719,"General shop, other goods",Other retail sale in non-specialized stores
Ubucuruzi bw ibiribwa byiganjemo ibirayi umuceri akawunga n ibinyobwa bisembuye n ibidasembuye,4711,"General shop, mainly food","Retail sale in non-specialized stores with food, beverages or tobacco predominating"
"guha abantu ibiribwa: imineke , avoka",4721,Specialised food shop,Retail sale of food in specialized stores
Kudandaza Ibiribwa(AMANDAZI),4721,Specialised food shop,Retail sale of food in specialized stores
Kutunganya iminsatsi y'abadamu,9602,Hairdressing & beauty,Hairdressing and other beauty treatment
"ubucuruzi bw,ibikomoka kuri petroli",4719,"General shop, other goods",Other retail sale in non-specialized stores
Gucuruza Imboga n'imbuto mu gasoko Inyanya n'imineke nibyo byiganjemo,4781,Market stall: food & drinks,"Retail sale via stalls and markets of food, beverages and tobacco products"
UBUDOZI BW'IMYENDA YO KWAMBARA,1410,Tailoring & clothing making,"Manufacture of wearing apparel, except fur apparel"
"UBUCURUZI BUDANDAZA  INZOGA ZIPFUNDIKIYE, PRIMUS, MITZING, FANTA",5630,Bars & beverage serving,Beverage serving activities
UBUDANDAZI BW'IBIRIRWA MURI CANTINE,4721,Specialised food shop,Retail sale of food in specialized stores
ubucuruzi budandaza higanjemo ibitari ibiribwa,4719,"General shop, other goods",Other retail sale in non-specialized stores
UBUDANDAZI BW'IKORESHO ELECTRONIQUE MU MUHANDA,4799,Street & mobile vending,"Other retail sale not in stores, stalls or markets"
Kudandaza ibiribwa n'ibinyobwa(cantine),5610,Restaurants & food service,Restaurants and mobile food service activities
Ubucuruzi bwogupima Inzoga zibitoki,5630,Bars & beverage serving,Beverage serving activities
UBUHINZI BWIHINGWA BIVANGAVANZE,0111,Growing cereals & legumes,"Growing of cereals (except rice), leguminous crops and oil seeds"
Ubucuruzi  budanzaza muri boutique higanjemo imboga n'ibijumba,4721,Specialised food shop,Retail sale of food in specialized stores
bakora ubucuruzi budandaza b'wi nyanya ni ntoryi,4781,Market stall: food & drinks,"Retail sale via stalls and markets of food, beverages and tobacco products"
BOUTIQUE YIGANJEMO IBUO KURYA,4711,"General shop, mainly food","Retail sale in non-specialized stores with food, beverages or tobacco predominating"
"GUTUNGANYA IMISATSI Y,ABADAMU",9602,Hairdressing & beauty,Hairdressing and other beauty treatment
Kutanga ibyokurya nibyo kunywa,5630,Bars & beverage serving,Beverage serving activities
Services z'ibiribwa nibinyobwa,5610,Restaurants & food service,Restaurants and mobile food service activities
ubudandazi bw'ibiribwa(kawunga +ubugali bw'imyumbati),4711,"General shop, mainly food","Retail sale in non-specialized stores with food, beverages or tobacco predominating"
"ubucuruzi bwibiribwa bwiganjemo,ibirayi,umuceri",4721,Specialised food shop,Retail sale of food in specialized stores
ubucuruza bundandaza higanjemo umunyu nifu ni isabune,4721,Specialised food shop,Retail sale of food in specialized stores
ubudandazi bwibiribwa higanjemo umuceri umunyu ubunyobwa isukari nibindi,4721,Specialised food shop,Retail sale of food in specialized stores
gucuruza inzoga z'ibitoki,5630,Bars & beverage serving,Beverage serving activities
GUTANGA IBINYOBWA(AKABARI),5630,Bars & beverage serving,Beverage serving activities
gutsya amasaka nibindi binyampeke,1061,Grain milling,Manufacture of grain mill products
Ubucuruzi bwimboga higanjemo inyanya,4781,Market stall: food & drinks,"Retail sale via stalls and markets of food, beverages and tobacco products"
ubucuruzi  budandaza bw'ibintu bitandukanye higanjemo amandazi,4771,Clothing & shoe shop,"Retail sale of clothing, footwear and leather articles in specialized stores"
ubucuruzi bya boutique higanjemo ibiribwa,4711,"General shop, mainly food","Retail sale in non-specialized stores with food, beverages or tobacco predominating"
kudandaza inkweto zabagabo sitandukanye,4782,Market stall: clothing,"Retail sale via stalls and markets of textiles, clothing and footwear"
UBUDANDAZI BW' UBUGARI,4721,Specialised food shop,Retail sale of food in specialized stores
"ubucuruzi budandaza bw'ibiribwa umuceri,kawunga,amavuta",4711,"General shop, mainly food","Retail sale in non-specialized stores with food, beverages or tobacco predominating"
UMUCURUZI BUDANDAZA HIGANJEMO IBINYOBWA ALIMENTATION,4711,"General shop, mainly food","Retail sale in non-specialized stores with food, beverages or tobacco predominating"
"Ubucuruzi,budandaza ibintu byiganjemo ibiribwa",4711,"General shop, mainly food","Retail sale in non-specialized stores with food, beverages or tobacco predominating"
UBUDANDAZI BW'IGANJEMO IBINYOBWA MURI CANTINE,5610,Restaurants & food service,Restaurants and mobile food service activities
ubucuruzi butandukanye,4719,"General shop, other goods",Other retail sale in non-specialized stores
"Ubudandazi bwiganjemo ibiribwa( akawunga umuceri,...)",4711,"General shop, mainly food","Retail sale in non-specialized stores with food, beverages or tobacco predominating"
Gupima urwagwa( kudandaza),5630,Bars & beverage serving,Beverage serving activities
GUSYA IBIKOMOKA K'UBUHINZI BAKORESHEJE IMACHINE iSYA,1061,Grain milling,Manufacture of grain mill products
Salon de coiffure( umurimo wo kogosha),9602,Hairdressing & beauty,Hairdressing and other beauty treatment
ubucuruzi bw'ibikoresho by'isuku ndetse n'ibindi bikoresho bya takataka muri boutique,4711,"General shop, mainly food","Retail sale in non-specialized stores with food, beverages or tobacco predominating"
"ubucuruzi buto budandaza bwiganjemo amavuta yo kwisiga,amasabune,ingufuri,jus",4772,Pharmacy & cosmetics shop,"Retail sale of pharmaceutical and medical goods, cosmetic and toilet articles in specialized stores"
Kudandagaza higanjemo inyanya n'umuceli,4711,"General shop, mainly food","Retail sale in non-specialized stores with food, beverages or tobacco predominating"
ubudandazi bw'isombe hanze y'isoko,4721,Specialised food shop,Retail sale of food in specialized stores
BOUTIQUE IDANDAZA IRANGUZA IBIRIBWA,4711,"General shop, mainly food","Retail sale in non-specialized stores with food, beverages or tobacco predominating"
"ubucuruzi budandaza ibinyamafufu,ibinyampeke",4711,"General shop, mainly food","Retail sale in non-specialized stores with food, beverages or tobacco predominating"
"ubucuruzi budandaza ibiribwa ahantu habugenewe higanjemo ibiribwa kawunga ,ibishyimbo",4711,"General shop, mainly food","Retail sale in non-specialized stores with food, beverages or tobacco predominating"
badandaza umuceri ibishyimbo,4721,Specialised food shop,Retail sale of food in specialized stores
UBUDANDAZI BYIBYO KURYA NO KUNYWA (RESTAURANT),5610,Restaurants & food service,Restaurants and mobile food service activities
gukora amafu,1061,Grain milling,Manufacture of grain mill products
ubudandazi bwiganjemo ubucuruzi bwurwangwa,5630,Bars & beverage serving,Beverage serving activities
ubucuruzi bw'ibiribwa bw'ibirayi n'umunyu,4719,"General shop, other goods",Other retail sale in non-specialized stores
Saloon y'abagore( gutunganya imisatsi y'abadamu),9602,Hairdressing & beauty,Hairdressing and other beauty treatment
kudanda ibitoki,4781,Market stall: food & drinks,"Retail sale via stalls and markets of food, beverages and tobacco products"
"Boutique Idandaza higanjemo:ibiribwa,imbuto,ifu yubugali,igikoma",4711,"General shop, mainly food","Retail sale in non-specialized stores with food, beverages or tobacco predominating"
IMBOGA NIZO BACURUZA,4781,Market stall: food & drinks,"Retail sale via stalls and markets of food, beverages and tobacco products"
Gutanga ibiryo muti restaurent,5610,Restaurants & food service,Restaurants and mobile food service activities
ubucuruzi bijyanye nibiribwa,4721,Specialised food shop,Retail sale of food in specialized stores
Nugusya ibigori nokorora ingurube,1061,Grain milling,Manufacture of grain mill products
kudandaza inzoga zurwarwa,5630,Bars & beverage serving,Beverage serving activities
UBUCURUZI BUDANDAZA HIGANJEMO IBINYOBWA (UBWANGWA),5630,Bars & beverage serving,Beverage serving activities
"Ubucuruzi bwiganjemo ibiribwa bitandukanye birimo Amandazi,Keke,imigati,icyayi,amata nibindi",5610,Restaurants & food service,Restaurants and mobile food service activities
Acuruza icyo kunywa mukabari,5630,Bars & beverage serving,Beverage serving activities
"ubucuruzi bwimyenda,inkweto na masakoshi",4771,Clothing & shoe shop,"Retail sale of clothing, footwear and leather articles in specialized stores"
GUTUNGANYA  IMISATSI Y'ABAGORE NO GUSIGA INZARA (salon),9602,Hairdressing & beauty,Hairdressing and other beauty treatment
ubucuruzi bwiduka bwiganjemo ibyo kurya,4711,"General shop, mainly food","Retail sale in non-specialized stores with food, beverages or tobacco predominating"
"Gucuruza inzoga,ibiryo,na brochettes",5630,Bars & beverage serving,Beverage serving activities
kudadaza ibiryamirwa,4721,Specialised food shop,Retail sale of food in specialized stores
kudandaza imyenda t-shirts,4782,Market stall: clothing,"Retail sale via stalls and markets of textiles, clothing and footwear"
ubucuruzi buranguza bwinzoga zipfundikiye (liquor and wine),4630,Wholesale of food & drinks,"Wholesale of food, beverages and tobacco"
Ni salon yogosha abagabo,9602,Hairdressing & beauty,Hairdressing and other beauty treatment
"gucuruza Akabari , ibinyobwa higanjemo ibisembuye.",5630,Bars & beverage serving,Beverage serving activities
UBUCURUZI BUDANDAZA IKIGAGE MU KABARI,4721,Specialised food shop,Retail sale of food in specialized stores
ubucurunzi bundandaza ibinyobwa bitandukanye higajemo ikigange,5630,Bars & beverage serving,Beverage serving activities
gusuka abadamu imisatsi,9602,Hairdressing & beauty,Hairdressing and other beauty treatment
GUCURUZA IBYO KURYA NO KUNYWA,5630,Bars & beverage serving,Beverage serving activities
ubucuruzi bw'ibyokurya buteka ibirayi na brouchette,5610,Restaurants & food service,Restaurants and mobile food service activities
"KUGABURA PRIMUS, MITSING, IKIGAGE NA MAKAMBURU HIGANJEMO IKIGAGE",5630,Bars & beverage serving,Beverage serving activities
Ubucuruzi bwi nzoga za Brarirwa na skol hamwe nurwagwa,5630,Bars & beverage serving,Beverage serving activities
kudetailla inkweto,4771,Clothing & shoe shop,"Retail sale of clothing, footwear and leather articles in specialized stores"
kudandaza ibiribwa n'ibinyobwa bihiye byiganjemo amandazi n'icyayi,5610,Restaurants & food service,Restaurants and mobile food service activities
ubucuruzi budandaza bwiganjemo itomati,4781,Market stall: food & drinks,"Retail sale via stalls and markets of food, beverages and tobacco products"
Ubuconco bwiganjemo ibinyobwa,4773,Other specialised shop,Other retail sale of new goods in specialized stores
ubucuruzi bwiganjemo ikigage,5630,Bars & beverage serving,Beverage serving activities
BACURUZA INKWETO KUMIHANDA,4799,Street & mobile vending,"Other retail sale not in stores, stalls or markets"
UBUHINZI BWOROZO BUGAMIJE GUTUNGA URUGO,9810,Household own-use production,Undifferentiated goods-producing activities of private households for own use
ubucuruzi bw' ibinyobwa muri cablet,5630,Bars & beverage serving,Beverage serving activities
kudandaza ibintu bitandukanye mu iduka higanjemo Amandazi ni migati,4711,"General shop, mainly food","Retail sale in non-specialized stores with food, beverages or tobacco predominating"
Kudandaza inkweto,4782,Market stall: clothing,"Retail sale via stalls and markets of textiles, clothing and footwear"
"ubucuruzi bw,iganjemo ibiribwa",4711,"General shop, mainly food","Retail sale in non-specialized stores with food, beverages or tobacco predominating"
GUTANGA SERIVISI ZIGANJEMO IBYO KUNYWA BIDASEMBUYE,5610,Restaurants & food service,Restaurants and mobile food service activities
UBUCURUZI BW'ABAKABARI,5630,Bars & beverage serving,Beverage serving activities
guteka ibibure munzu ahabugenewe,4752,Hardware & paint shop,"Retail sale of hardware, paints and glass in specialized stores"
KUDANDAZA INYANYA MUSOKO,4781,Market stall: food & drinks,"Retail sale via stalls and markets of food, beverages and tobacco products"
"ubucuruzi bwiganjemo amavuta ,inkweto,ibiribwa",4719,"General shop, other goods",Other retail sale in non-specialized stores
"kudandaza ibiribwa(kawunga,umuceri,ibirayi,amavuta),jus,biscuit",4721,Specialised food shop,Retail sale of food in specialized stores
Ubucuruzi bw'ibyo kunywa bisembuye n'ibidasembuye n'ubuconco muri Boutique,4773,Other specialised shop,Other retail sale of new goods in specialized stores
UBUCURUZI BWABUTIKE,5630,Bars & beverage serving,Beverage serving activities
kugaburira abantu ibyo kurya no kunywa,5610,Restaurants & food service,Restaurants and mobile food service activities
KUGABURA INZOGA ZA BLARIRWA,5630,Bars & beverage serving,Beverage serving activities
boutique icuruza ibiribwa (ubugari),4721,Specialised food shop,Retail sale of food in specialized stores
"Ubucuruzi bwa ciment, amarangi, amabati,",4752,Hardware & paint shop,"Retail sale of hardware, paints and glass in specialized stores"
ubucururuzi bwo gutanga inyama,4721,Specialised food shop,Retail sale of food in specialized stores
Gutanga ibyo kurya no kunwa(cantine),5610,Restaurants & food service,Restaurants and mobile food service activities
"UBUDANDAZA BWIGANJEMO UMUNYU,ISABUNE",4719,"General shop, other goods",Other retail sale in non-specialized stores
Kwakira abantu bakeneye ibiribwa,5610,Restaurants & food service,Restaurants and mobile food service activities
kwakira no kugabura,5610,Restaurants & food service,Restaurants and mobile food service activities
Kwigisha mumashuri y'inshuke n'abanza,8510,Primary education,Pre-primary and primary education
"Dadandaza ibiribwa muri boutique byiganjemo ibishyimbo ,ibirayi,ibitoki",4711,"General shop, mainly food","Retail sale in non-specialized stores with food, beverages or tobacco predominating"
"gucuruza amavuta yo kwisiga, amavuta yo guteka, biscuit, bombo, amakaramu, indagara, ifu y'ubunyobwa, umunyu",4721,Specialised food shop,Retail sale of food in specialized stores
ubucuruzi bw'ibiribwa bibisi muri boutique,4711,"General shop, mainly food","Retail sale in non-specialized stores with food, beverages or tobacco predominating"
UBUCURUZI BUDANDAZA INKWETO NSHA,4771,Clothing & shoe shop,"Retail sale of clothing, footwear and leather articles in specialized stores"
Ubucururuzi,4773,Other specialised shop,Other retail sale of new goods in specialized stores
kudandaza ibyenda,4771,Clothing & shoe shop,"Retail sale of clothing, footwear and leather articles in specialized stores"
GUPIMA ADANDAZA IKIGAGE,5630,Bars & beverage serving,Beverage serving activities
ubucuruzi bw 'ibinyampeke,4721,Specialised food shop,Retail sale of food in specialized stores
Gusya ibinyameke n'imyumbati mo amafu,1061,Grain milling,Manufacture of grain mill products
UBUHINZI BW'IMBOGA,0113,Growing vegetables & tubers,"Growing of vegetables and melons, roots and tubers"
gupima ikigage bakinywera aho,5630,Bars & beverage serving,Beverage serving activities
Ubucuruzi bwa botike yiganjemo ibyo kurya,4711,"General shop, mainly food","Retail sale in non-specialized stores with food, beverages or tobacco predominating"
ICYUMA GINSWA AMASAKA NIBINDI BINYAMPEKE,1061,Grain milling,Manufacture of grain mill products
ubucuruzi bwa capati n'amandazi,5610,Restaurants & food service,Restaurants and mobile food service activities
Kudandaza ibyokurya higanjemo umuceri n'umunyu,4711,"General shop, mainly food","Retail sale in non-specialized stores with food, beverages or tobacco predominating"
gusya ibnyampeke,1061,Grain milling,Manufacture of grain mill products
"Ubucuruzi budandaza ibiribwa bitandukanye birimo ibirayi,ibitoki",4721,Specialised food shop,Retail sale of food in specialized stores
UBUCURUZI BWIMBUTO,4781,Market stall: food & drinks,"Retail sale via stalls and markets of food, beverages and tobacco products"
"ubucuruzi bwamabiswi,amasabune,...",4719,"General shop, other goods",Other retail sale in non-specialized stores
UBUCURUZI BUDANDAZA HIGANJEMO IMBOGA,4781,Market stall: food & drinks,"Retail sale via stalls and markets of food, beverages and tobacco products"
BADANDAZA IMYAMBARO MU IDUKA,4771,Clothing & shoe shop,"Retail sale of clothing, footwear and leather articles in specialized stores"
Ubucuruzi bw'imyenda ya caguwa,4711,"General shop, mainly food","Retail sale in non-specialized stores with food, beverages or tobacco predominating"
Ubucuri bw'ibinyobwa bisembuye,4721,Specialised food shop,Retail sale of food in specialized stores
"ubudandazi bwubuconco bwiganjemo amakara,umuceri isukari,ibitoki",4773,Other specialised shop,Other retail sale of new goods in specialized stores
KUDANDAZA INKWETO MU ISOKO,4782,Market stall: clothing,"Retail sale via stalls and markets of textiles, clothing and footwear"
adoda imyenda itandukanye yo kwambara,1410,Tailoring & clothing making,"Manufacture of wearing apparel, except fur apparel"
Boutique yiganjemo icyayi n'amandazi,5610,Restaurants & food service,Restaurants and mobile food service activities
Ubudandazi bw'inyanya,4781,Market stall: food & drinks,"Retail sale via stalls and markets of food, beverages and tobacco products"
UBUREZI BWO MU MASHURI ABANZA,8510,Primary education,Pre-primary and primary education
Ubucururuzi bwubucyosho Bwiganjemo ibiribwa,4711,"General shop, mainly food","Retail sale in non-specialized stores with food, beverages or tobacco predominating"
ubucuruzi bwibiribwa bitetse,5610,Restaurants & food service,Restaurants and mobile food service activities
ubucuruzi budandaza burimo imyaka idahiye harimo ibitoki,4711,"General shop, mainly food","Retail sale in non-specialized stores with food, beverages or tobacco predominating"
retailing of building materials,4752,Hardware & paint shop,"Retail sale of hardware, paints and glass in specialized stores"
depo yibinyobwa bya bralirwa,4630,Wholesale of food & drinks,"Wholesale of food, beverages and tobacco"
UBHINZI BW'AMASAKA,0111,Growing cereals & legumes,"Growing of cereals (except rice), leguminous crops and oil seeds"
acuruza ibintu bitandukanye hinganjemo bodaboda,4771,Clothing & shoe shop,"Retail sale of clothing, footwear and leather articles in specialized stores"
ubucuruzi bwakabari(inzagwa),5630,Bars & beverage serving,Beverage serving activities
ubucuruzi budandaza bwiganjemo ibyo kunywa n' ibyo kurya byokeje.,5630,Bars & beverage serving,Beverage serving activities
ubucuruzi bw'inzoga ahantu habugenewe,5630,Bars & beverage serving,Beverage serving activities
KUDANDAZA IBIRYAMIRWA,4782,Market stall: clothing,"Retail sale via stalls and markets of textiles, clothing and footwear"
ubucururi bw'ibikoresho by'imodoka bushyashya,4719,"General shop, other goods",Other retail sale in non-specialized stores
adandaza ibyo kurya muri boutique,4721,Specialised food shop,Retail sale of food in specialized stores
gucuruza inzoga ninyama,5630,Bars & beverage serving,Beverage serving activities
bacuruza imyenda y' abagabo n' abagore,4782,Market stall: clothing,"Retail sale via stalls and markets of textiles, clothing and footwear"
Ubudandazi bw' ubuconco bwiganjemo amavuta yokwisiga n' imsatsi bakoresha basuka abadamu,4719,"General shop, other goods",Other retail sale in non-specialized stores
ubucuruzi bw'ibinyobwa.inzoga zitandukanye,5630,Bars & beverage serving,Beverage serving activities
Gusuka no kudefiriza iminsatsi y'abadamu,9602,Hairdressing & beauty,Hairdressing and other beauty treatment
KUGABURA  IBYOKUNYWA,5610,Restaurants & food service,Restaurants and mobile food service activities
Kugabura ibinyobwa (urwagwa),5630,Bars & beverage serving,Beverage serving activities
"gupima, no gucuruza ubushera",5630,Bars & beverage serving,Beverage serving activities
inyanya zogutekesha,4721,Specialised food shop,Retail sale of food in specialized stores
"Kudandaza ibijyanye niduka higanjemwo umuceri,akawunga",4721,Specialised food shop,Retail sale of food in specialized stores
guha service aba client (gucuruza inyama detail),4721,Specialised food shop,Retail sale of food in specialized stores
kutanga ibyokurya n'ibyokunwa,5610,Restaurants & food service,Restaurants and mobile food service activities
Ubucuruzi bw'ibiribwa  budandaza higanjemo ifu,4711,"General shop, mainly food","Retail sale in non-specialized stores with food, beverages or tobacco predominating"
Kudandaza ibintu bitandukanye higanjemo imineke,4711,"General shop, mainly food","Retail sale in non-specialized stores with food, beverages or tobacco predominating"
ibyerekeranye n'ubuzima bw'abantu,9602,Hairdressing & beauty,Hairdressing and other beauty treatment
UBUHINZI BWI IMYUMBATI,0113,Growing vegetables & tubers,"Growing of vegetables and melons, roots and tubers"
UBUCURUZI BW'IGANJEMO IBIRIBWA,4711,"General shop, mainly food","Retail sale in non-specialized stores with food, beverages or tobacco predominating"
"gufasha abakiriya bakoresha airtel ,kubakemurira ibibazo bafite",4721,Specialised food shop,Retail sale of food in specialized stores
Boutique idandaza yiganjemo amavuta yo kurya n''isabune,4711,"General shop, mainly food","Retail sale in non-specialized stores with food, beverages or tobacco predominating"
UBUHINZI BW'IBIRIRAYI,0113,Growing vegetables & tubers,"Growing of vegetables and melons, roots and tubers"
KUDANDAZA IBIJUMBA MU ISOKO,4711,"General shop, mainly food","Retail sale in non-specialized stores with food, beverages or tobacco predominating"
"ubuconsho bwiganjemo mali,imbabura",4711,"General shop, mainly food","Retail sale in non-specialized stores with food, beverages or tobacco predominating"
Gucuruza Ibimoresho binyuranye,4719,"General shop, other goods",Other retail sale in non-specialized stores
Gucuruza ibintubitandukanye byiganjemo ibiribwa,4711,"General shop, mainly food","Retail sale in non-specialized stores with food, beverages or tobacco predominating"
kudandaza imiti yamatungo,4773,Other specialised shop,Other retail sale of new goods in specialized stores
"Guha abantu ibyo kunywa,nokotsa inyama nigitoki,nikirayi",5630,Bars & beverage serving,Beverage serving activities
KUDANDAZA IBINYOBWA MU MUHANDA,4799,Street & mobile vending,"Other retail sale not in stores, stalls or markets"
UBUCURUZI BUDANDAZA IBINTU BITANDUKANYE  HIGANJEMO IFU Y'IBIGORI,4719,"General shop, other goods",Other retail sale in non-specialized stores
"ubucuruzi bw""ikigage budandaza",5630,Bars & beverage serving,Beverage serving activities
Gucururuza urwagwa,5630,Bars & beverage serving,Beverage serving activities
ubucuruzi bwibiribwa( ibirayi nimboga),4711,"General shop, mainly food","Retail sale in non-specialized stores with food, beverages or tobacco predominating"
ubudandazi bwinyongeramusaruro,4773,Other specialised shop,Other retail sale of new goods in specialized stores
UBUCURUZI BWIBIRIBA MURI BUTIKE,4711,"General shop, mainly food","Retail sale in non-specialized stores with food, beverages or tobacco predominating"
ubudandaji bibiribwa,4721,Specialised food shop,Retail sale of food in specialized stores
"UBUCURUZI BUDANDAZA IBINTU BITANDUKANYE CYANE CYANE IBIRIBWA NK' AKAWUNGA ,IBISHYIMBO,UMUCERI N'IBINDI BIKORESHO BYO MU RUGO NK' ISABUNE N' AMAVUTA",4721,Specialised food shop,Retail sale of food in specialized stores
Kudandaza ibintu bitandukanye.,4719,"General shop, other goods",Other retail sale in non-specialized stores
"ubucuruzi bwibiribwa: umuceli, igitoki, kawunga, etc",4721,Specialised food shop,Retail sale of food in specialized stores
Badandaza Ibintu bitandukanye muri boutique,4719,"General shop, other goods",Other retail sale in non-specialized stores
Gucuruza ibyo kurya bidatatse higanjemo amavuta n'umuceli,4721,Specialised food shop,Retail sale of food in specialized stores
GUSYA IMYAKA HIGANJEMO IMYUMBATI ATI,1061,Grain milling,Manufacture of grain mill products
ubucuruzi budandaza ibikoresho byo mu rugo mu isoko,4782,Market stall: clothing,"Retail sale via stalls and markets of textiles, clothing and footwear"
"bakora ubucuruzi  butoya bwa boutiqwe harimo( amavuta yo kwisiga,imikandara,inkweto,....)",4711,"General shop, mainly food","Retail sale in non-specialized stores with food, beverages or tobacco predominating"
"Bagurisha ibikoresho byubwubatsi bitandukanye ,sima amarange ,amaferabeto.",4752,Hardware & paint shop,"Retail sale of hardware, paints and glass in specialized stores"
"Ubucuruzi bwibiribwa nkumuceri ,akawunga ,isukari ,umunyu,nibindi bifashisha mu isuku nkamasabune ,amavuta yokwisiga ,  ninkweto zokogeramo",4711,"General shop, mainly food","Retail sale in non-specialized stores with food, beverages or tobacco predominating"
UBUHINZI BWA CIA SEED,0111,Growing cereals & legumes,"Growing of cereals (except rice), leguminous crops and oil seeds"
UBUCURUZI BWA BOUTIQUE IDANDAZA,4711,"General shop, mainly food","Retail sale in non-specialized stores with food, beverages or tobacco predominating"
AMASHURI ABANZA,8510,Primary education,Pre-primary and primary education
BACURUZA BADANDAZA IBITOKI MU ISOKO,4781,Market stall: food & drinks,"Retail sale via stalls and markets of food, beverages and tobacco products"
gutuganya imisatsi ya abagore,9602,Hairdressing & beauty,Hairdressing and other beauty treatment
"Ubucuruzi budandaza ibiribwa n,ibindi bitandukanye",4719,"General shop, other goods",Other retail sale in non-specialized stores
Gutunganya ibikomoka k'ubuhinzi,1061,Grain milling,Manufacture of grain mill products
Gucuruza Cantine,5610,Restaurants & food service,Restaurants and mobile food service activities
UBUDANDAZI BWIMITI YAMATUNGO,4772,Pharmacy & cosmetics shop,"Retail sale of pharmaceutical and medical goods, cosmetic and toilet articles in specialized stores"
ubucuruzibw'ibiribwaimineke n'ibijumba n'ibisheke,4721,Specialised food shop,Retail sale of food in specialized stores
Ubucuri bw'ibiribwa cyane cyane Imineke,4721,Specialised food shop,Retail sale of food in specialized stores
kogosha abantu bubwoko bwose,9602,Hairdressing & beauty,Hairdressing and other beauty treatment
ubundandazi,4711,"General shop, mainly food","Retail sale in non-specialized stores with food, beverages or tobacco predominating"
UBUDANDAZI BW'IBINYOBWA NIBIRIBWA MUKABARI,5630,Bars & beverage serving,Beverage serving activities
"Badandaza ibiribwa nibinyobwa muri cantine byiganjemo icya ,indaza",5610,Restaurants & food service,Restaurants and mobile food service activities
"UBUCURUZI BUDANDAZA HIGANJEMO IBIRIBWA ARIBYO UBUGARI,UMUCERI,AKAWUNGA",4711,"General shop, mainly food","Retail sale in non-specialized stores with food, beverages or tobacco predominating"
"gucuruza ubuconco ibyo kurya higanjemo ifu y'ubugari,akawunga,inyanya,..",4711,"General shop, mainly food","Retail sale in non-specialized stores with food, beverages or tobacco predominating"
ubucuruzi buranguza ibiribwa umuceri  n ibindi,4711,"General shop, mainly food","Retail sale in non-specialized stores with food, beverages or tobacco predominating"
"Kudandaza ibikoresho byubu hinzi(imboga,imiti yubuhinzi,ibikoresho byubuhinzi)",4772,Pharmacy & cosmetics shop,"Retail sale of pharmaceutical and medical goods, cosmetic and toilet articles in specialized stores"
"ubucuruzi bwiganjemo imboga dodo,caroti",4781,Market stall: food & drinks,"Retail sale via stalls and markets of food, beverages and tobacco products"
"ubucuruzi bw' amandanzi, icayi,",5610,Restaurants & food service,Restaurants and mobile food service activities
"ubucuruzi budandaza bwiganjemo amavuta yo kwisiga,salisa,umunyu,umuceri,etc..",4711,"General shop, mainly food","Retail sale in non-specialized stores with food, beverages or tobacco predominating"
kotsa burushete,5610,Restaurants & food service,Restaurants and mobile food service activities
ubucuruzi bw amagi muri boutique,4773,Other specialised shop,Other retail sale of new goods in specialized stores
"Umurimo w,ingenzi ,i kigo gikora ni ubucuruzi budandaza icyayi na amandazi",5610,Restaurants & food service,Restaurants and mobile food service activities
"kudandaza ibinyampeke: impungure, amasaka , uburo,.",4721,Specialised food shop,Retail sale of food in specialized stores
"UBUCURUZI BW'IMYENDA HARIMO IMIPIRA ,BRUZE....",4782,Market stall: clothing,"Retail sale via stalls and markets of textiles, clothing and footwear"
Ubucuruzi bwibiribwa muri boutique,4721,Specialised food shop,Retail sale of food in specialized stores
ibiryo,4721,Specialised food shop,Retail sale of food in specialized stores
UBUCURUZI BUDANDAZA IMBOGA MU ISOKO,4781,Market stall: food & drinks,"Retail sale via stalls and markets of food, beverages and tobacco products"
"ubucuruzi bwibiribwa, umuceri, kawunga, amavuta yo kurya, isabune, indagara, ubugari, ubunyobwa,..",4711,"General shop, mainly food","Retail sale in non-specialized stores with food, beverages or tobacco predominating"
UBUDANDAZI BW'INYANYA MU ISOKO RYO KWAMUTANGANA,4781,Market stall: food & drinks,"Retail sale via stalls and markets of food, beverages and tobacco products"
KUDANDAZA IBIJUMBA MW' ISOKO,4781,Market stall: food & drinks,"Retail sale via stalls and markets of food, beverages and tobacco products"
ubucuruzi bw'imiti y'amatungo n'inyongeeamusaruro,4773,Other specialised shop,Other retail sale of new goods in specialized stores
"ubucuruzi budandaza  ibiribwa ahantu habugenewe higanjemo Akawunga, indagara",4781,Market stall: food & drinks,"Retail sale via stalls and markets of food, beverages and tobacco products"
Acuruza Imyenda y'abana (ubucuruzi budandaza),4782,Market stall: clothing,"Retail sale via stalls and markets of textiles, clothing and footwear"
stand idandaza ibiribwa,4781,Market stall: food & drinks,"Retail sale via stalls and markets of food, beverages and tobacco products"
Gusukura imisatsi yabagabo,9602,Hairdressing & beauty,Hairdressing and other beauty treatment
Ubucuruzi bw'ibinyobwa bidasembuye(umutobe w'ibitoki),5630,Bars & beverage serving,Beverage serving activities
badandaza ibyokurya higanjemo icyayi amandazi na capati,5610,Restaurants & food service,Restaurants and mobile food service activities
UMUHINZI BWIBISHYIMBO,0111,Growing cereals & legumes,"Growing of cereals (except rice), leguminous crops and oil seeds"
"ubucuruzi bwibishyi,akawunga,n'umuceri",4721,Specialised food shop,Retail sale of food in specialized stores
GUTANGA SERVICE Yokogosha,9602,Hairdressing & beauty,Hairdressing and other beauty treatment
GUCURUZA IFU,4721,Specialised food shop,Retail sale of food in specialized stores
"ubucuruzi budandaza inzoga (  Primus, mitsingi, fanta, skol,..)",5630,Bars & beverage serving,Beverage serving activities
UBUCURUZI BW'INTORYI,4711,"General shop, mainly food","Retail sale in non-specialized stores with food, beverages or tobacco predominating"
uburezi bwo mumashuri abanza,8510,Primary education,Pre-primary and primary education
ubudandazi bwimiti itandukanye,4772,Pharmacy & cosmetics shop,"Retail sale of pharmaceutical and medical goods, cosmetic and toilet articles in specialized stores"
gukata no kudoda imyambaro y'abagore,1410,Tailoring & clothing making,"Manufacture of wearing apparel, except fur apparel"
ubucuruzi budandaza bw'ifu yubugari,4781,Market stall: food & drinks,"Retail sale via stalls and markets of food, beverages and tobacco products"
"Kundandaza ibiribwa bitandukanye harimo umuceri,akawunga n'imboga muri boutique",4721,Specialised food shop,Retail sale of food in specialized stores
"ubucuruzi bwimboga , amashu , dodo, intoryi ninyanya",4781,Market stall: food & drinks,"Retail sale via stalls and markets of food, beverages and tobacco products"
kuvura abantu bakoresheje ibinini,4772,Pharmacy & cosmetics shop,"Retail sale of pharmaceutical and medical goods, cosmetic and toilet articles in specialized stores"
bacuruza ibiribwa bya Limantation cg mini supermarket,4711,"General shop, mainly food","Retail sale in non-specialized stores with food, beverages or tobacco predominating"
kudandaza ibintu bitandukanye byiganjemo ibiribwa,4711,"General shop, mainly food","Retail sale in non-specialized stores with food, beverages or tobacco predominating"
"ubudandazi bwibiribwa nibyo kunywa higanjemo fanta,ibitoki",4711,"General shop, mainly food","Retail sale in non-specialized stores with food, beverages or tobacco predominating"
"Kudandaza akawunga, ifu yigikoma, amandazi, amazi yo kunywa",4721,Specialised food shop,Retail sale of food in specialized stores
UBUHINZI BWIBIHIGWA BITADUKANYE,0111,Growing cereals & legumes,"Growing of cereals (except rice), leguminous crops and oil seeds"
Kudandaza urwagwa mu kabari,5630,Bars & beverage serving,Beverage serving activities
UBUHINZI BW'IMYUMABATI,0113,Growing vegetables & tubers,"Growing of vegetables and melons, roots and tubers"
ubucuruzi bwibiribwa bidatetse,4721,Specialised food shop,Retail sale of food in specialized stores
KUDANDAZA URWAGWA RW'IBITOKI,5630,Bars & beverage serving,Beverage serving activities
"ubucuruzi bwiganjemo(AMAKAYE,UMUNYU,IBIBIRITI)",4719,"General shop, other goods",Other retail sale in non-specialized stores
"Ubucuruzi bw'amavuta yo kwisiga, jus, amandazi, biscuits isabune, ...",4711,"General shop, mainly food","Retail sale in non-specialized stores with food, beverages or tobacco predominating"
bakira abantu bakabagaburira,5610,Restaurants & food service,Restaurants and mobile food service activities
Bacuruzaga urwagwa bapima mbere ya Covid-19  ariko ubu bakaba badakora,5630,Bars & beverage serving,Beverage serving activities
akabari kurwagwa rwa kinyarwanda,5630,Bars & beverage serving,Beverage serving activities
ubucuruzi amafumbire nimiti nimirama yimbuto,4773,Other specialised shop,Other retail sale of new goods in specialized stores
"UBUCURUZI BUDANDAZA, IMYENDA, IBITENGE, INKWETO; INKWETO NIZO ZIGURWA CYANE",4771,Clothing & shoe shop,"Retail sale of clothing, footwear and leather articles in specialized stores"
UBUHINZI BW 'IMYUMBATI,0113,Growing vegetables & tubers,"Growing of vegetables and melons, roots and tubers"
UBUCURUZI BW'IBINTU BITANDULANYE HIGANJEMO IBIRIBWA,4711,"General shop, mainly food","Retail sale in non-specialized stores with food, beverages or tobacco predominating"
boutique idandaza h?ganjemo ibiribwa byifu,4711,"General shop, mainly food","Retail sale in non-specialized stores with food, beverages or tobacco predominating"
GUCURUZA IBIRIBWA HARIMO JUS UMUCELI AKAWUNGA,4711,"General shop, mainly food","Retail sale in non-specialized stores with food, beverages or tobacco predominating"
KUDANDAZA AMAGI MU ISOKO,4781,Market stall: food & drinks,"Retail sale via stalls and markets of food, beverages and tobacco products"
UBUSHINZI BW' IBIJUMBA,0113,Growing vegetables & tubers,"Growing of vegetables and melons, roots and tubers"
gucuruza boutique,4711,"General shop, mainly food","Retail sale in non-specialized stores with food, beverages or tobacco predominating"
Acuruza amakara,4799,Street & mobile vending,"Other retail sale not in stores, stalls or markets"
"gusuka, kurefiriza,guca inzara",9602,Hairdressing & beauty,Hairdressing and other beauty treatment
"adandaza ibintu bitandukanye amasahane,ibikombe,imyenda higanjemo teremunsi",4782,Market stall: clothing,"Retail sale via stalls and markets of textiles, clothing and footwear"
UBUHINZI BWOROZI BW URUGO,9810,Household own-use production,Undifferentiated goods-producing activities of private households for own use
ibinyobwa n'ibiribwa  muri boutique,4711,"General shop, mainly food","Retail sale in non-specialized stores with food, beverages or tobacco predominating"
kudandaza ibikoresho byamazi numuriro,4752,Hardware & paint shop,"Retail sale of hardware, paints and glass in specialized stores"
UBUCURUZI BUDANDAZA MU IDUKA,4711,"General shop, mainly food","Retail sale in non-specialized stores with food, beverages or tobacco predominating"
"Gucuruza higanjemo(Amandazi ,icyayi,Imineke)",5610,Restaurants & food service,Restaurants and mobile food service activities
GUCURUZA INZOGA MUKABARE,5630,Bars & beverage serving,Beverage serving activities
ubucuruzi budandaza  ifu zitandukanye,4721,Specialised food shop,Retail sale of food in specialized stores
gucuruza inzoga za primus,5630,Bars & beverage serving,Beverage serving activities
Ubucuruzi buranguza inzoga za Blarirwa,5630,Bars & beverage serving,Beverage serving activities
GUCURUZA SERVICE ZIBINYOBWA,4721,Specialised food shop,Retail sale of food in specialized stores
IBUHINZI BW' AMASAKA,0111,Growing cereals & legumes,"Growing of cereals (except rice), leguminous crops and oil seeds"
ubudandazi bw'ibiryo by'amatungo,4773,Other specialised shop,Other retail sale of new goods in specialized stores
ubucuruzi budandaza ibintubyose byiganjemo ifu ya kawunga n'iyigikoma,4711,"General shop, mainly food","Retail sale in non-specialized stores with food, beverages or tobacco predominating"
Ubucuruzi budandaza ibintu bitandukanye higanjemo amavuta yo kwisiga,4772,Pharmacy & cosmetics shop,"Retail sale of pharmaceutical and medical goods, cosmetic and toilet articles in specialized stores"
ubucuruzi budandazi higanjemo ifu,4721,Specialised food shop,Retail sale of food in specialized stores
Bacuruza ikigage badandaza,5630,Bars & beverage serving,Beverage serving activities
"kuranguza ibiribwa,ibitoki,ibirayi",4721,Specialised food shop,Retail sale of food in specialized stores
ubucuruzi budandaza bwubuconco higanjemo ibiribwa(boutique),4721,Specialised food shop,Retail sale of food in specialized stores
kogosha imisansi,9602,Hairdressing & beauty,Hairdressing and other beauty treatment
"GUCURUZA IBYO KUNYWA BISEMBUYE N, IBIDASEMBUYE",5630,Bars & beverage serving,Beverage serving activities
"kudandaza uducoco higanjemo ibiribwa ,umuceri,kawunga ,umunyu,amavuta",4711,"General shop, mainly food","Retail sale in non-specialized stores with food, beverages or tobacco predominating"
Kudandaza ibiryo,4711,"General shop, mainly food","Retail sale in non-specialized stores with food, beverages or tobacco predominating"
ubucuruzi bwa restaurant na servise za internet,5610,Restaurants & food service,Restaurants and mobile food service activities
akabari kibinyobwa bitandukanye higanjemo inzoga zipfundikiye,5630,Bars & beverage serving,Beverage serving activities
"ubucuruzi bw'umunyu isukari ,isabune",4719,"General shop, other goods",Other retail sale in non-specialized stores
"ubucuruzi bwibintu bitandukanye higanjemo ibikeresho , imyenda nibiribwa",4773,Other specialised shop,Other retail sale of new goods in specialized stores
UBUDANDAZI BWIGANJEMO  IKWETO MBODAMBODA,4771,Clothing & shoe shop,"Retail sale of clothing, footwear and leather articles in specialized stores"
UBUCURUZI BUDANDAZA HIGANJEMO IBIRIBWA(ISUKARIAMAFU,4711,"General shop, mainly food","Retail sale in non-specialized stores with food, beverages or tobacco predominating"
UBUCURUZI B'INZOGA,5630,Bars & beverage serving,Beverage serving activities
UMUHINZI BW' INYANYA,0113,Growing vegetables & tubers,"Growing of vegetables and melons, roots and tubers"
AKABARI GACURUZA URWAGWA,5630,Bars & beverage serving,Beverage serving activities
Kudandaza ibiribwa byiganjemo ibishyimbo n'impungure,4721,Specialised food shop,Retail sale of food in specialized stores
ubucuruzi budandaza bwicyayi nindazi,5610,Restaurants & food service,Restaurants and mobile food service activities
"Kudandaza ibiribwa n'ibinyobwa byiganjemo icyayi ,amandazi n'imigati",5610,Restaurants & food service,Restaurants and mobile food service activities
Gucuruza ubushera( ibikomoka ku masaka nki imisururu),5630,Bars & beverage serving,Beverage serving activities
GUTINGANYA IMISATSI,9602,Hairdressing & beauty,Hairdressing and other beauty treatment
ubudandazi bwi ibibenyi,5610,Restaurants & food service,Restaurants and mobile food service activities
GUTUNGANYA IMISATSI,9602,Hairdressing & beauty,Hairdressing and other beauty treatment
umurimo wubwogoshi,9602,Hairdressing & beauty,Hairdressing and other beauty treatment
Ubucuruzi budandaz bw'imiti y'amatungo,4772,Pharmacy & cosmetics shop,"Retail sale of pharmaceutical and medical goods, cosmetic and toilet articles in specialized stores"
Ubucuruzi bw' ibiryo bya matungo,4773,Other specialised shop,Other retail sale of new goods in specialized stores
ubucuruzi budandaza hinganjemo ibijumba,4711,"General shop, mainly food","Retail sale in non-specialized stores with food, beverages or tobacco predominating"
UBUCURUZI BW'IBINYOBWA BITANDUKANYE,4630,Wholesale of food & drinks,"Wholesale of food, beverages and tobacco"
AKABALI,5630,Bars & beverage serving,Beverage serving activities
ubu?uruzi bandaza bwa cosmetics products,4772,Pharmacy & cosmetics shop,"Retail sale of pharmaceutical and medical goods, cosmetic and toilet articles in specialized stores"
ubudozi bwimyambaro yabagore,1410,Tailoring & clothing making,"Manufacture of wearing apparel, except fur apparel"
ubudandaji bwa produits petrolier za engeen,4773,Other specialised shop,Other retail sale of new goods in specialized stores
GUCURUZA UBUCONSHO MURI BUTIKE HIGANJEMO IBYO KURYA,4711,"General shop, mainly food","Retail sale in non-specialized stores with food, beverages or tobacco predominating"
ubucuruzi bw'inzoga zipfundikiye n'izidapfundikiye,5630,Bars & beverage serving,Beverage serving activities
Ubudandazi bw'imyenda y'abana yiganjemo udukabutura nu dupira,4782,Market stall: clothing,"Retail sale via stalls and markets of textiles, clothing and footwear"
ubudandazi bw'imiti y'abantu,4772,Pharmacy & cosmetics shop,"Retail sale of pharmaceutical and medical goods, cosmetic and toilet articles in specialized stores"
UBUCURUZI BWO KUGABURA IBIRYO BIHIYE,5610,Restaurants & food service,Restaurants and mobile food service activities
unucuruzi buranguza bwa spirts and wine,4630,Wholesale of food & drinks,"Wholesale of food, beverages and tobacco"
Ubucuruzi budandaza ubuconco bwimyenda ibitenge,4782,Market stall: clothing,"Retail sale via stalls and markets of textiles, clothing and footwear"
vucuruza inzoga za kizungu,5630,Bars & beverage serving,Beverage serving activities
UBIHINZI BWIBISHYIMBO,0111,Growing cereals & legumes,"Growing of cereals (except rice), leguminous crops and oil seeds"
ubucuruzi budandaza bwiganjemo akawunga,4711,"General shop, mainly food","Retail sale in non-specialized stores with food, beverages or tobacco predominating"
"gutanga ibyo kunywa byiganjemo urwagwa ,primus,mitz?ng ,turbo,skol et Fanta",5630,Bars & beverage serving,Beverage serving activities
restora icuruza ikanaranguza amandazi,5610,Restaurants & food service,Restaurants and mobile food service activities
"Gusya ibinyampecye(amasaka,ibigori) bikavamo ifu",1061,Grain milling,Manufacture of grain mill products
ubucuruzi bwibiribwa bihiye nibinyobwa,4711,"General shop, mainly food","Retail sale in non-specialized stores with food, beverages or tobacco predominating"
"ubucuruzi bwimyenda yabana ,ninkweto za bodaboda",4782,Market stall: clothing,"Retail sale via stalls and markets of textiles, clothing and footwear"
ubucuruzi bw'uruconco,4719,"General shop, other goods",Other retail sale in non-specialized stores
ubucuruzi bw'ubudandazi bwa bw'amakaroni ni bitunguru,4773,Other specialised shop,Other retail sale of new goods in specialized stores
ubudandazi bwibinyobwa,5630,Bars & beverage serving,Beverage serving activities
BOGOSHA IMISATSI Y'ABANTU,9602,Hairdressing & beauty,Hairdressing and other beauty treatment
ubucuruzi bwibinyobwa  muri cantine,5610,Restaurants & food service,Restaurants and mobile food service activities
Kogosha imisatsi yabantu batandukanye higanjemo abana,9602,Hairdressing & beauty,Hairdressing and other beauty treatment
Akabari k inzoga,5630,Bars & beverage serving,Beverage serving activities
BADODA IMYAMBARO,1410,Tailoring & clothing making,"Manufacture of wearing apparel, except fur apparel"
UBUCURUZI BUDANDAZA AMAGI,4711,"General shop, mainly food","Retail sale in non-specialized stores with food, beverages or tobacco predominating"
ubudandazi bw'imenda,4781,Market stall: food & drinks,"Retail sale via stalls and markets of food, beverages and tobacco products"
Kudandaza imiti y'ibihingwa,4772,Pharmacy & cosmetics shop,"Retail sale of pharmaceutical and medical goods, cosmetic and toilet articles in specialized stores"
Gucuruza inyongeramusaruro mu buhinzi,4773,Other specialised shop,Other retail sale of new goods in specialized stores
UBUCURUZI BWA RESTAURANT,5610,Restaurants & food service,Restaurants and mobile food service activities
"ubucuruzi budandaza bwiganjemo ibirayi,ibitoki,ibishyimbo,amavuta yo kwisiga,a mavuta yo guteka,umuceri",4711,"General shop, mainly food","Retail sale in non-specialized stores with food, beverages or tobacco predominating"
"Nubucuruzi budandaza bwiganjemo lait france  yought ,Biscuit zitandukanye",4711,"General shop, mainly food","Retail sale in non-specialized stores with food, beverages or tobacco predominating"
uburezi bwamashuri abanza gusa,8510,Primary education,Pre-primary and primary education
UBUCURUZI BWAMASAMBUSA YIBIRAYI MUMUHANDA,4711,"General shop, mainly food","Retail sale in non-specialized stores with food, beverages or tobacco predominating"
Ubucuruzi bw'ibyokurya bihiye,5610,Restaurants & food service,Restaurants and mobile food service activities
ubucuruzi budandaza mu iduka bwiganjemo ibiryo,4711,"General shop, mainly food","Retail sale in non-specialized stores with food, beverages or tobacco predominating"
Kogasha abantu imisatsi no kuyithnganya,9602,Hairdressing & beauty,Hairdressing and other beauty treatment
ubucuruzi bidandaza bwibintu bwiganjemo ibiribwa,4711,"General shop, mainly food","Retail sale in non-specialized stores with food, beverages or tobacco predominating"
UBUCURUZI BWO KUDANDAZA IMYENDA YA VIYETI YO KWAMBARA KU BAHUNGU N ABAKOBWA,4771,Clothing & shoe shop,"Retail sale of clothing, footwear and leather articles in specialized stores"
"kutanga ibyo  kunywa,inzoga",5630,Bars & beverage serving,Beverage serving activities
Ubucuruzi bugabura ibiribwa bitandukanye higanjemo icyayi,5630,Bars & beverage serving,Beverage serving activities
UMUHINZI BW IBIGORI,0111,Growing cereals & legumes,"Growing of cereals (except rice), leguminous crops and oil seeds"
"UBUCURUZI BW'IBIRIBWA HIGANJEMO UMUCERI,ISUKARI,IBIRAYI.",4719,"General shop, other goods",Other retail sale in non-specialized stores
Kudandaza imiti,4772,Pharmacy & cosmetics shop,"Retail sale of pharmaceutical and medical goods, cosmetic and toilet articles in specialized stores"
kudandaza amakara n'ifu,4719,"General shop, other goods",Other retail sale in non-specialized stores
"UBUDANDAZI BYIBYO KURYA  BWIGANJEMO ;INYANA,AMASHAZA ,PAVULO",4781,Market stall: food & drinks,"Retail sale via stalls and markets of food, beverages and tobacco products"
"Ubudandazi(Umuceri,Kawunga,Amavuta yo kurya,Amakayi....)",4719,"General shop, other goods",Other retail sale in non-specialized stores
"ubucuruzi budandaza mu iduka bwiganjemo ibiribwa,Inzoga zisembuye",4711,"General shop, mainly food","Retail sale in non-specialized stores with food, beverages or tobacco predominating"
Gucuruza ibinyobwa nibiribwa higanjemo icyo kunkwa,5630,Bars & beverage serving,Beverage serving activities
UBUCURUZI BWI BIRIBWA MWISOKO,4711,"General shop, mainly food","Retail sale in non-specialized stores with food, beverages or tobacco predominating"
"ubucuruzi bukomatanije,harimo amavuta ,amakara ,ibitunguru,jus ,fanta",4711,"General shop, mainly food","Retail sale in non-specialized stores with food, beverages or tobacco predominating"
Restaurant bacuruza ibyo kurya nibyo kunywa,5610,Restaurants & food service,Restaurants and mobile food service activities
"ubucuruzi buciritse bw'imyenda, amavuta yo kwisiga,silipa,bodaboda muri boutique",4773,Other specialised shop,Other retail sale of new goods in specialized stores
"UBUDOZI BW,IMYENDA KU IGITSINA GORE NI IGITSINA  GABO",1410,Tailoring & clothing making,"Manufacture of wearing apparel, except fur apparel"
Kogosha imisatsi abaturage,9602,Hairdressing & beauty,Hairdressing and other beauty treatment
UBUHINZI BW'UBUNYOBWA,0111,Growing cereals & legumes,"Growing of cereals (except rice), leguminous crops and oil seeds"
imirimo yo kwakira abantu no kubagaburira,5610,Restaurants & food service,Restaurants and mobile food service activities
"Guha abantuc ibyo kurya no kunywa( icyayi ,amandazi imineke)",5610,Restaurants & food service,Restaurants and mobile food service activities
UBUCURUZI BUDANDAZA IBISHEKE MU MIHANDA,4799,Street & mobile vending,"Other retail sale not in stores, stalls or markets"
UBUCURUZI BW'IBINYOBWA BISEMBUYE(URWAGWA),5630,Bars & beverage serving,Beverage serving activities
"kudandaza ibinyobwa higanjemo ikigange,byeri,",5630,Bars & beverage serving,Beverage serving activities
"Ifu yubugari,ibirungo,isabune",4711,"General shop, mainly food","Retail sale in non-specialized stores with food, beverages or tobacco predominating"
"ubucuruzi bwiganjemo amasabune,biswit,ifuyubugali,ubunyobwa,indagara,umuceri ,akawunga,umunyu",4721,Specialised food shop,Retail sale of food in specialized stores
Gucuruza fanta na Jus,4711,"General shop, mainly food","Retail sale in non-specialized stores with food, beverages or tobacco predominating"
UBUHINZI BW'IMYUMBATI,0113,Growing vegetables & tubers,"Growing of vegetables and melons, roots and tubers"
ubucuruzi bw'umutobe(mubisi),5630,Bars & beverage serving,Beverage serving activities
ubucuruzi bwa amata,5610,Restaurants & food service,Restaurants and mobile food service activities
gukusanya amata muri muyira,4630,Wholesale of food & drinks,"Wholesale of food, beverages and tobacco"
Ubucuruzi budandaza lmyenda,4771,Clothing & shoe shop,"Retail sale of clothing, footwear and leather articles in specialized stores"
ubucuruzi bwa Alimentation bwiganjemo Juice na Biscuits,4711,"General shop, mainly food","Retail sale in non-specialized stores with food, beverages or tobacco predominating"
ubucuruzi budandaza bwiganjemo Umuceri na Mavuta yokurya,4781,Market stall: food & drinks,"Retail sale via stalls and markets of food, beverages and tobacco products"
"ubucuruzi bwimyaka (ibishyimbo,amasaka,...)",4711,"General shop, mainly food","Retail sale in non-specialized stores with food, beverages or tobacco predominating"
"Ubudandazi bw,ibirayi amafu n,ibikoresho by,isuku nk,amasabune",4721,Specialised food shop,Retail sale of food in specialized stores
ubucuruzi bucuruza ibikoresho bitandukanye byo murugo,4719,"General shop, other goods",Other retail sale in non-specialized stores
Ubucutuzi budandaza ubuconco bwimyenda,4782,Market stall: clothing,"Retail sale via stalls and markets of textiles, clothing and footwear"
ubucuruzi budandaza ibiribwa bitandukanye,4711,"General shop, mainly food","Retail sale in non-specialized stores with food, beverages or tobacco predominating"
gutanga amafunguro ndetse nibyo kunywa,5610,Restaurants & food service,Restaurants and mobile food service activities
"ubucuruzi bw'amasabune,umunyu,amabiswi,...",4719,"General shop, other goods",Other retail sale in non-specialized stores
kugaburira abantu ifunguro riciriritse (icyayi &amandazi),5610,Restaurants & food service,Restaurants and mobile food service activities
gucuruza boutique yiganjemo ibiribwa nibinyobwa nibikoresho byisuku,4721,Specialised food shop,Retail sale of food in specialized stores
boutique iranguza higanjemo ibiribwa n'Ibinyobwa bya BRARIRWA,4711,"General shop, mainly food","Retail sale in non-specialized stores with food, beverages or tobacco predominating"
bacuruza bandandaza ibicuruzwa bitandukanye higanjemo ibiribwa (umuceri n'akawunga)na Jus,4711,"General shop, mainly food","Retail sale in non-specialized stores with food, beverages or tobacco predominating"
gucuruza ibikoresho by'ubukanishi n'iby'ubwubatsi,4752,Hardware & paint shop,"Retail sale of hardware, paints and glass in specialized stores"
ubudandazi bw'ibinyobwa,5630,Bars & beverage serving,Beverage serving activities
UBUCURUZI BWIBIRIBWA N'IBINYOBWA,4711,"General shop, mainly food","Retail sale in non-specialized stores with food, beverages or tobacco predominating"
UBUDANDAZI BW IBIRIBWA N IBINYOBWA,4711,"General shop, mainly food","Retail sale in non-specialized stores with food, beverages or tobacco predominating"
UBUHINZI BWIBIRAYI,0113,Growing vegetables & tubers,"Growing of vegetables and melons, roots and tubers"
"gukaranga ibijumba, icyayi",5610,Restaurants & food service,Restaurants and mobile food service activities
"bakodesha imyenda yabageni,amakanzu,imikenyero,,,,,",4771,Clothing & shoe shop,"Retail sale of clothing, footwear and leather articles in specialized stores"
"ubucuruzi bwibikoresho byubwubatsi , ibirahure, ferabetto, sima, amarangi",4752,Hardware & paint shop,"Retail sale of hardware, paints and glass in specialized stores"
Badandaza ibiribwa bidahiye higanjemo ibishyimbo,4711,"General shop, mainly food","Retail sale in non-specialized stores with food, beverages or tobacco predominating"
Ubucuruzi budanza Ibikoresho by'ibinyabiziga,4721,Specialised food shop,Retail sale of food in specialized stores
UBUCURUZI BWAMAMERA,4721,Specialised food shop,Retail sale of food in specialized stores
Kurangura no kuranguza imyaka,4630,Wholesale of food & drinks,"Wholesale of food, beverages and tobacco"
yacuruzaga ikigage,5630,Bars & beverage serving,Beverage serving activities
gucuruza urwagwa ku bakiriya,5630,Bars & beverage serving,Beverage serving activities
GUHA ABANTU IBYO KUNYWA HIGANJEMO UMUSURURU,5630,Bars & beverage serving,Beverage serving activities
gu uruza ikigage,5630,Bars & beverage serving,Beverage serving activities
gudoda imyenda yacitse gusa,1410,Tailoring & clothing making,"Manufacture of wearing apparel, except fur apparel"
kudandaza boutique,4719,"General shop, other goods",Other retail sale in non-specialized stores
UBUCURUZI BW INZOGA MU KABARI,5630,Bars & beverage serving,Beverage serving activities
Bacuruza badandaza inkweto (bodaboda),4782,Market stall: clothing,"Retail sale via stalls and markets of textiles, clothing and footwear"
UBUCURUZI BW'IMBOGA BWIGANJEMO CAROTTES,4781,Market stall: food & drinks,"Retail sale via stalls and markets of food, beverages and tobacco products"
Gucuruza Iduka ryiganjemo Imyenda y'abana,4771,Clothing & shoe shop,"Retail sale of clothing, footwear and leather articles in specialized stores"
Ubucuruzi bwakabari higanjemo: inzoga zibitoki,5630,Bars & beverage serving,Beverage serving activities
ubucuruzi bwiganjemo ibyokurya nk'umuceri,4711,"General shop, mainly food","Retail sale in non-specialized stores with food, beverages or tobacco predominating"
Ubucuruzi bucuruza imyenda,4771,Clothing & shoe shop,"Retail sale of clothing, footwear and leather articles in specialized stores"
BACURUZA IBIKORESHO BY' UBWUBATSI NKA AMASERIRE N' AMARANGI,4752,Hardware & paint shop,"Retail sale of hardware, paints and glass in specialized stores"
ubucuzi bw'inzoga ga zipfundikirwa n'ibyo bijyana biribwa,5630,Bars & beverage serving,Beverage serving activities
"UBUHIMZI N UBWOR,I BYO GUTUNGA URUGO",9810,Household own-use production,Undifferentiated goods-producing activities of private households for own use
UBUHINZI BWOROZI BUGAMIIJE GUTUNGA URUGO,9810,Household own-use production,Undifferentiated goods-producing activities of private households for own use
teaching in nursery and primary,8510,Primary education,Pre-primary and primary education
"gukora tailoring,art,handcraft and fashion",1410,Tailoring & clothing making,"Manufacture of wearing apparel, except fur apparel"
ubucuruzi bwibiribwa n'ibinyobwa bidasembuye (alimentation),4711,"General shop, mainly food","Retail sale in non-specialized stores with food, beverages or tobacco predominating"
"Kudandaza higanjemo ibiribwa(inyanya,intoryi,umunyu,indagara)",4721,Specialised food shop,Retail sale of food in specialized stores
"UBUCURUZI BW'IBIRIBWA, INYANYA,IFU Y'UBUNYOBWA, UMUCERI",4781,Market stall: food & drinks,"Retail sale via stalls and markets of food, beverages and tobacco products"
"Ubucuruzi budandaza bwiganjemo ibiribwa, nki ibirayi,amakara",4711,"General shop, mainly food","Retail sale in non-specialized stores with food, beverages or tobacco predominating"
Gucuruza ibinyobwa bya BRALIRWA na SKOL,5630,Bars & beverage serving,Beverage serving activities
ubucuruzi budanda:umunyu sukari kawonga jus tangawizi amagi,4711,"General shop, mainly food","Retail sale in non-specialized stores with food, beverages or tobacco predominating"
"Ubucuruzi bwa boutique (amasabune,amavuta yo kurya no kwisiga ) cyane ikigajye",4721,Specialised food shop,Retail sale of food in specialized stores
UBUHINZI BWI IBISHYIMBO,0111,Growing cereals & legumes,"Growing of cereals (except rice), leguminous crops and oil seeds"
Gutanga sevice zuburezi zamashuri abanza,8510,Primary education,Pre-primary and primary education
UBUHINZI BW AMASAKA,0111,Growing cereals & legumes,"Growing of cereals (except rice), leguminous crops and oil seeds"
gucuruza piza,5610,Restaurants & food service,Restaurants and mobile food service activities
UBUDANDAZI BWIMBUTO ZIGANJEMO IMINEKE,4781,Market stall: food & drinks,"Retail sale via stalls and markets of food, beverages and tobacco products"
gucuruza imyenda yinkweto,4771,Clothing & shoe shop,"Retail sale of clothing, footwear and leather articles in specialized stores"
kudandaza imbuto,4781,Market stall: food & drinks,"Retail sale via stalls and markets of food, beverages and tobacco products"
"ubucuruzi bwa boutique higanjemo inkweto,umuti w'ibirayi,n'isabune",4773,Other specialised shop,Other retail sale of new goods in specialized stores
UBUDANDAZA BWOGANJEMO IBINYOBWA MURI BOUTIQUE,4711,"General shop, mainly food","Retail sale in non-specialized stores with food, beverages or tobacco predominating"
selling alcoholic and non alcoholic drinks and restaurant,5610,Restaurants & food service,Restaurants and mobile food service activities
ubudandazi bwiganjemo ubucuruzi bya byeri na fanta,5630,Bars & beverage serving,Beverage serving activities
gucuruza icyayi imigati n'imineke nizibindi bigendanye nabyo,5610,Restaurants & food service,Restaurants and mobile food service activities
Kudandaza ibiryo cyane cyane ibirayi n'umuceri,5610,Restaurants & food service,Restaurants and mobile food service activities
"UBURUZI BW'IBIRIBWA; IBISHYIMBO, OMO, NIBINDI",4721,Specialised food shop,Retail sale of food in specialized stores
UBUDANDAZI BW'IMYENDA HIGANJEMO IYABAGORE,4771,Clothing & shoe shop,"Retail sale of clothing, footwear and leather articles in specialized stores"
ubucuruzi bw'imyenda y'abagabo n'abagore,4771,Clothing & shoe shop,"Retail sale of clothing, footwear and leather articles in specialized stores"
ubucuruzi budandaza amakara n'imboga,4719,"General shop, other goods",Other retail sale in non-specialized stores
"ubucuruzi bwibiribwa,cogocogo",4711,"General shop, mainly food","Retail sale in non-specialized stores with food, beverages or tobacco predominating"
kuranguza urwagwa Umurava,4630,Wholesale of food & drinks,"Wholesale of food, beverages and tobacco"
UBUCURUZI BUDANDAZA :umunyu kawunga ubuto Amavuta bisiga inkweto umuceri,4711,"General shop, mainly food","Retail sale in non-specialized stores with food, beverages or tobacco predominating"
umurimo wo gusya amasaka ibigori nibindi hakaboneka ifu,1061,Grain milling,Manufacture of grain mill products
BADODA IMYENDA MISHYA BAKANASANA IYACITSE,1410,Tailoring & clothing making,"Manufacture of wearing apparel, except fur apparel"
Umurimo wo kugabura ibyokurya nibyokunkwa,4711,"General shop, mainly food","Retail sale in non-specialized stores with food, beverages or tobacco predominating"
kudandaza amafu higanjemo amafu y'amasaka,4711,"General shop, mainly food","Retail sale in non-specialized stores with food, beverages or tobacco predominating"
UBUCURUZI BWU' UBUCONSHO,4719,"General shop, other goods",Other retail sale in non-specialized stores
badoda imyenda ya badamu badandaza,1410,Tailoring & clothing making,"Manufacture of wearing apparel, except fur apparel"
"Bautique(Ubucuruzi bw'ibitoki, ibirayi, kawunga, umuceli)",4721,Specialised food shop,Retail sale of food in specialized stores
kudandaza karoti,4781,Market stall: food & drinks,"Retail sale via stalls and markets of food, beverages and tobacco products"
Bucuruzi buciriritse Bw'imyenda,4782,Market stall: clothing,"Retail sale via stalls and markets of textiles, clothing and footwear"
Guha abantu icyayi na mandazi,5610,Restaurants & food service,Restaurants and mobile food service activities
Ubucuruzi bw'ubuconco bwiganjemo ibirigwa,4721,Specialised food shop,Retail sale of food in specialized stores
Bacuruza ubuconco harimo ibikoresho by'isuku,4711,"General shop, mainly food","Retail sale in non-specialized stores with food, beverages or tobacco predominating"
"Ciment,amabati, amaragi ,bikorerwa kucyicaro gikuru",4752,Hardware & paint shop,"Retail sale of hardware, paints and glass in specialized stores"
UBUCURUZI(QUEQUAEL),4752,Hardware & paint shop,"Retail sale of hardware, paints and glass in specialized stores"
UBUCURUZI BUDANDAZA INYAMA MU ISOKO,4781,Market stall: food & drinks,"Retail sale via stalls and markets of food, beverages and tobacco products"
"Gucururuza uduconsho higanjemo imyunyu,amavuta bisiga nutundi.......",4711,"General shop, mainly food","Retail sale in non-specialized stores with food, beverages or tobacco predominating"
UBUHINZI BW'IBITUNGA URUGO RWE,9810,Household own-use production,Undifferentiated goods-producing activities of private households for own use
SHOP Y'IMYENDA,4771,Clothing & shoe shop,"Retail sale of clothing, footwear and leather articles in specialized stores"
"badoda imyenda yabagabo nabagore,ibitambaro byo kumeza",1410,Tailoring & clothing making,"Manufacture of wearing apparel, except fur apparel"
kundaza ibiribwa,4721,Specialised food shop,Retail sale of food in specialized stores
Ubucuruzi buranguza inzoga,4711,"General shop, mainly food","Retail sale in non-specialized stores with food, beverages or tobacco predominating"
Kwakira abantu bakeneye ibiribwa nibinyobwa,5610,Restaurants & food service,Restaurants and mobile food service activities
UBUDANDAZI BW' UMUTOBE WIGITOKE,4711,"General shop, mainly food","Retail sale in non-specialized stores with food, beverages or tobacco predominating"
"kudandaza ifumbire Npk, iree, DAP",4773,Other specialised shop,Other retail sale of new goods in specialized stores
ubucuruzi budanaza bw'amapantalon,4771,Clothing & shoe shop,"Retail sale of clothing, footwear and leather articles in specialized stores"
gucuruza ubuconsho harimo n ibitenge,4711,"General shop, mainly food","Retail sale in non-specialized stores with food, beverages or tobacco predominating"
ubudandazi bwibicuruzwa bitandukanye mwiduka,4719,"General shop, other goods",Other retail sale in non-specialized stores
"ubucuruzu budandaza dodo,inyanya,bombo,jus",4721,Specialised food shop,Retail sale of food in specialized stores
Ubucuruzi budandaza bwiganjemo ibyo kurya harimo inyanya kubutanda,4781,Market stall: food & drinks,"Retail sale via stalls and markets of food, beverages and tobacco products"
gutunganya imisatsi yabadamu,9602,Hairdressing & beauty,Hairdressing and other beauty treatment
UBUCURUZI BWIMBOGA NUTWINGENZI DUKE,4711,"General shop, mainly food","Retail sale in non-specialized stores with food, beverages or tobacco predominating"
Umurimo wo kudandaza inzoga ninyanya numuceri nakawunga,4711,"General shop, mainly food","Retail sale in non-specialized stores with food, beverages or tobacco predominating"
UBUCURUZI BUDANDAZA BWIGANJEMO AMAVUTA,4711,"General shop, mainly food","Retail sale in non-specialized stores with food, beverages or tobacco predominating"
batanga service iha abantu ibyo kurya,5610,Restaurants & food service,Restaurants and mobile food service activities
ubudandandazi bwa boutique yiganjemo imisatsi yabagore,4773,Other specialised shop,Other retail sale of new goods in specialized stores
ubucuruzi budandaza IFU,4721,Specialised food shop,Retail sale of food in specialized stores
KUDODA IMYAMBARO,1410,Tailoring & clothing making,"Manufacture of wearing apparel, except fur apparel"
"UBUCURUZI BWIGANJEMO IMBUTO ZIRIMO IMINEKE,IPAPAYI BUKORERWA MW'ISOKO",4781,Market stall: food & drinks,"Retail sale via stalls and markets of food, beverages and tobacco products"
UBUCURUZI BUDANDAZA IBITOKI MU MIHANDA,4799,Street & mobile vending,"Other retail sale not in stores, stalls or markets"
"gusya ( soya , amasaka, ibigori, imyumbati)",1061,Grain milling,Manufacture of grain mill products
UBUREZI BWO MUMASHURI YINSHUKE,8510,Primary education,Pre-primary and primary education
ubucuruzu bw'inzoga urwagwa budandaza,5630,Bars & beverage serving,Beverage serving activities
"kugurisha( amandazi,intoryi,imigati,agahunga)",4721,Specialised food shop,Retail sale of food in specialized stores
ubudandazi bwinkweto za caguwa,4782,Market stall: clothing,"Retail sale via stalls and markets of textiles, clothing and footwear"
KUDANDAZA IMBUTO MURI GARE,4799,Street & mobile vending,"Other retail sale not in stores, stalls or markets"
kudandaza ubuconco bwiganjemo amasabune,4719,"General shop, other goods",Other retail sale in non-specialized stores
gucurura ibiribwa,4721,Specialised food shop,Retail sale of food in specialized stores
boutique yibiribwa,4721,Specialised food shop,Retail sale of food in specialized stores
Kugaburira abantu higanjemo icyayi,5610,Restaurants & food service,Restaurants and mobile food service activities
ubucuruzi budadaza higanjemo ibiribwa,4711,"General shop, mainly food","Retail sale in non-specialized stores with food, beverages or tobacco predominating"
UBUHINZI BWI MYAKA,0111,Growing cereals & legumes,"Growing of cereals (except rice), leguminous crops and oil seeds"
"Butike idandaza higanhjemo,isabune,ubunyobwa,ibibiriti",4719,"General shop, other goods",Other retail sale in non-specialized stores
KUNDANDAZA,4719,"General shop, other goods",Other retail sale in non-specialized stores
ubucuruzi budandaza ibibibwa ibirayi n'ibishyimbo,4773,Other specialised shop,Other retail sale of new goods in specialized stores
"Ubucuruzi budandaza bwiganjemo ifu yigikoma,umuceri n'inyanya",4721,Specialised food shop,Retail sale of food in specialized stores
"Boutique yiganjemo imiceri,n'sukali n'ibyo kurya bidatetse byiganjemo ibirayi ni bitoki",4711,"General shop, mainly food","Retail sale in non-specialized stores with food, beverages or tobacco predominating"
ubucuzi budandaza ibishyimbo,4781,Market stall: food & drinks,"Retail sale via stalls and markets of food, beverages and tobacco products"
Gucuruza ubushera bwamasaka,5630,Bars & beverage serving,Beverage serving activities
umurimo wo gucuruza inzoga,5630,Bars & beverage serving,Beverage serving activities
kudandaza amafi n'imboga mu gasoko,4711,"General shop, mainly food","Retail sale in non-specialized stores with food, beverages or tobacco predominating"
andandaza utuntu dutandukanye,4719,"General shop, other goods",Other retail sale in non-specialized stores
ubucuruzi bw' ibiribwa nk' isukari umunyu n' amavuta,4711,"General shop, mainly food","Retail sale in non-specialized stores with food, beverages or tobacco predominating"
ibinyobwa bidasembuye,4721,Specialised food shop,Retail sale of food in specialized stores
UBUCURUZI BW' INYANYA,4781,Market stall: food & drinks,"Retail sale via stalls and markets of food, beverages and tobacco products"
UBUHINZI BW'IMBOGA MU BISHANGA,0113,Growing vegetables & tubers,"Growing of vegetables and melons, roots and tubers"
UBUCURUZI  BUDANDAZA BWIGANJEMO IBIRIBWA AHANTU HABUGENEWE,4719,"General shop, other goods",Other retail sale in non-specialized stores
Gukusanya amata,4721,Specialised food shop,Retail sale of food in specialized stores
KUDANDAZA IBINYOBWA HIGANJEMO URWAGWA,5630,Bars & beverage serving,Beverage serving activities
UBUDANDAZI BW' IBITOKI KU MUHANDA,4781,Market stall: food & drinks,"Retail sale via stalls and markets of food, beverages and tobacco products"
ubucuruzi budandaza bwiganjemo ibiryo byamatungo,4773,Other specialised shop,Other retail sale of new goods in specialized stores
UBUCURUZI BW'IFU UMUNYU,4721,Specialised food shop,Retail sale of food in specialized stores
ubucuruzi bwimenda yabagabo,4782,Market stall: clothing,"Retail sale via stalls and markets of textiles, clothing and footwear"
UBUCURUZI BW'IMYAMBARO,4782,Market stall: clothing,"Retail sale via stalls and markets of textiles, clothing and footwear"
ICYOKEZO,5610,Restaurants & food service,Restaurants and mobile food service activities
ubucuruzi bw amata muri cantine,5610,Restaurants & food service,Restaurants and mobile food service activities
ubucuruzi budandaza ibyiganjemo ibiribwa n'ibinyobwa,4711,"General shop, mainly food","Retail sale in non-specialized stores with food, beverages or tobacco predominating"
Atelier idoda imyenda mishya akanatera ibiraka imyenda ishaje,1410,Tailoring & clothing making,"Manufacture of wearing apparel, except fur apparel"
UBUHINZI BWIBINYABIJUMBA,0113,Growing vegetables & tubers,"Growing of vegetables and melons, roots and tubers"
UBUHINZI BWIBIGORI NA SOYA,0111,Growing cereals & legumes,"Growing of cereals (except rice), leguminous crops and oil seeds"
UBUCUZI BW'IBIRIBWA,4721,Specialised food shop,Retail sale of food in specialized stores
UBUCURU BW'IMINEKE,4781,Market stall: food & drinks,"Retail sale via stalls and markets of food, beverages and tobacco products"
Gucuruza imyambaro ndetse hakabamo ibiribwa nibikoresho byisuku,4719,"General shop, other goods",Other retail sale in non-specialized stores
UBUCURUZI BW'GUCURUZA INZOGA ZIDAPFUNDIKIYE,5630,Bars & beverage serving,Beverage serving activities
UBUCURUZI BW'IBIRIBWA(UBUCONSHO),4711,"General shop, mainly food","Retail sale in non-specialized stores with food, beverages or tobacco predominating"
boutique icuruza yiganjemo ibiribwa,4711,"General shop, mainly food","Retail sale in non-specialized stores with food, beverages or tobacco predominating"
ubucuruzi bw ibinyobwa muri bar,5610,Restaurants & food service,Restaurants and mobile food service activities
ubucuruzi bwokudandaza imyenda,4771,Clothing & shoe shop,"Retail sale of clothing, footwear and leather articles in specialized stores"
"ubucuruzi bw'amafu y'ubugari n'igikoma, inyanya, amavuta yo kurya no kwisiga n'amasabune.",4711,"General shop, mainly food","Retail sale in non-specialized stores with food, beverages or tobacco predominating"
kudandaza amamashini yo kudoda imyenda icyarahani,1410,Tailoring & clothing making,"Manufacture of wearing apparel, except fur apparel"
UBUDANDAZI BW'IBIGORI,4711,"General shop, mainly food","Retail sale in non-specialized stores with food, beverages or tobacco predominating"
KUDANDAZA IBINTUBITANDUKANYE MU IDUKA,4719,"General shop, other goods",Other retail sale in non-specialized stores
UBUCURUZI BWIBIRIBWA NIBINYOBWA MURI BOU,4711,"General shop, mainly food","Retail sale in non-specialized stores with food, beverages or tobacco predominating"
Ubucuruzi budandaza inzoga z'urwagwa gusa,5630,Bars & beverage serving,Beverage serving activities
BARANGUZA IBIRAYI NIBISHYIMBO GUSA,4630,Wholesale of food & drinks,"Wholesale of food, beverages and tobacco"
"ubucuruzi bw,ibyokunywa higanjemo icyayi,amandazi",5610,Restaurants & food service,Restaurants and mobile food service activities
"kudandaza umunyu,amasabune",4719,"General shop, other goods",Other retail sale in non-specialized stores
ubucuruzi bwa amasaka,4721,Specialised food shop,Retail sale of food in specialized stores
Ubucuruzi budandaza bw'inkweto z'abamama,4782,Market stall: clothing,"Retail sale via stalls and markets of textiles, clothing and footwear"
UBUCURUZI BUDANDAZA IBISHEKE MWISOKO,4781,Market stall: food & drinks,"Retail sale via stalls and markets of food, beverages and tobacco products"
Ubucuruzi budandaza ibikoresho by'ubwubatsi higanjemo inzugi zimbaho,4752,Hardware & paint shop,"Retail sale of hardware, paints and glass in specialized stores"
bacuruza buconsho yibintu bita dukanye higanjemo ibiribwa,4711,"General shop, mainly food","Retail sale in non-specialized stores with food, beverages or tobacco predominating"
UBUHINZI BW'IBITUNGA URUGO,9810,Household own-use production,Undifferentiated goods-producing activities of private households for own use
bacuruza bautique yibintu bitandukanye hinganjemo umuceri isukari namasabune,4772,Pharmacy & cosmetics shop,"Retail sale of pharmaceutical and medical goods, cosmetic and toilet articles in specialized stores"
UBUCURUZI BW INYONGERA MUSARURO Z UBUHINZI N UBWOROZI,4773,Other specialised shop,Other retail sale of new goods in specialized stores
acuruza ubuconco bwiganjemo ibyo kurya,4721,Specialised food shop,Retail sale of food in specialized stores
Ubucuruzi budandaza higanjemo  amavuta yo kwisiga,4772,Pharmacy & cosmetics shop,"Retail sale of pharmaceutical and medical goods, cosmetic and toilet articles in specialized stores"
"adandaza ibijyanye ni bikoresho nu dukoresho two murugo , isabune,  umunyu,  inyanya",4719,"General shop, other goods",Other retail sale in non-specialized stores
"ubucuruzi budandaza amavuta yisigwa,ifu,umunyu",4721,Specialised food shop,Retail sale of food in specialized stores
Ubudandazi bw'ubuconco higanjemo umuceri n' amavuta,4781,Market stall: food & drinks,"Retail sale via stalls and markets of food, beverages and tobacco products"
ubucuruzi bwibiribwa badandaza  byiganjemo ibishyimbo,4721,Specialised food shop,Retail sale of food in specialized stores
ubucuruzi budandaza amata,4721,Specialised food shop,Retail sale of food in specialized stores
"ubucuruzi budandaza ibiribwa ( umuceri, ubunyobwa, biscuit,...)muri Boutique",4711,"General shop, mainly food","Retail sale in non-specialized stores with food, beverages or tobacco predominating"
UBUCURUZI BWA BITIKE,4711,"General shop, mainly food","Retail sale in non-specialized stores with food, beverages or tobacco predominating"
KUDANDAZA IBINTU BITANDUKANYE MU IDUKA HIGANJEMO IBYO KURYA,4719,"General shop, other goods",Other retail sale in non-specialized stores
UBUCURUZI BW'IBITOKI,4781,Market stall: food & drinks,"Retail sale via stalls and markets of food, beverages and tobacco products"
ni uguha abaturage serivise,1061,Grain milling,Manufacture of grain mill products
service za restaurant kugaburira abakiriya,5610,Restaurants & food service,Restaurants and mobile food service activities
lndi mirimo ya service,9602,Hairdressing & beauty,Hairdressing and other beauty treatment
Ubucuruzi bw'amandazi n'icyayi,5610,Restaurants & food service,Restaurants and mobile food service activities
gukata igitambaro akadoda,1410,Tailoring & clothing making,"Manufacture of wearing apparel, except fur apparel"
"acuruza imboga,inyanya n'intoryi",4711,"General shop, mainly food","Retail sale in non-specialized stores with food, beverages or tobacco predominating"
KUDANDAZA IMIPIRA/AMAKOTE Y'IMBEHO MU ISOKO,4782,Market stall: clothing,"Retail sale via stalls and markets of textiles, clothing and footwear"
cantine yicyayi namandazi gusa,5610,Restaurants & food service,Restaurants and mobile food service activities
Acuruza ubuconco Inyanya ubugali,4711,"General shop, mainly food","Retail sale in non-specialized stores with food, beverages or tobacco predominating"
ubucuruzi bwibiribwa dusanga muri boutique,4721,Specialised food shop,Retail sale of food in specialized stores
kudandaza urwagwa n'ubushera,5630,Bars & beverage serving,Beverage serving activities
gutunganya imisatsi (kwogosha),9602,Hairdressing & beauty,Hairdressing and other beauty treatment
UBUDADAZA BW'IMBOGA MU ISOKO,4781,Market stall: food & drinks,"Retail sale via stalls and markets of food, beverages and tobacco products"
umurimo akora acuruza imyenda yabagabo,4782,Market stall: clothing,"Retail sale via stalls and markets of textiles, clothing and footwear"
DEPOT PHARMACETIQUE(WHOLESALE PHARMACY,4772,Pharmacy & cosmetics shop,"Retail sale of pharmaceutical and medical goods, cosmetic and toilet articles in specialized stores"
"ubucuruzi bw' iniribwa, amavuta yo kwisiga, inkweto,",4719,"General shop, other goods",Other retail sale in non-specialized stores
KUGABURA UBUSHERA( IKINYOBWA KIDASEMBUYE GIKORWA MU MASAKA N' AMAZI),5630,Bars & beverage serving,Beverage serving activities
"kudandaza ibiribwa(cyane cyane umunyu,isukari,ibirayi)",4721,Specialised food shop,Retail sale of food in specialized stores
ub,5630,Bars & beverage serving,Beverage serving activities
ubucuruzi buciriritse budandaza inkweto zo kwambara,4782,Market stall: clothing,"Retail sale via stalls and markets of textiles, clothing and footwear"
ubucuruzi bw'ibiribwa bibisi bitandukanye ndetse n'ibikoresho by'isuku muri boutique,4721,Specialised food shop,Retail sale of food in specialized stores
KUDANDAZA HIGANJEMO IBIRIBWA MU IDUKA,4711,"General shop, mainly food","Retail sale in non-specialized stores with food, beverages or tobacco predominating"
umurimo wingenzi ikigo gikora depo iranguza ndetse bakanadandaza ibinyobwa bisembuye nibidasembuye.,5630,Bars & beverage serving,Beverage serving activities
ubucuruzi budandaza ibintu bitandukanye byiganjemo ibiribwa n'amakara,4711,"General shop, mainly food","Retail sale in non-specialized stores with food, beverages or tobacco predominating"
UBUCURUZI BUDANDAZA IMYAKA HIGANJEMO IMPUNGURE,4719,"General shop, other goods",Other retail sale in non-specialized stores
"ubucuruzi bwibiribwa, umuceri,kawunga,amavuta,isukari",4721,Specialised food shop,Retail sale of food in specialized stores
GUCURUZA INYANYA MWISOKO,4781,Market stall: food & drinks,"Retail sale via stalls and markets of food, beverages and tobacco products"
UBUCURUZI BW'UBUCONCO BUKORERWA KU MABARAZA,4799,Street & mobile vending,"Other retail sale not in stores, stalls or markets"
"TRAINING OFFERS(PROGRAMING LANGUAGE, WEB DESIGN, GRAPHIC DESIGN etc)",5630,Bars & beverage serving,Beverage serving activities
ubucuruzi bwakabare kurwagwa,5630,Bars & beverage serving,Beverage serving activities
ubucuruzi bwibyokurya byose,4711,"General shop, mainly food","Retail sale in non-specialized stores with food, beverages or tobacco predominating"
"Ubucuruzi bwibiryo bihiye ,amandazi ,icyayi",5610,Restaurants & food service,Restaurants and mobile food service activities
"Ubucuruzi bw'ubuconsho bwiganjemo ibiribwa(ifu y'ubugari,Akawunga..)",4711,"General shop, mainly food","Retail sale in non-specialized stores with food, beverages or tobacco predominating"
Kogosha abana n abakuru,9602,Hairdressing & beauty,Hairdressing and other beauty treatment
ubucuruzi buranguza imyenda y'abagabo,4711,"General shop, mainly food","Retail sale in non-specialized stores with food, beverages or tobacco predominating"
Ubucuruzi bwa butike( ibirayi),4721,Specialised food shop,Retail sale of food in specialized stores
GUHINDURA IMYUMBATIMO IFU (GUSHYA),1061,Grain milling,Manufacture of grain mill products
gucuruza akabali,5630,Bars & beverage serving,Beverage serving activities
ubucuruzi bw'amata n'icyayi budandaza bucururizwa  ahabugenewe,5610,Restaurants & food service,Restaurants and mobile food service activities
UBUCURUZI BWINYANYA,4781,Market stall: food & drinks,"Retail sale via stalls and markets of food, beverages and tobacco products"
ubucurizi budandaza ibyo kunwa,5630,Bars & beverage serving,Beverage serving activities
GUTEKERA ABANTU BATANDUKANYU,5610,Restaurants & food service,Restaurants and mobile food service activities
ubucuruzi budandaza bwiganjemo inzoga y'ibitoki,5630,Bars & beverage serving,Beverage serving activities
"ubutike yiganjemo umuceri umunyu isukari,...",4711,"General shop, mainly food","Retail sale in non-specialized stores with food, beverages or tobacco predominating"
Aracuruza  Boutique cyane cyane Umunyu nisabune,4711,"General shop, mainly food","Retail sale in non-specialized stores with food, beverages or tobacco predominating"
STAND IDANDAZA IMBOGA ZIGANJEMO AMASHU,4781,Market stall: food & drinks,"Retail sale via stalls and markets of food, beverages and tobacco products"
gucuruza ibyo kurya nibyo kunywa bikozwe mwifarini,4711,"General shop, mainly food","Retail sale in non-specialized stores with food, beverages or tobacco predominating"
ubucuruzi bwa Kawunga na Juis,4711,"General shop, mainly food","Retail sale in non-specialized stores with food, beverages or tobacco predominating"
UBUHINZI BW'IMBOGA AMASHU,0113,Growing vegetables & tubers,"Growing of vegetables and melons, roots and tubers"
STAND ICURUZA IBYIGANJEMO IBIRIBWA,4781,Market stall: food & drinks,"Retail sale via stalls and markets of food, beverages and tobacco products"
"restaurant higanjemo amandazi,icyayi",5610,Restaurants & food service,Restaurants and mobile food service activities
ubucuruzi bwibiribwa bibisi ni binyobwa  inzoga na jus  nikoresho byisuku,4721,Specialised food shop,Retail sale of food in specialized stores
imashine isyu ibinyampeke,1061,Grain milling,Manufacture of grain mill products
UBUDOZI BW'IMYAMBARO MISHYA,1410,Tailoring & clothing making,"Manufacture of wearing apparel, except fur apparel"
"ubucuruzi bw'indimu, amaronji",4781,Market stall: food & drinks,"Retail sale via stalls and markets of food, beverages and tobacco products"
Gusya Imyaka,1061,Grain milling,Manufacture of grain mill products
"ubucuruzi buranguza bw,ibitunguru",4781,Market stall: food & drinks,"Retail sale via stalls and markets of food, beverages and tobacco products"
UBUHINZI BWIBISHYI BO,0111,Growing cereals & legumes,"Growing of cereals (except rice), leguminous crops and oil seeds"
KWAHIRA UBWATSI BWO KUGURISHA,4773,Other specialised shop,Other retail sale of new goods in specialized stores
kudandaza ibitunguru mu nzu,4721,Specialised food shop,Retail sale of food in specialized stores
batanga service yo gusya ibintubbitandukanye,1061,Grain milling,Manufacture of grain mill products
kwigisha gukora inkweto,4771,Clothing & shoe shop,"Retail sale of clothing, footwear and leather articles in specialized stores"
ubucuruzi bwibinyobwa  bya bralirwa(retail),4630,Wholesale of food & drinks,"Wholesale of food, beverages and tobacco"
"ubucuruzi bwa MiN ALIMENTATION :  amandazi , icyayi, amata",5610,Restaurants & food service,Restaurants and mobile food service activities
Nugucuruza inzoga zamarikeri,5630,Bars & beverage serving,Beverage serving activities
"kugaburira abantu :icyayi, amata, amandazi",5610,Restaurants & food service,Restaurants and mobile food service activities
"Ubucuruzi bwa cantine (amata, juice, fanta, imigati)",5610,Restaurants & food service,Restaurants and mobile food service activities
Gusya amafu mu binyampeke,1061,Grain milling,Manufacture of grain mill products
gucuruza inzoga z' urwagwa mu kabari,5630,Bars & beverage serving,Beverage serving activities
ubucuruzi bwi bunyobwa ibishyimbo amasaka,4721,Specialised food shop,Retail sale of food in specialized stores
KUGURISHA IBYO KURYA NO KUNYWA,5610,Restaurants & food service,Restaurants and mobile food service activities
Kudandaza inkweto nimyenda,4782,Market stall: clothing,"Retail sale via stalls and markets of textiles, clothing and footwear"
ubucuruzi budandaza ibitunguru nibirungo mwisoko,4781,Market stall: food & drinks,"Retail sale via stalls and markets of food, beverages and tobacco products"
ubucuruzi bwi ibishyimbo,4630,Wholesale of food & drinks,"Wholesale of food, beverages and tobacco"
Adandaza ifu yubugari nibishyimbo,4721,Specialised food shop,Retail sale of food in specialized stores
"UBUCURUZI BUDANDAZA INZOGA ZIDASEMBUYE ZIGANJEMO UMUTOBE W,IBITOKI",5630,Bars & beverage serving,Beverage serving activities
umucuruzi w' imbuto,4781,Market stall: food & drinks,"Retail sale via stalls and markets of food, beverages and tobacco products"
Kudandaza ibintu bitandukanye higanjemo umunyu,4711,"General shop, mainly food","Retail sale in non-specialized stores with food, beverages or tobacco predominating"
Kudandaza imboga mu isoko,4781,Market stall: food & drinks,"Retail sale via stalls and markets of food, beverages and tobacco products"
"gucuruza ibiribwa(imiceri,ibishyimbo......)nibinyobwa harimo amajus amavutayo kwisiga",4721,Specialised food shop,Retail sale of food in specialized stores
UBUCURUZI BWA PRARMACY Y'IMITI YA MATUNGO,4772,Pharmacy & cosmetics shop,"Retail sale of pharmaceutical and medical goods, cosmetic and toilet articles in specialized stores"
"kuranguza amavuta yo kwisiga, umuceli,akawunga,umunyu, amavuta yo guteka, biscuit",4630,Wholesale of food & drinks,"Wholesale of food, beverages and tobacco"
Kogosha no gutunganya ibisatsi y' abantu bikorerwa ahahugenewe,9602,Hairdressing & beauty,Hairdressing and other beauty treatment
Gusya ibiribwa,1061,Grain milling,Manufacture of grain mill products
UBUCURUZI BWIBIRIBWA BUDANDAZA MWIDUKA,4711,"General shop, mainly food","Retail sale in non-specialized stores with food, beverages or tobacco predominating"
"Gucuruza icyayi,amandazi ni mbuto",5610,Restaurants & food service,Restaurants and mobile food service activities
Ubucuruzi budandaza bwiganjemo ibikoresho by'ubwubatsi,4752,Hardware & paint shop,"Retail sale of hardware, paints and glass in specialized stores"
Ubucuruzi budanza bwiganjemo Ibiribwa,4711,"General shop, mainly food","Retail sale in non-specialized stores with food, beverages or tobacco predominating"
ubucurunzi bw'imyenda n'inkweto bitandukanye,4771,Clothing & shoe shop,"Retail sale of clothing, footwear and leather articles in specialized stores"
bacuruza ibiribwa nibinyobwa bisembuye nibidasembuye,4711,"General shop, mainly food","Retail sale in non-specialized stores with food, beverages or tobacco predominating"
Gucuruza ibiribwa gusa,4711,"General shop, mainly food","Retail sale in non-specialized stores with food, beverages or tobacco predominating"
ubucuruzi budandaza ibiribwa bihiye,5610,Restaurants & food service,Restaurants and mobile food service activities
ubucuruzi buranguza imbuto mmu isoko,4781,Market stall: food & drinks,"Retail sale via stalls and markets of food, beverages and tobacco products"
kudandaza ibintu higanjemo ibiribwa,4711,"General shop, mainly food","Retail sale in non-specialized stores with food, beverages or tobacco predominating"
ubucuruzi budandaza ibintu bitandukanye byiganje ibiribwa,4771,Clothing & shoe shop,"Retail sale of clothing, footwear and leather articles in specialized stores"
Ubucurizi Budandaza bw' Imigati,4721,Specialised food shop,Retail sale of food in specialized stores
Ubucuruzi bw'Iganjemo inzoga,5630,Bars & beverage serving,Beverage serving activities
UBUCURUZI MURI BOUTQUE,4711,"General shop, mainly food","Retail sale in non-specialized stores with food, beverages or tobacco predominating"
GUCURUZA VOKA MWISOKO,4781,Market stall: food & drinks,"Retail sale via stalls and markets of food, beverages and tobacco products"
GUCURUZA IBIRIBWA KAWUNGA,4721,Specialised food shop,Retail sale of food in specialized stores
ubucuruzi bwa kenkayeri,4719,"General shop, other goods",Other retail sale in non-specialized stores
ubucuruzi bwimbuto bukorerwa mu isoko,4781,Market stall: food & drinks,"Retail sale via stalls and markets of food, beverages and tobacco products"
Ubucuruzi bw'ibufu,4721,Specialised food shop,Retail sale of food in specialized stores
"ubucuruzi bwiganjemo biswi,amasabune,ifu y'ubugari",4721,Specialised food shop,Retail sale of food in specialized stores
UBUREZI BWA PRIMAIRE,8510,Primary education,Pre-primary and primary education
"Bacuruza umuceri, kawunga,amata ,fanta, jus",4721,Specialised food shop,Retail sale of food in specialized stores
ubucuruzi bw'ibinyobwa inzoga zipfundikiye,5630,Bars & beverage serving,Beverage serving activities
Gutanga icyokunwa higanemo urwagwa,5630,Bars & beverage serving,Beverage serving activities
acuruza adandaza ibintu bitandukanye higanjemo imbuto,4771,Clothing & shoe shop,"Retail sale of clothing, footwear and leather articles in specialized stores"
UBUDANDAZI MURIBUTIKE,4711,"General shop, mainly food","Retail sale in non-specialized stores with food, beverages or tobacco predominating"
UBUDANDAZI BWINGANJEMO IBIRIBWA,4711,"General shop, mainly food","Retail sale in non-specialized stores with food, beverages or tobacco predominating"
ubucuruzi bwinzoga zengerwa mungo zinkorano ndetse nizipfundikiye,5630,Bars & beverage serving,Beverage serving activities
ubucuruzi bw'inzoga(imishari),5630,Bars & beverage serving,Beverage serving activities
UBUCURUZI BWINZOGA ZA BRARIRWA ZA PRIMUS,5630,Bars & beverage serving,Beverage serving activities
ubudandazi bwibintu bitandukanye higanjemo ibiribwa,4711,"General shop, mainly food","Retail sale in non-specialized stores with food, beverages or tobacco predominating"
ubudozi bwimyenda yigitsina gore,1410,Tailoring & clothing making,"Manufacture of wearing apparel, except fur apparel"
gu?uruza inyama,4721,Specialised food shop,Retail sale of food in specialized stores
Boutique icuruza higanjemo ibikoresho by'isuku,4773,Other specialised shop,Other retail sale of new goods in specialized stores
ubucuruzi bw' ibirirwa,4719,"General shop, other goods",Other retail sale in non-specialized stores
gucuruza ibiribwa n'ibinyobwa muri super market,4711,"General shop, mainly food","Retail sale in non-specialized stores with food, beverages or tobacco predominating"
kogosha umusatsi ahantu hemewe,9602,Hairdressing & beauty,Hairdressing and other beauty treatment
Gucuruza ibinyobwa bya Bralirwa,5630,Bars & beverage serving,Beverage serving activities
QUINCALLERIE,4752,Hardware & paint shop,"Retail sale of hardware, paints and glass in specialized stores"
ubucuruzi bw'ibinyobwa bidasembuye (umutobe w'ibitoki),5630,Bars & beverage serving,Beverage serving activities
UBUHINZI BW'IMBOGA N'IMIGANO,0113,Growing vegetables & tubers,"Growing of vegetables and melons, roots and tubers"
"ubudandazi bw'uruconco ,amavuta ,umunyu ,imboga",4773,Other specialised shop,Other retail sale of new goods in specialized stores
UBUCURUZI BWIBIRIBWA BWIGANJEMO UMUCERI ISUKARI UMUNYU,4721,Specialised food shop,Retail sale of food in specialized stores
ubucuruzi bw'akabare,5630,Bars & beverage serving,Beverage serving activities
"UBUCURUZI BW'AMASABUNE ,UMUNYU, IKIBIRITI, UMUCERI,AMAVUTA,",4721,Specialised food shop,Retail sale of food in specialized stores
BADADA IMYENDA Y'ABADAMU(AMARIBAYA),1410,Tailoring & clothing making,"Manufacture of wearing apparel, except fur apparel"
UBUZUNGUZAYI BW IMBUTO MU MUHANDA,4799,Street & mobile vending,"Other retail sale not in stores, stalls or markets"
acuruza umunyu amasabune nibindi,4781,Market stall: food & drinks,"Retail sale via stalls and markets of food, beverages and tobacco products"
ubucuruzi bw' ibirayi ibitoki n' isukari,4721,Specialised food shop,Retail sale of food in specialized stores
UBUCURUZI BW IMYENDA MU MADUKA,4782,Market stall: clothing,"Retail sale via stalls and markets of textiles, clothing and footwear"
Gucuruza amasakoshi,4782,Market stall: clothing,"Retail sale via stalls and markets of textiles, clothing and footwear"
adandaza ibintu higanjemo ibiribwa,4711,"General shop, mainly food","Retail sale in non-specialized stores with food, beverages or tobacco predominating"
canteen y' amata nicyayi,5610,Restaurants & food service,Restaurants and mobile food service activities
GUTUNGANYA INZARA N'IMISATSI,9602,Hairdressing & beauty,Hairdressing and other beauty treatment
umurimo wingenzi nukudandaza imbaho,4752,Hardware & paint shop,"Retail sale of hardware, paints and glass in specialized stores"
"ubucuruzi budandaza bw' ibiribwa nk' umuceri, ibishyimbo, ibirayi n' ibindi",4721,Specialised food shop,Retail sale of food in specialized stores
"UBUVUZI ,UBUCURUZI BW' IMITI Y'AMATUNGO",4772,Pharmacy & cosmetics shop,"Retail sale of pharmaceutical and medical goods, cosmetic and toilet articles in specialized stores"
Ubucuruzi badandaza ibicuruzwa bitandukanye,4719,"General shop, other goods",Other retail sale in non-specialized stores
Icyuma gisya ibikomoka kubuhinzi,1061,Grain milling,Manufacture of grain mill products
UBUCURUZI BUDANDAZA HIGANJEMO IBIRIBWA NK'IFU Z'IBINYAMPEKE,4711,"General shop, mainly food","Retail sale in non-specialized stores with food, beverages or tobacco predominating"
Ubucuruzi bw'ibiribwa n'ibikoresho byo murugo,4721,Specialised food shop,Retail sale of food in specialized stores
kuranguza ibiribwa,4781,Market stall: food & drinks,"Retail sale via stalls and markets of food, beverages and tobacco products"
Ubucuruzi butandukanye imigati na biswi,4773,Other specialised shop,Other retail sale of new goods in specialized stores
GUCURUZA AMATA N'AMANDIZI N'ICYAYI,5610,Restaurants & food service,Restaurants and mobile food service activities
"BOUTIQUE IDANDAZA HIGANJEMO IBIRIBWA:UBUNYOBWA,INDAGARA,N'IMBOGA",4752,Hardware & paint shop,"Retail sale of hardware, paints and glass in specialized stores"
kudandaza urwagwa,5630,Bars & beverage serving,Beverage serving activities
"service zamacumbi,icyokezo,inzoga zirimo alcohol na Fanta",5630,Bars & beverage serving,Beverage serving activities
ubucuruzi budandaza ibiribwa  higanjemo ubugari,4721,Specialised food shop,Retail sale of food in specialized stores
b?utique icuruza ibiribwa hamwe nibinyobwa kuri detaya,4711,"General shop, mainly food","Retail sale in non-specialized stores with food, beverages or tobacco predominating"
"kugurisha ibyiganjemo ibiribwa(ibirayi,ibitunguru,amavuta,umunyu)",4721,Specialised food shop,Retail sale of food in specialized stores
gucuruza ibintu byinshi bitandukanye higanjemo ibikoresho byisuku,4711,"General shop, mainly food","Retail sale in non-specialized stores with food, beverages or tobacco predominating"
GUTUNGANYA AMAFU ATANDUKANYE,1061,Grain milling,Manufacture of grain mill products
UBUDOZI BW'IMYENDA (MANUFACTURING),1410,Tailoring & clothing making,"Manufacture of wearing apparel, except fur apparel"
Gutsa amasaka,1061,Grain milling,Manufacture of grain mill products
Kudandaza ibintu bitandukanye muri boutique higanjemo amandazi,5610,Restaurants & food service,Restaurants and mobile food service activities
Ubucuruzi budandaza ibintu bitandikanye bwiganjemo imyenda,4771,Clothing & shoe shop,"Retail sale of clothing, footwear and leather articles in specialized stores"
UB7CURUZI BUDANDAZAZA BWINGANJEMO AMABISIUT,4711,"General shop, mainly food","Retail sale in non-specialized stores with food, beverages or tobacco predominating"
UBUCURUZI BUDANDAZA BW' INKWETO,4782,Market stall: clothing,"Retail sale via stalls and markets of textiles, clothing and footwear"
UBIUHINZI BW'IBISHYIMBO,0111,Growing cereals & legumes,"Growing of cereals (except rice), leguminous crops and oil seeds"
UBUHINZI BWIBIJUMBA NIMYUMBATI,0113,Growing vegetables & tubers,"Growing of vegetables and melons, roots and tubers"
UBUCURUZI BW'IBITUNGURU,4781,Market stall: food & drinks,"Retail sale via stalls and markets of food, beverages and tobacco products"
gucuruza imiti y'amatungo,4772,Pharmacy & cosmetics shop,"Retail sale of pharmaceutical and medical goods, cosmetic and toilet articles in specialized stores"
ubucuruzi bwibinyobwa higanjemo urwagwa,5630,Bars & beverage serving,Beverage serving activities
kwakira abagenzi mubijyanye nimirire,5610,Restaurants & food service,Restaurants and mobile food service activities
"Ubucuruzi bw'ibiribwa,ibikoresho byo murugo  eg:amavuta yo kwisiga",4719,"General shop, other goods",Other retail sale in non-specialized stores
Ubucuruzi budandaza ibintu bitandukanye higanjemo umunyu,4711,"General shop, mainly food","Retail sale in non-specialized stores with food, beverages or tobacco predominating"
"bakora imisatsi ya badamu kudefiriza gusokoza,bakanogosha abagabo",9602,Hairdressing & beauty,Hairdressing and other beauty treatment
UBUHINZIBWOROZIBWOGUTUNGURUGO,9810,Household own-use production,Undifferentiated goods-producing activities of private households for own use
"Ubucuruzi bwiganjemo umuceri,ibishyimbo, juice,amavuta...",4711,"General shop, mainly food","Retail sale in non-specialized stores with food, beverages or tobacco predominating"
"ubucuruzi budandaza.amandazi,n'icyayi",5610,Restaurants & food service,Restaurants and mobile food service activities
ubucuruzi bwubucokori,4719,"General shop, other goods",Other retail sale in non-specialized stores
UBUCURUZI BW'IMITI,4772,Pharmacy & cosmetics shop,"Retail sale of pharmaceutical and medical goods, cosmetic and toilet articles in specialized stores"
kudandaza- imineke,4781,Market stall: food & drinks,"Retail sale via stalls and markets of food, beverages and tobacco products"
UBUCURUZI BW AVOKA MWISOKO,4781,Market stall: food & drinks,"Retail sale via stalls and markets of food, beverages and tobacco products"
"kufandaza ibaribwa n,ibikoresho",4719,"General shop, other goods",Other retail sale in non-specialized stores
ubucuruzi budandaza higanjemo inkweto,4782,Market stall: clothing,"Retail sale via stalls and markets of textiles, clothing and footwear"
Akabari cyikigage,5630,Bars & beverage serving,Beverage serving activities
KOGOSHA ABANTU UMUSATSI,9602,Hairdressing & beauty,Hairdressing and other beauty treatment
UBUCURUZI BW'UBUCONSHO BURIMO IBIRIBWA BITANDUKANYE,4711,"General shop, mainly food","Retail sale in non-specialized stores with food, beverages or tobacco predominating"
bucuruzi bidandaza ibirayi,4711,"General shop, mainly food","Retail sale in non-specialized stores with food, beverages or tobacco predominating"
kudandaza ubuconsho bwiganjemo ibyokunywa,4711,"General shop, mainly food","Retail sale in non-specialized stores with food, beverages or tobacco predominating"
"gucuruza inzoga zipfundikiye na fanta,icyocyezo,..",5630,Bars & beverage serving,Beverage serving activities
kudoda imyenda kuri machine,1410,Tailoring & clothing making,"Manufacture of wearing apparel, except fur apparel"
SALOON DE COIFURE,9602,Hairdressing & beauty,Hairdressing and other beauty treatment
UBUHINZI BE'IBIJUMBA NIBISHYIMBO,0113,Growing vegetables & tubers,"Growing of vegetables and melons, roots and tubers"
ubudandazi bwiribibwa,4721,Specialised food shop,Retail sale of food in specialized stores
"Kogosha imisansi y' abagore,abagabo n' abana",9602,Hairdressing & beauty,Hairdressing and other beauty treatment
"Boutique yiganjemo ibyo kurya bidatetse (Ibirayi ,Ifu yubugali,ibishyimbo)nibyo kunywa bisembuye n'ibidasembuye",4711,"General shop, mainly food","Retail sale in non-specialized stores with food, beverages or tobacco predominating"
ubucuruzi budandaza imyenda yabamama,4782,Market stall: clothing,"Retail sale via stalls and markets of textiles, clothing and footwear"
SALOON YOGOSHA ABAGABO NA BAGORE,9602,Hairdressing & beauty,Hairdressing and other beauty treatment
gucuruza ibiribwa bihiye(restora),5610,Restaurants & food service,Restaurants and mobile food service activities
Gukorera abantu isuku ku mutwe (kogosha),9602,Hairdressing & beauty,Hairdressing and other beauty treatment
Ubudozi bw'inkweto busanzwe,1410,Tailoring & clothing making,"Manufacture of wearing apparel, except fur apparel"
"kugura imyaka itandukanye ibishyimbo,ibigori,soya nibindi akangera akabigurisha",4630,Wholesale of food & drinks,"Wholesale of food, beverages and tobacco"
Kugosha abantu bose nokubakarabya mumutwe,9602,Hairdressing & beauty,Hairdressing and other beauty treatment
UBUDANDAZI BW'IBIRAYI N'INTORYI KI MUHANDA,4799,Street & mobile vending,"Other retail sale not in stores, stalls or markets"
Ubucuruzi budandaza ibiribwa ahantu habugenewe hoganjemo isukari,4721,Specialised food shop,Retail sale of food in specialized stores
"ubucuruzi bwurwagwa , skol, bralirwa",5630,Bars & beverage serving,Beverage serving activities
"badandaza ibishyimbo, karoti n' ibirayi",4711,"General shop, mainly food","Retail sale in non-specialized stores with food, beverages or tobacco predominating"
UBUDANDAZI  BWIMYENDA MU IDUKA,4771,Clothing & shoe shop,"Retail sale of clothing, footwear and leather articles in specialized stores"
boutique icuruza ibikoresho byinganjemo amasabune idandaza,4773,Other specialised shop,Other retail sale of new goods in specialized stores
UBUHINZI BWONGUTUNGA URUGO,9810,Household own-use production,Undifferentiated goods-producing activities of private households for own use
Ubucuruzi bwibiribwa nibinyobwa bidasembuye,5610,Restaurants & food service,Restaurants and mobile food service activities
"Ubucuruzi,budandaza,ibiribwa,imbuto n imboga",4711,"General shop, mainly food","Retail sale in non-specialized stores with food, beverages or tobacco predominating"
Ubucuruzi bwibiribwa ni binyobwa,4773,Other specialised shop,Other retail sale of new goods in specialized stores
UBUDANDAZI BWIBINYOBWA MURI BAR,5630,Bars & beverage serving,Beverage serving activities
kudandaza ibyo kunkwa no kurya(cantine),5610,Restaurants & food service,Restaurants and mobile food service activities
Guranga Ibyo kunywa,5630,Bars & beverage serving,Beverage serving activities
ubucuruzi bw ibikoresho by murugo ibisorori mwiduka,4773,Other specialised shop,Other retail sale of new goods in specialized stores
"UMURIMO W,UMWUGA WO KOGOSHA IMISATSI",9602,Hairdressing & beauty,Hairdressing and other beauty treatment
ubucuruzi bw'ibiribwa n'ubucosho,4719,"General shop, other goods",Other retail sale in non-specialized stores
EDUCATION SECONDAIRE ET PRIMAIRE,8510,Primary education,Pre-primary and primary education
"ubudandazi(ibitibwa,umuceri,isukari,ibikoresho byishuli,amavuta ,ubunyobwa)",4719,"General shop, other goods",Other retail sale in non-specialized stores
Kudandaza ikigage n'ubushera,5630,Bars & beverage serving,Beverage serving activities
UBUCURUZI BUDANDAZA HIGANJEMO IBIRIBWA HARIMO AKAWUNGA UBUGALI,4781,Market stall: food & drinks,"Retail sale via stalls and markets of food, beverages and tobacco products"
kuranguza no kudandaza ibirayi,4721,Specialised food shop,Retail sale of food in specialized stores
Ubucuruzi bwinzoga ziganjemo iza Blarirwa,5630,Bars & beverage serving,Beverage serving activities
nubudandazi bwiganjemo ibiribwa,4711,"General shop, mainly food","Retail sale in non-specialized stores with food, beverages or tobacco predominating"
gucuruza ifu y'ibigoli,4721,Specialised food shop,Retail sale of food in specialized stores
kudandaza imyenda y'abagabo   mwisoko,4782,Market stall: clothing,"Retail sale via stalls and markets of textiles, clothing and footwear"
ubucuruzi bwibiribwa muli butike,4721,Specialised food shop,Retail sale of food in specialized stores
UBUCURUZI BUDANDAZA BWOGANJEMO IBIRIBWA N'IBINYOBWA BIDASEMBUYE,5610,Restaurants & food service,Restaurants and mobile food service activities
GUSANA IMYENDA YAKOZE,1410,Tailoring & clothing making,"Manufacture of wearing apparel, except fur apparel"
UBUCURUZI BUDANDAZA BWIGANJEMO 'AMAVOKA MURI MINI ALIMENTATION,4721,Specialised food shop,Retail sale of food in specialized stores
gutanga ibyokunwa bisembuye,5630,Bars & beverage serving,Beverage serving activities
Kugabura ibinyobwa bisembuye,5630,Bars & beverage serving,Beverage serving activities
ubudandazi bwibikoresho byubwubatsi,4752,Hardware & paint shop,"Retail sale of hardware, paints and glass in specialized stores"
UBUCURUZI BWIBITOKI,4781,Market stall: food & drinks,"Retail sale via stalls and markets of food, beverages and tobacco products"
ubudandaza bwimbuto bwiganjemo imyembe namatunda,4781,Market stall: food & drinks,"Retail sale via stalls and markets of food, beverages and tobacco products"
ubcuruzi budandaza imbuto,4781,Market stall: food & drinks,"Retail sale via stalls and markets of food, beverages and tobacco products"
"Butike idanda ibikoresho bya kinyarwanda byiganjemo ibiseke, ingoma, inkangara",4799,Street & mobile vending,"Other retail sale not in stores, stalls or markets"
UBUCURUZI BUDANDAZA INZOGA,5630,Bars & beverage serving,Beverage serving activities
umurimo nubucuruzi bwimyenda yabagabo,4782,Market stall: clothing,"Retail sale via stalls and markets of textiles, clothing and footwear"
"Ubucuruzi bwiganje mo imiheha, ampoules, biscuits, amandazi, amavuta yo kurya no kwisiga, papiers hygyenique, amakaramu, prudence, ibirungo byo kurya, umunyu, ifu z'igikoma n'ubugari, amakaye, jus, yawurute,  ibiziriko, amakaramu, ibibiriti, im",4719,"General shop, other goods",Other retail sale in non-specialized stores
KUDANDAZA HIGANJEMO IBYOKURYA,4711,"General shop, mainly food","Retail sale in non-specialized stores with food, beverages or tobacco predominating"
UBUCURUZI budandaza rwiganjemo isukari,4711,"General shop, mainly food","Retail sale in non-specialized stores with food, beverages or tobacco predominating"
uwo gucuruza inyanya intoryi karotte  imiteja,4711,"General shop, mainly food","Retail sale in non-specialized stores with food, beverages or tobacco predominating"
ubudandandaza bwibiribwa,4721,Specialised food shop,Retail sale of food in specialized stores
ubucuruzi budandaza buvanze bwiganjemo amacu,4711,"General shop, mainly food","Retail sale in non-specialized stores with food, beverages or tobacco predominating"
umurimo wokudoda imyenda,1410,Tailoring & clothing making,"Manufacture of wearing apparel, except fur apparel"
"UBUDANDAZA BWIGANJEMO URWAGWA, PRIMUS NA SKOL",5630,Bars & beverage serving,Beverage serving activities
URUTSO,1061,Grain milling,Manufacture of grain mill products
"Ibirayi,amavuta yokurya,umuceri,amavuta yokwisiga",4711,"General shop, mainly food","Retail sale in non-specialized stores with food, beverages or tobacco predominating"
KURANGUZA INZOGA ZIPFUNDIKE ZIKOZE MU UMUTOBE W'IBITOKI,4630,Wholesale of food & drinks,"Wholesale of food, beverages and tobacco"
BADANDAZA IBYIGANJEMO IBIRIBWA MU IDUKA,4781,Market stall: food & drinks,"Retail sale via stalls and markets of food, beverages and tobacco products"
ubucuruzi bw'ibiribwa bihiye,5610,Restaurants & food service,Restaurants and mobile food service activities
UBUDANDAZI BW'IBIGORI MURI BOUTIQUE,4752,Hardware & paint shop,"Retail sale of hardware, paints and glass in specialized stores"
Acuruza higanje ubuconjo,4719,"General shop, other goods",Other retail sale in non-specialized stores
gucuruza inyama zinka,4721,Specialised food shop,Retail sale of food in specialized stores
Ubudandazi bw'ibintu bitandukanye bukorerwa mu iduka,4719,"General shop, other goods",Other retail sale in non-specialized stores
ubucuruzi bw imbuto,4721,Specialised food shop,Retail sale of food in specialized stores
UBUHINZI BWOROZI BUGAMIJE ISOKO,4630,Wholesale of food & drinks,"Wholesale of food, beverages and tobacco"
ubucuruzi bw' urwagwa buciririrse,5630,Bars & beverage serving,Beverage serving activities
"ubucuruzi bwiganjemo ibyo kurya nibindi amasabune,amavuta yokwisiga,ibitenge,inkweto zokogeramo",4711,"General shop, mainly food","Retail sale in non-specialized stores with food, beverages or tobacco predominating"
Akabari kadandaza ibinyobwa,5610,Restaurants & food service,Restaurants and mobile food service activities
"ubudandazi bw'amakara, n'ibitoki",4781,Market stall: food & drinks,"Retail sale via stalls and markets of food, beverages and tobacco products"
UBUDANDAZI BW'IMYENDA Y'ABANA BUKORERWA MU ISOKO,4782,Market stall: clothing,"Retail sale via stalls and markets of textiles, clothing and footwear"
"Ubucuruzi budandaza    ibiribwa   ahantu ahabugenewe  Higanjemo Ibishyimbo  ,ibirayi",4721,Specialised food shop,Retail sale of food in specialized stores
"Umucuruzi udandaza ibiribwa, Tungurusumu, indagara, umuceri",4781,Market stall: food & drinks,"Retail sale via stalls and markets of food, beverages and tobacco products"
ubudandazi bwiganjemo ibiribwa bukorerwa mu iduka,4711,"General shop, mainly food","Retail sale in non-specialized stores with food, beverages or tobacco predominating"
ubucuruzi budandaza umunyu n'isabune,4773,Other specialised shop,Other retail sale of new goods in specialized stores
KURANGUZA INZOGA(URWAGWA),4630,Wholesale of food & drinks,"Wholesale of food, beverages and tobacco"
uruganda rubeta amafu atandukanye,1061,Grain milling,Manufacture of grain mill products
UBUHINZI BW IBITUNGURU,0113,Growing vegetables & tubers,"Growing of vegetables and melons, roots and tubers"
"Gusya imyumbati yumye, amasaka n'ibigori.",1061,Grain milling,Manufacture of grain mill products
"kudandaza ibyo kurya higanjemo ibiraui, umuceri, ubunyobwa n'ibindi byunganirana",4721,Specialised food shop,Retail sale of food in specialized stores
boutigue UWIMBABAZI eliminne bacuruza uducokori higanjemo ibiribwa : Ibirayi;umuceri;ibitoki;nibindi,4711,"General shop, mainly food","Retail sale in non-specialized stores with food, beverages or tobacco predominating"
kudandaza icyayi nimigati nacapati,5610,Restaurants & food service,Restaurants and mobile food service activities
UBUDANDA BW'IBIRIBWA,4781,Market stall: food & drinks,"Retail sale via stalls and markets of food, beverages and tobacco products"
Kudandaza ibintu bitandukanye mu iduka byiganjemo ibiribwa nk'amavuta yo guteka,4711,"General shop, mainly food","Retail sale in non-specialized stores with food, beverages or tobacco predominating"
Kudandaza imigati n'inyama,4721,Specialised food shop,Retail sale of food in specialized stores
"UBUCURUZI BUDANDAZA  IKIGANGE, PRIMUS",5630,Bars & beverage serving,Beverage serving activities
UBUCURUZI BUDANDAZA UBUCONCO BWIGANJEMO AMAVUTA YO GUTEKA,4711,"General shop, mainly food","Retail sale in non-specialized stores with food, beverages or tobacco predominating"
"BACURUZA BANDANDAZA FANTA,JUS, HIGANJEMO ,UBUKI BWA KINYARWANDA",4711,"General shop, mainly food","Retail sale in non-specialized stores with food, beverages or tobacco predominating"
Gucuruza ibintu bitandukanye byiganjemo ibiribwa,4711,"General shop, mainly food","Retail sale in non-specialized stores with food, beverages or tobacco predominating"
Serivice zo gusera abantu ibinyampeke bitandukanye cyane cyane amamera,5630,Bars & beverage serving,Beverage serving activities
ubucuruzi budandaza bwi imyenda ya abana,4771,Clothing & shoe shop,"Retail sale of clothing, footwear and leather articles in specialized stores"
ubucuruzi budandaza bwiganjemo imbuto n'imboga,4711,"General shop, mainly food","Retail sale in non-specialized stores with food, beverages or tobacco predominating"
kabari yinzoga,5630,Bars & beverage serving,Beverage serving activities
Gucuruza adandaza imboga zo kurya higanjemo isombe,1061,Grain milling,Manufacture of grain mill products
akabari kubucuruzi bw'inzonga rwa bitoki,5630,Bars & beverage serving,Beverage serving activities
kubeta amasaka ingano ibigore soja,1061,Grain milling,Manufacture of grain mill products
"ubucuruzi bw'ibiribwa, biscuit,amandazi,indagara,amavuta yo kurya",4721,Specialised food shop,Retail sale of food in specialized stores
UBUHINZI BWIBIJUMBA NIBISHYIMBO,0111,Growing cereals & legumes,"Growing of cereals (except rice), leguminous crops and oil seeds"
"Ubucuruzi Budandaza bwiganjemo ibiribwa: ibirayi, Umuceri n'Umunyu",4711,"General shop, mainly food","Retail sale in non-specialized stores with food, beverages or tobacco predominating"
ubucuruzi budandaza imyenda mu isoko,4782,Market stall: clothing,"Retail sale via stalls and markets of textiles, clothing and footwear"
ubucuruzi buganjemo imbuto,4781,Market stall: food & drinks,"Retail sale via stalls and markets of food, beverages and tobacco products"
"acuruza ubuconco(ibishimbo,umuceri n'amavuta,...)",4719,"General shop, other goods",Other retail sale in non-specialized stores
KUDANDAZA IMBUTO KU MIHANDA,4799,Street & mobile vending,"Other retail sale not in stores, stalls or markets"
"ubucuruzi bw,inkweto nibitenge (bodaboda)",4782,Market stall: clothing,"Retail sale via stalls and markets of textiles, clothing and footwear"
UBUDANDAZI BWIBIRIBWA HIGANJEMO UBUGARI,4721,Specialised food shop,Retail sale of food in specialized stores
UBUCURUZI BUDANZA IBISHEKE KU MUHANDA,4799,Street & mobile vending,"Other retail sale not in stores, stalls or markets"
Gucuruzanurwagwa n' umusururu,5630,Bars & beverage serving,Beverage serving activities
"UBURUZI BWUMUCERI, UMUNYU, KAWUNGA,NI BIKORESHO BY'ISUKU",4721,Specialised food shop,Retail sale of food in specialized stores
ANGLICAN DIOCESE KIGALI,4773,Other specialised shop,Other retail sale of new goods in specialized stores
"Ubucuruzi bw'ibiribwa byiganjemo amafu , amavuta, n'ubunyobwa",4781,Market stall: food & drinks,"Retail sale via stalls and markets of food, beverages and tobacco products"
kudandaza ibijyanye n'ibiribwa,4721,Specialised food shop,Retail sale of food in specialized stores
UBUCURUZI BUDANDAZA MURI RUSANGE,4719,"General shop, other goods",Other retail sale in non-specialized stores
UBUHINZI BWIMBOGA INTORYI NA DODO,0113,Growing vegetables & tubers,"Growing of vegetables and melons, roots and tubers"
"butike idandaza yiganjemo ibiribwa; akawunga,umuceri,ubuto,ibirungo,amandazi,umunyu,nibindi,....",4711,"General shop, mainly food","Retail sale in non-specialized stores with food, beverages or tobacco predominating"
Kugabura ibinyobwa bidasembuye (umusururu),5630,Bars & beverage serving,Beverage serving activities
ubucuruzu bwiganjemo ibibwa,4721,Specialised food shop,Retail sale of food in specialized stores
gucuruza akabari nibiryabarezi higanjemo ibinyobwa bisembuye nibidasembuye brarirwa na skol,5630,Bars & beverage serving,Beverage serving activities
KURANGUZA INZOGA ZIKOZE MU BITOKI,4630,Wholesale of food & drinks,"Wholesale of food, beverages and tobacco"
Ubucuruzi budandaza bwiganjemo ibinyamisogwe ni imboga Nyarwatsi,4711,"General shop, mainly food","Retail sale in non-specialized stores with food, beverages or tobacco predominating"
UBUHINZI BWIBIHIN GWA BITANDUKANYE,0111,Growing cereals & legumes,"Growing of cereals (except rice), leguminous crops and oil seeds"
Gupima umutobe,5630,Bars & beverage serving,Beverage serving activities
"ubucuruzi bwi mitobe , amata, amazi daranguza",5630,Bars & beverage serving,Beverage serving activities
"Ubucuruzi bw'imyumbati, ibijumba n'amateke",4711,"General shop, mainly food","Retail sale in non-specialized stores with food, beverages or tobacco predominating"
Nugucuruza imasabune  nubuhunga  namazi yinyange nibindi bivangavanze,4711,"General shop, mainly food","Retail sale in non-specialized stores with food, beverages or tobacco predominating"
ubucuruzi budandaza bupima ugwagwa,5630,Bars & beverage serving,Beverage serving activities
"Ubucuruzi byiganjemo amakayi amakaramu,isabune,ifu",4719,"General shop, other goods",Other retail sale in non-specialized stores
"kugaburira abantu : icyayi, imigati n'amandazi, amata",5610,Restaurants & food service,Restaurants and mobile food service activities
Ubucuruzi byubwubatsi,4752,Hardware & paint shop,"Retail sale of hardware, paints and glass in specialized stores"
UBUCURUZI BUDANDAZA INYAMA Z'AMATUNGO MAGUFI MUCYOKEZO,5610,Restaurants & food service,Restaurants and mobile food service activities
"gucuruza umunyu, indagaram amavuta",4781,Market stall: food & drinks,"Retail sale via stalls and markets of food, beverages and tobacco products"
UBUCURUZI BW IBIRIBWA MURI BUTIKE,4711,"General shop, mainly food","Retail sale in non-specialized stores with food, beverages or tobacco predominating"
"ubucuruzi bw,ikigage",5630,Bars & beverage serving,Beverage serving activities
ubucuruzi bwibiribwa bibisi,4721,Specialised food shop,Retail sale of food in specialized stores
"ubucuruzi bw'ibiribwa ( ibirayi, ibitoki, isukari, umuceri....)",4721,Specialised food shop,Retail sale of food in specialized stores
"UBUCURUZI BUDANDAZA BWIGANJEMO IBIRIBWA (KAWUNGA UMUCERI,IBISHYIMBO,)AMABASE BICURURIZWA MURI BOUTIQUE",4721,Specialised food shop,Retail sale of food in specialized stores
"UBUCURUZI BWIMITI Y,AMATUNGO",4772,Pharmacy & cosmetics shop,"Retail sale of pharmaceutical and medical goods, cosmetic and toilet articles in specialized stores"
ubudandazi bwa sima,4752,Hardware & paint shop,"Retail sale of hardware, paints and glass in specialized stores"
"ubucuruzi budandaza ibijyanye ni bikoresho byo mu rugo isabune, umunyu, isukari , inkweto za bodaboda, amavuta yo kwisiga.",4711,"General shop, mainly food","Retail sale in non-specialized stores with food, beverages or tobacco predominating"
"Ubucuruzi budandaza ibyiganjemo, saucetomate,ubuto, isukari,umunyu,amajyane, amazi amavuta yo kwisiga",4711,"General shop, mainly food","Retail sale in non-specialized stores with food, beverages or tobacco predominating"
kudanda ibicumba nibitoki,4781,Market stall: food & drinks,"Retail sale via stalls and markets of food, beverages and tobacco products"
"Kudandaza higanjemo ibiribwa (umuceri,kawunga,umunyu,isukari)",4711,"General shop, mainly food","Retail sale in non-specialized stores with food, beverages or tobacco predominating"
KUZUNGUZA AMASOGI MURI GARE,4799,Street & mobile vending,"Other retail sale not in stores, stalls or markets"
Guruza amabombo na ma kaye  ikaramu nibindi,4721,Specialised food shop,Retail sale of food in specialized stores
UBIHINZI BW'IBIGORI,0111,Growing cereals & legumes,"Growing of cereals (except rice), leguminous crops and oil seeds"
salon yo gosha abagabo nabagore,9602,Hairdressing & beauty,Hairdressing and other beauty treatment
Ubucuruzi buranguza ibintu bitandukanye mwiduka,4719,"General shop, other goods",Other retail sale in non-specialized stores
guha abantu ibyokunwa,5630,Bars & beverage serving,Beverage serving activities
ubucuruzi budandaza ibiribwa gusa higanjemo imboga karoti inyanya ni ibirayi,4711,"General shop, mainly food","Retail sale in non-specialized stores with food, beverages or tobacco predominating"
UBUDANDAZI BWIGANJEMO IBIRIBWA MURI BUTIKI,4711,"General shop, mainly food","Retail sale in non-specialized stores with food, beverages or tobacco predominating"
GUSUKA IMISATSI,9602,Hairdressing & beauty,Hairdressing and other beauty treatment
gucuruza ubuconsho bwiganjemo amakara numunyu,4711,"General shop, mainly food","Retail sale in non-specialized stores with food, beverages or tobacco predominating"
kudandaza ibiribwa n'ibinyobwa muri cantine,5610,Restaurants & food service,Restaurants and mobile food service activities
gucuruza urwagwa n'umusururu,5630,Bars & beverage serving,Beverage serving activities
Ubudandazi bwimyenda muri shop,4771,Clothing & shoe shop,"Retail sale of clothing, footwear and leather articles in specialized stores"
UBUHINZIBWOROZI BWOGUTUNGURUGO,9810,Household own-use production,Undifferentiated goods-producing activities of private households for own use
"ubucuruzi budandaza amavuta,ubunyobwa,inyanya ,intoryi",4721,Specialised food shop,Retail sale of food in specialized stores
"Ubucuruzi bw'igikoma, icyayi, ibirayi byo keje mu mavuta",5610,Restaurants & food service,Restaurants and mobile food service activities
"Gutsya(imyumbati,amasaka,ibigori)",1061,Grain milling,Manufacture of grain mill products
ubudandaza buvangavanze,4719,"General shop, other goods",Other retail sale in non-specialized stores
ubucuruzi bw'ibiribwa n'ibinyobwa muri boutique,4711,"General shop, mainly food","Retail sale in non-specialized stores with food, beverages or tobacco predominating"
ubucuruzi bwimbuto ni binyobwa,4721,Specialised food shop,Retail sale of food in specialized stores
Ubucuruzi bwibinyobwa nibyokurya,5610,Restaurants & food service,Restaurants and mobile food service activities
"ubucuruzi bwa boutique bwibintu bitandukanye (umuceli, isukari, kaunga......)",4711,"General shop, mainly food","Retail sale in non-specialized stores with food, beverages or tobacco predominating"
Gutunga inzara no gucuruza ibijyanye n'ubwiza,9602,Hairdressing & beauty,Hairdressing and other beauty treatment
Kudandaza ubuconco,4719,"General shop, other goods",Other retail sale in non-specialized stores
UBWOROZI BWA MATUNGO Y'URUGO,9810,Household own-use production,Undifferentiated goods-producing activities of private households for own use
kugaburira abantu canteen,5610,Restaurants & food service,Restaurants and mobile food service activities
KUDANDAZA IMBOGA MUMUHANDA,4781,Market stall: food & drinks,"Retail sale via stalls and markets of food, beverages and tobacco products"
ubucuruzi bwimyenda yiganjemo iyabagore ndetse nikweto zabagore zubwoko butandukanye,4771,Clothing & shoe shop,"Retail sale of clothing, footwear and leather articles in specialized stores"
boutique idandaza ibiribwa (igitoki nibirayi),4711,"General shop, mainly food","Retail sale in non-specialized stores with food, beverages or tobacco predominating"
Ubucuruzi bwiganjemo imyenda muri boutique,4773,Other specialised shop,Other retail sale of new goods in specialized stores
"ubucuruzi bw'imboga,ibitoki, nibijumba",4721,Specialised food shop,Retail sale of food in specialized stores
Igitara cyiganjeho imboga z'amashu,4781,Market stall: food & drinks,"Retail sale via stalls and markets of food, beverages and tobacco products"
"Gucuruza inzoga za rufuro, likeri, fanta, jus, ...",5630,Bars & beverage serving,Beverage serving activities
Ubucuruzi bw ubuconsho  (ibiribwa nibyo ducuruza cyane),4711,"General shop, mainly food","Retail sale in non-specialized stores with food, beverages or tobacco predominating"
UBUCURUZI BW'IBIRIBWA N'IBINYOBWA BARYA AKO KANYA,5610,Restaurants & food service,Restaurants and mobile food service activities
UBUHINZI GUTUNGA URUGO RWE,9810,Household own-use production,Undifferentiated goods-producing activities of private households for own use
"Ubucuruzi budandaza bw,iganjemo ibiribwa",4711,"General shop, mainly food","Retail sale in non-specialized stores with food, beverages or tobacco predominating"
"ubucuruzi bwa amakariso,isengeri,amasutiya",4782,Market stall: clothing,"Retail sale via stalls and markets of textiles, clothing and footwear"
UBUZUNNGUZAYI BW'IMBOGA,4799,Street & mobile vending,"Other retail sale not in stores, stalls or markets"
Kudandaza nokuranguza ibiribwa nibyokunkwa namavuta yokwisiga,4711,"General shop, mainly food","Retail sale in non-specialized stores with food, beverages or tobacco predominating"
UBUDANDAZI BWIGANJEMO IMYENDA,4771,Clothing & shoe shop,"Retail sale of clothing, footwear and leather articles in specialized stores"
IBUCURUZI BUDANDAZA HIGANJEMO IBIRIBWA,4711,"General shop, mainly food","Retail sale in non-specialized stores with food, beverages or tobacco predominating"
UBUFASHA MUBUCURUZI BWIBINU BITANDUKANYE,4711,"General shop, mainly food","Retail sale in non-specialized stores with food, beverages or tobacco predominating"
"UBUCURUZI BW,AKABARI",5630,Bars & beverage serving,Beverage serving activities
"umurimo wingenzi nukugaburira abantu ibyokurya byiganjemo umuceri,ibirayi,ibishimbo na fanta",5630,Bars & beverage serving,Beverage serving activities
UBUHINXI BW'IBIRAYI,0113,Growing vegetables & tubers,"Growing of vegetables and melons, roots and tubers"
"Ubucuruzi budandaza ibiribwa higanjemo imboga ,amakara,ibitoki",4711,"General shop, mainly food","Retail sale in non-specialized stores with food, beverages or tobacco predominating"
BADANDAZA  BWA CANTINE BWIGANJEMO AMANDAZI N'ICYAYI,5630,Bars & beverage serving,Beverage serving activities
KOTSA INYAMA NO GUCURUZA INYAMA ZOCYEJE,5610,Restaurants & food service,Restaurants and mobile food service activities
kudandaza umunyu amasabune ifu,4719,"General shop, other goods",Other retail sale in non-specialized stores
ubucuruzi bwuduconsho,4719,"General shop, other goods",Other retail sale in non-specialized stores
ubucuruzi bwubunshonsho higanjemo amatara,4752,Hardware & paint shop,"Retail sale of hardware, paints and glass in specialized stores"
KUDANDAZA IMYUMBATI MU ISOKO,4781,Market stall: food & drinks,"Retail sale via stalls and markets of food, beverages and tobacco products"
"Ubucuruzi bw,ucogocogo imboga zo kurya",4711,"General shop, mainly food","Retail sale in non-specialized stores with food, beverages or tobacco predominating"
Ubucuruzi budandaza bucuruza ikigage,5630,Bars & beverage serving,Beverage serving activities
"BOUTIQUE IDANDAZA HIGANJEMO IBIRIBWA (UMUCERI, ISUKARI)",4711,"General shop, mainly food","Retail sale in non-specialized stores with food, beverages or tobacco predominating"
"ubucuruzi bundandaza imyenda(amakanzu,amakote)",4771,Clothing & shoe shop,"Retail sale of clothing, footwear and leather articles in specialized stores"
restaurant icuruza amafunguro,5610,Restaurants & food service,Restaurants and mobile food service activities
Kudandaza ibintu bitandukanye higanjemo icyayi,4711,"General shop, mainly food","Retail sale in non-specialized stores with food, beverages or tobacco predominating"
UBUHINZI BWA KAROTE,0113,Growing vegetables & tubers,"Growing of vegetables and melons, roots and tubers"
ubucuruzi bwa amabati sima,4752,Hardware & paint shop,"Retail sale of hardware, paints and glass in specialized stores"
"SERVICE YO KUGABURIRA ABANTU IBIRIBWA N,IBINYOBWA",5610,Restaurants & food service,Restaurants and mobile food service activities
Ubucuruzi bw'imbuto kugisima muri cyiri market,4711,"General shop, mainly food","Retail sale in non-specialized stores with food, beverages or tobacco predominating"
Ubucuruzi bw'Iduka,4711,"General shop, mainly food","Retail sale in non-specialized stores with food, beverages or tobacco predominating"
Ubucuruzi budandaza ubuconsho,4773,Other specialised shop,Other retail sale of new goods in specialized stores
Ubucuruzi bw'inzoga za bralirwa n'icyocyezo,4630,Wholesale of food & drinks,"Wholesale of food, beverages and tobacco"
Boutique yiganjemo ibirayi n'amakara,4711,"General shop, mainly food","Retail sale in non-specialized stores with food, beverages or tobacco predominating"
GUTEKA NO KUGABURIRA ABANTU IBIRYO N' IBYAYI.,5610,Restaurants & food service,Restaurants and mobile food service activities
Ubucuruzi budandaza ibintu bya boutique,4711,"General shop, mainly food","Retail sale in non-specialized stores with food, beverages or tobacco predominating"
GUCURUZA IBIRIBWA BYIGANJEMO UMUCERI NA KAHUNGA,4721,Specialised food shop,Retail sale of food in specialized stores
"Butike idandaza higanjemo (umucri,kawunga, inyanya)",4721,Specialised food shop,Retail sale of food in specialized stores
"gusya ibigori,imyumbati",1061,Grain milling,Manufacture of grain mill products
ubucuruzi bwoganjemo icyayi n'amata,5610,Restaurants & food service,Restaurants and mobile food service activities
"kudandaza inkweto(abana,abagore,abagabo)",4771,Clothing & shoe shop,"Retail sale of clothing, footwear and leather articles in specialized stores"
"Ubudandazi butandukanye mu iduka: Akawunga, umuceri, isukari, ubuto, amavuta yo kwisiga",4711,"General shop, mainly food","Retail sale in non-specialized stores with food, beverages or tobacco predominating"
Ubucuruzi bw'akabari gacuruza inzoga zibitoki,5630,Bars & beverage serving,Beverage serving activities
ubucuruzi bwinzoga budandaza,5630,Bars & beverage serving,Beverage serving activities
"gucuruza amata,icyayi.....",5610,Restaurants & food service,Restaurants and mobile food service activities
kudoda imyenda mishya ndetse niyacitse,1410,Tailoring & clothing making,"Manufacture of wearing apparel, except fur apparel"
alimantation itanga ibiribwa n'ibinyobwa,4711,"General shop, mainly food","Retail sale in non-specialized stores with food, beverages or tobacco predominating"
Ubucuruzi budandaza bwibanda ku muceri,4711,"General shop, mainly food","Retail sale in non-specialized stores with food, beverages or tobacco predominating"
GUCURUZA IDUKA,4711,"General shop, mainly food","Retail sale in non-specialized stores with food, beverages or tobacco predominating"
GUCURUZA INYAMA MBIZI Z'INKA,4721,Specialised food shop,Retail sale of food in specialized stores
"ubucuruzi bwa butike (jus,amasabune,fantaa)",4773,Other specialised shop,Other retail sale of new goods in specialized stores
"ubucuruzi budandaza bwibiribwa higanjemo umuceri umunyu ,ibirayi",4721,Specialised food shop,Retail sale of food in specialized stores
Ubucurizi budandaza ibintu bitandukanye higanjemo ibyo kunywa bidasembuye,5610,Restaurants & food service,Restaurants and mobile food service activities
ubucuruzi bwa countine beiganjemo icyayi nindazi,5610,Restaurants & food service,Restaurants and mobile food service activities
Ubudandazi bukodesha imyenda y' abangeni,4782,Market stall: clothing,"Retail sale via stalls and markets of textiles, clothing and footwear"
Ubucuruzi bw'inzoga zipfundikiye mukabari ka Ndikumana Pascal,5630,Bars & beverage serving,Beverage serving activities
kudandaza ibikoresho byubwubatsi muri Quencailleri  amatiyo,4711,"General shop, mainly food","Retail sale in non-specialized stores with food, beverages or tobacco predominating"
Kudandaza ibijumba,4781,Market stall: food & drinks,"Retail sale via stalls and markets of food, beverages and tobacco products"
UBUHINZI BW'WIBISHIMBO,0111,Growing cereals & legumes,"Growing of cereals (except rice), leguminous crops and oil seeds"
Ubucuruzi budandaza icyayi n'amandazi,4711,"General shop, mainly food","Retail sale in non-specialized stores with food, beverages or tobacco predominating"
ubucuruzi budandaza muri botike,4719,"General shop, other goods",Other retail sale in non-specialized stores
"UBUCURUZI BUDANDAZA HIGANJEMO IBIRIBWA ARIBYO IBIRAYI,UBUGARI,UMUCERI",4711,"General shop, mainly food","Retail sale in non-specialized stores with food, beverages or tobacco predominating"
UBUCURUZI BWA RESITORA,5610,Restaurants & food service,Restaurants and mobile food service activities
ubucuruzi budandaza bw' ibyokurya namasabune,4711,"General shop, mainly food","Retail sale in non-specialized stores with food, beverages or tobacco predominating"
"gunsya amafu atandukanye ifu yubugari, ifu amasaka,",1061,Grain milling,Manufacture of grain mill products
UBUCURUZI BW'ALIMENTATION,4721,Specialised food shop,Retail sale of food in specialized stores
ubucuruzi bugabura ibinyobwa bisembuye,5630,Bars & beverage serving,Beverage serving activities
ubudandazi bw'imbuto ni mboga,4781,Market stall: food & drinks,"Retail sale via stalls and markets of food, beverages and tobacco products"
BADANDAZA IMBOGA MU ISOKO,4781,Market stall: food & drinks,"Retail sale via stalls and markets of food, beverages and tobacco products"
"GUCURUZA IBIRIBWA ,IBIRIYA ,NIBISHYIMBO",4721,Specialised food shop,Retail sale of food in specialized stores
Akabari gaciriritse gacuruza ibinyobwa bisembuye nibidasembuye higanjemo ibya bralirwa,5630,Bars & beverage serving,Beverage serving activities
"ubucuruzi bw imboga inyanya,caroti,.. n inkweto za bodaboda",4719,"General shop, other goods",Other retail sale in non-specialized stores
UBUCURUZI BURANGUZA IBIRIBWA MURI BOUT IQUE,4721,Specialised food shop,Retail sale of food in specialized stores
ubucuruzi bwa mandazi ni cyayi na mata,5610,Restaurants & food service,Restaurants and mobile food service activities
ubucuruzi bw'amafu mu isoko,4781,Market stall: food & drinks,"Retail sale via stalls and markets of food, beverages and tobacco products"
ubudandaza bw 'ibiribwa,4721,Specialised food shop,Retail sale of food in specialized stores
Saloon yogosha Abagabo nabana,9602,Hairdressing & beauty,Hairdressing and other beauty treatment
kwigisha abana kugirango bajijuke,8510,Primary education,Pre-primary and primary education
ubucuruzi bwokudandaza ibiribwa,4721,Specialised food shop,Retail sale of food in specialized stores
GCURTUZA BOUTIQUE YIGANJEMO IBIRIBWA,4711,"General shop, mainly food","Retail sale in non-specialized stores with food, beverages or tobacco predominating"
Boutique icuruza ibyokurya idandaza,4721,Specialised food shop,Retail sale of food in specialized stores
"KUDANDAZA IBIDURUZWA BIVANZE BYO MURI CANTEEN BYIGANJEMO AMATA IBYAYI, N' IBIKOZE MU IFARINI",5610,Restaurants & food service,Restaurants and mobile food service activities
Service y'ubwogoshi bw'imisatsi,9602,Hairdressing & beauty,Hairdressing and other beauty treatment
gucuruza ibiribwa bidatetse muri boutique,4721,Specialised food shop,Retail sale of food in specialized stores
kogosha no gusuka abantu muri saloon da coifure,9602,Hairdressing & beauty,Hairdressing and other beauty treatment
GUKORA IBIBENYA MUMYUMBATI,5610,Restaurants & food service,Restaurants and mobile food service activities
"Ubucuruzi budandaza ibiribwa by'iganjemo Ibirayi, akawunga, umuceri,n'ibindi",4721,Specialised food shop,Retail sale of food in specialized stores
Bacuruza ibiribwa byo kurya no kunywa (Cantine),5610,Restaurants & food service,Restaurants and mobile food service activities
ubudandazi bwiganjemo ibikoresho byisuku,4773,Other specialised shop,Other retail sale of new goods in specialized stores
ACURUZAMO IBYAYI NUTUNDI TUNTU IKINJIZA NICYAYI,5610,Restaurants & food service,Restaurants and mobile food service activities
ubucuruzibwinzoga primus skol agaciro nizindi zitandukanye,5630,Bars & beverage serving,Beverage serving activities
UBUHINZI GUTUNGA URUGO,9810,Household own-use production,Undifferentiated goods-producing activities of private households for own use
gusya igikoma,1061,Grain milling,Manufacture of grain mill products
UBUHINZI BW'IBIHINGWA BIVANGAVANZE,0111,Growing cereals & legumes,"Growing of cereals (except rice), leguminous crops and oil seeds"
"Bogosha imisatsi yabagabo,abana,nabakobwa",9602,Hairdressing & beauty,Hairdressing and other beauty treatment
"ubucuruzi budandaza bwiganjemo imyenda: abana,abagabo,abagore( amapataro,amakanzu,amashati,amajipo)",4771,Clothing & shoe shop,"Retail sale of clothing, footwear and leather articles in specialized stores"
"UBUCURUZI BW'ICYAYI, IGIKOMA ,AMATA, N'IMIGATI N'UBUNDI BUCURUZI BWUBUCOSHO",5610,Restaurants & food service,Restaurants and mobile food service activities
KUZUNGUZA IMBOGA MUMUHANDA,4799,Street & mobile vending,"Other retail sale not in stores, stalls or markets"
kwakira abantu nokubaha ibyo kunywa,5630,Bars & beverage serving,Beverage serving activities
Yogosha abantu batandukanye,9602,Hairdressing & beauty,Hairdressing and other beauty treatment
kudandaza no kuranguza inkweza bodaboda,4771,Clothing & shoe shop,"Retail sale of clothing, footwear and leather articles in specialized stores"
ubucuruzi budandaza ibiribwa higanjemo imboga,4721,Specialised food shop,Retail sale of food in specialized stores
b?utique icuruza ibijyanye nibyubwubatsi,4752,Hardware & paint shop,"Retail sale of hardware, paints and glass in specialized stores"
KUGABURA IBIRIBWA HIGANJEMO AMANDAZI,5610,Restaurants & food service,Restaurants and mobile food service activities
Kudandaza ibintu nitandukanye higanjemo amandazi,4711,"General shop, mainly food","Retail sale in non-specialized stores with food, beverages or tobacco predominating"
akabari kadandaza ibinyobwa higanjemo (ikigage),5630,Bars & beverage serving,Beverage serving activities
Boutique yibyokurya,4721,Specialised food shop,Retail sale of food in specialized stores
"KUDANDAZA,IBIRIBWA(KAWUNGA,UMUCELI,IBIRAYI,CYANE CYANE IBISHYIMBO)",4721,Specialised food shop,Retail sale of food in specialized stores
"Gucuruza amata,icyayi,n ibinyobwa bisembuye n ibidasembuye",5610,Restaurants & food service,Restaurants and mobile food service activities
UBUCURUZI BUDANDAZA BW'IBIRIBWA,4721,Specialised food shop,Retail sale of food in specialized stores
"ubucuruzi bw""amata ,amandazi,imineke nibindi",5610,Restaurants & food service,Restaurants and mobile food service activities
gudandaza inzoga,5630,Bars & beverage serving,Beverage serving activities
Kudandaza ibiribwa bihiye byiganjemo Amandazi n'icyayi,5630,Bars & beverage serving,Beverage serving activities
UBUHINZI BWINIGORI,0111,Growing cereals & legumes,"Growing of cereals (except rice), leguminous crops and oil seeds"
"KUGABURA(INDAZI,ICYAYI,AMATA,NI MINEKE",5610,Restaurants & food service,Restaurants and mobile food service activities
GURUZA AMACUPA ARIMO UBUSA,4773,Other specialised shop,Other retail sale of new goods in specialized stores
ubucuruzi budandaza bwiganjemo imboga epinari,4781,Market stall: food & drinks,"Retail sale via stalls and markets of food, beverages and tobacco products"
UBUCURUZI BUDANDAZA INZOGA AHANTU HABUGENEWE,5630,Bars & beverage serving,Beverage serving activities
kwakira abantu kubaha ibyo kunywa,5630,Bars & beverage serving,Beverage serving activities
"ubucuruzi bwibiribwa ,ibikoresho bya banyeshuri nibyisuku",4719,"General shop, other goods",Other retail sale in non-specialized stores
kudandaza ubuconsho bwiganjemo ibyoguteka,4711,"General shop, mainly food","Retail sale in non-specialized stores with food, beverages or tobacco predominating"
ubucurizi bwo kudadaza ibiribwa ni binyobwa (cateen),5610,Restaurants & food service,Restaurants and mobile food service activities
UBUCURUZI BWIMYUMBATI,4721,Specialised food shop,Retail sale of food in specialized stores
ubucuruzi budandaza muri boutique higanjemo biribwa,4711,"General shop, mainly food","Retail sale in non-specialized stores with food, beverages or tobacco predominating"
acuruza ibinyobwa byiganjemo ibisindisha,5630,Bars & beverage serving,Beverage serving activities
"Kwakira abantu babaha amandazi, icyayi ni gikoma",5610,Restaurants & food service,Restaurants and mobile food service activities
Iseta icuruza imyenda yabagabo kudandaza magasin,4782,Market stall: clothing,"Retail sale via stalls and markets of textiles, clothing and footwear"
"UBUCURUZI BUDANDAZA IKIGAGE,  PRIMUS",5630,Bars & beverage serving,Beverage serving activities
gusya amasaka imyumba ibigori,1061,Grain milling,Manufacture of grain mill products
"ubucuruzi buciriritse harimo ibirayi,umuceri,amakara",4773,Other specialised shop,Other retail sale of new goods in specialized stores
ibicuruzu byibwubatsi higanjemo amarange,4752,Hardware & paint shop,"Retail sale of hardware, paints and glass in specialized stores"
ubucuruzi bwiganjemo kudandaza ibiribwa,4711,"General shop, mainly food","Retail sale in non-specialized stores with food, beverages or tobacco predominating"
ugupima ubushera,5630,Bars & beverage serving,Beverage serving activities
"umurimo wingenzi nukudandaza ibyokurya byiganjemo kawunga,amata  nuuceri",4721,Specialised food shop,Retail sale of food in specialized stores
KUDANZAZA IBINTU BITANDUKANYE HIGANJEMO IBIRIBWA,4711,"General shop, mainly food","Retail sale in non-specialized stores with food, beverages or tobacco predominating"
GUTUNGANYA IMISATSI NA MAKE UP,9602,Hairdressing & beauty,Hairdressing and other beauty treatment
ibikoresho byamazi,4752,Hardware & paint shop,"Retail sale of hardware, paints and glass in specialized stores"
kudandaza ibitunguru,4781,Market stall: food & drinks,"Retail sale via stalls and markets of food, beverages and tobacco products"
Ubucuruzi Bw'kabare,5630,Bars & beverage serving,Beverage serving activities
ubudandazi bwibiribwa byiganjemo ibijumba umuceli nimboga,4711,"General shop, mainly food","Retail sale in non-specialized stores with food, beverages or tobacco predominating"
ubudandazi bwa mavuta juice,4719,"General shop, other goods",Other retail sale in non-specialized stores
"Nugutsa amasaka,imyumbati hamwe nibigori uwingenzi ni ugukobora ibigori",1061,Grain milling,Manufacture of grain mill products
kudandaza ibyo kurya higanjemo umuceri,4721,Specialised food shop,Retail sale of food in specialized stores
ubucuruzi budandaza imifuka na enveloppe zo gupfunyikamo,4781,Market stall: food & drinks,"Retail sale via stalls and markets of food, beverages and tobacco products"
barigisha cyane cyane Amashuri abanza,8510,Primary education,Pre-primary and primary education
KUDANDAZA BOUTIQUE YIGANJEMO IBIRIBWA NIBINYOBWA,4711,"General shop, mainly food","Retail sale in non-specialized stores with food, beverages or tobacco predominating"
UBUDANDAZI BW'IBITOKI,4781,Market stall: food & drinks,"Retail sale via stalls and markets of food, beverages and tobacco products"
ubucuruzi bw'ibyo kurya bitandukanye,4721,Specialised food shop,Retail sale of food in specialized stores
ubucuruzi budandaza higanjemo imyenda yabana na amavuta,4771,Clothing & shoe shop,"Retail sale of clothing, footwear and leather articles in specialized stores"
bacuruza ibijumba,4781,Market stall: food & drinks,"Retail sale via stalls and markets of food, beverages and tobacco products"
Inkweto za magazin zidandaza,4782,Market stall: clothing,"Retail sale via stalls and markets of textiles, clothing and footwear"
Gucuruza amaziyinyange imiceri,4711,"General shop, mainly food","Retail sale in non-specialized stores with food, beverages or tobacco predominating"
UBU URUZI BUDANDAZA BWIGANJEMO IBIRIBWA,4711,"General shop, mainly food","Retail sale in non-specialized stores with food, beverages or tobacco predominating"
ubucuruzi budandaza ibikorehoby'ubwubatsi(ibikoresho by'ibinyabiziga),4721,Specialised food shop,Retail sale of food in specialized stores
Gucuruza Akabari kurwagwa,5630,Bars & beverage serving,Beverage serving activities
akabari gacur?za umusururu,5630,Bars & beverage serving,Beverage serving activities
UBUCURUZI BWINZOGA ZIBIYOKI(URWAGWA) URUPFUNDIKIYE NURUDAPFUNDIKIYE,5630,Bars & beverage serving,Beverage serving activities
Gucuruza inkweto zabana ziganjyemo( inkweto zabodaboda),4782,Market stall: clothing,"Retail sale via stalls and markets of textiles, clothing and footwear"
UBUCURUZI BWIBYO KURYA N'IBYO KUNYWA(ALIMANTATION),4711,"General shop, mainly food","Retail sale in non-specialized stores with food, beverages or tobacco predominating"
Ubucuruzi budandaza ibirayi gusa,4711,"General shop, mainly food","Retail sale in non-specialized stores with food, beverages or tobacco predominating"
acuruza intoryi na pavro,4781,Market stall: food & drinks,"Retail sale via stalls and markets of food, beverages and tobacco products"
kugaburira abaje bamugana,5610,Restaurants & food service,Restaurants and mobile food service activities
"UBUCURUZI BW'IBIRIBWA BWIGANJEMO UMUCERI, IBISHYIMBO, KAWUNGA, ISUKARI",4721,Specialised food shop,Retail sale of food in specialized stores
Ubucuruzi bw'ibyokurya bidahiye,4721,Specialised food shop,Retail sale of food in specialized stores
"acuruza,umuceri,amavuta,amafu,...",4711,"General shop, mainly food","Retail sale in non-specialized stores with food, beverages or tobacco predominating"
Gusya imyaka higanjemwo Amasaka ni bigori,1061,Grain milling,Manufacture of grain mill products
kudandaza ibintu bitanduoanye  mu iduka higanjemo ibiribwa,4719,"General shop, other goods",Other retail sale in non-specialized stores
"Gucuruza ibikoresho byubwubatsi birimo,amabati,amarange,ciment",4752,Hardware & paint shop,"Retail sale of hardware, paints and glass in specialized stores"
UBUHINZI N'UBWOROZBUGAMIJE GUTUNGA URUGO,9810,Household own-use production,Undifferentiated goods-producing activities of private households for own use
AKABARI KIKIGAGE,5630,Bars & beverage serving,Beverage serving activities
kudodo imyenda,1410,Tailoring & clothing making,"Manufacture of wearing apparel, except fur apparel"
ibyokunywa no kurya,5610,Restaurants & food service,Restaurants and mobile food service activities
"ubucuruzi bwinyanya, amakara  etc",4711,"General shop, mainly food","Retail sale in non-specialized stores with food, beverages or tobacco predominating"
ubucuruzi bwa kabari kubushera,5630,Bars & beverage serving,Beverage serving activities
ubucuruzi ubuconco bwiganjemo ibyo kwiyorosa,4773,Other specialised shop,Other retail sale of new goods in specialized stores
Gucuruza inzoga zitandukanye,5630,Bars & beverage serving,Beverage serving activities
UBUHINZI BW'INYANYA AHINGIRA AMASOKO,0113,Growing vegetables & tubers,"Growing of vegetables and melons, roots and tubers"
kugura no kugurisha ibyuma bishaje,4773,Other specialised shop,Other retail sale of new goods in specialized stores
gucuruza ubuconco biswi,4711,"General shop, mainly food","Retail sale in non-specialized stores with food, beverages or tobacco predominating"
Kudandaza ibiribwa n'ibinyobwa,4711,"General shop, mainly food","Retail sale in non-specialized stores with food, beverages or tobacco predominating"
numurimo wo kudoda imyenda mishya mubitenge ndetse no gusana iyangiritse,1410,Tailoring & clothing making,"Manufacture of wearing apparel, except fur apparel"
UBUDANDAZI BWI INZOGA,5630,Bars & beverage serving,Beverage serving activities
Ubudandazi bw'imboga higanjemo inyanya,4781,Market stall: food & drinks,"Retail sale via stalls and markets of food, beverages and tobacco products"
ubudanzazi bw'ibiribwa muri butike,4721,Specialised food shop,Retail sale of food in specialized stores
ubudandazi bwibiribwa bitandukanye higanjemo umuceri na kawunga,4721,Specialised food shop,Retail sale of food in specialized stores
Ubucuruzi bw' inyobwa bisembuye nibidasembuye hamwe nibiribwa,4711,"General shop, mainly food","Retail sale in non-specialized stores with food, beverages or tobacco predominating"
"ubudandazi bwiganjemo umunyu,isukari,isabune,umuceri , juice, biscuits, omo nibindi bijyanye na boutique",4719,"General shop, other goods",Other retail sale in non-specialized stores
BACURUZA INZO ZIPFUNDIKIYE N'IZIDAPFUNDIKIYE,5630,Bars & beverage serving,Beverage serving activities
UNUHINZI BUGAMIJENGUTUNGA URU,9810,Household own-use production,Undifferentiated goods-producing activities of private households for own use
UBUHINZI BWIBISHYIMBO KURIMA,0111,Growing cereals & legumes,"Growing of cereals (except rice), leguminous crops and oil seeds"
GUCURUZA IBINTU BITANDUKANYE (UBUCONSHO),4719,"General shop, other goods",Other retail sale in non-specialized stores
BACURUZA IBIRIBWA MUMUHANDA,4799,Street & mobile vending,"Other retail sale not in stores, stalls or markets"
"ubucuruzi budandaza service zitandukanye (irembo, gufotora impapuro,...) muri boutique",4773,Other specialised shop,Other retail sale of new goods in specialized stores
"ubucuruzi budandaza bwiganjemo ibiribwa,imineke,indagara,inyanya,dodo,umunyu,nibindi ..",4721,Specialised food shop,Retail sale of food in specialized stores
Kudandaza ibiribwa higanjemo imboga,4721,Specialised food shop,Retail sale of food in specialized stores
KURANGUZA IBINYOBWA BISEMBUYE,4630,Wholesale of food & drinks,"Wholesale of food, beverages and tobacco"
ubucuruzi bwamashaza mabisi,4781,Market stall: food & drinks,"Retail sale via stalls and markets of food, beverages and tobacco products"
ubucuruzi budandanza bwiganjemo ibiribwa,4711,"General shop, mainly food","Retail sale in non-specialized stores with food, beverages or tobacco predominating"
ubucuruzi budandaza inyanya n'ubunyobwa,4721,Specialised food shop,Retail sale of food in specialized stores
"ubucuruzi bwibintu bitandukanye nkibyo kurya bateka harimo umuceri,inyanya",4773,Other specialised shop,Other retail sale of new goods in specialized stores
"Ubucuruzi budandaza bw' ibiribwa nk' ibirayi, umuceri n'ibindi",4721,Specialised food shop,Retail sale of food in specialized stores
UBWOGOSHI NO GUTUNGANYA IMISATSI,9602,Hairdressing & beauty,Hairdressing and other beauty treatment
gutanga serivise yimyama zokeje,5610,Restaurants & food service,Restaurants and mobile food service activities
Guha abantu ibyo kunywa gusa,5630,Bars & beverage serving,Beverage serving activities
ubucuruzi budaneza ibintu bitandukanye mu iduka,4719,"General shop, other goods",Other retail sale in non-specialized stores
ubucuruzi bwimiti yabantu,4772,Pharmacy & cosmetics shop,"Retail sale of pharmaceutical and medical goods, cosmetic and toilet articles in specialized stores"
ubucuruzi bwimineke voka ibitoke..(ubucogocogo),4773,Other specialised shop,Other retail sale of new goods in specialized stores
ubucuruzi bw'ubuconsho higanjemo umunyu n'amasabune,4711,"General shop, mainly food","Retail sale in non-specialized stores with food, beverages or tobacco predominating"
UBUDANDAZI WIMBUTO MU ISOKO,4781,Market stall: food & drinks,"Retail sale via stalls and markets of food, beverages and tobacco products"
ubucutuzi bw'ibyo kurya,4781,Market stall: food & drinks,"Retail sale via stalls and markets of food, beverages and tobacco products"
kiosque idandaza ibiribwa,4721,Specialised food shop,Retail sale of food in specialized stores
"ubucuruzi bw'ibinyobwa bisembuye,Ikigage",5630,Bars & beverage serving,Beverage serving activities
ubucuruzi budanza bw'inzagwa,5630,Bars & beverage serving,Beverage serving activities
NYAKABYIZI MU KUBAGARA IBITUNGURU,0113,Growing vegetables & tubers,"Growing of vegetables and melons, roots and tubers"
UBUHINZI BWUBWATSI,0113,Growing vegetables & tubers,"Growing of vegetables and melons, roots and tubers"
"ubwogoshi bw' Ingeri zitandukanye( abagabo,abagore,abana n' urubyiruko)",9602,Hairdressing & beauty,Hairdressing and other beauty treatment
"ubucuruzi bwibiribwa ( ibirayi,ibitoki,amakara,...)",4711,"General shop, mainly food","Retail sale in non-specialized stores with food, beverages or tobacco predominating"
UBUCURUZI BUDANDAZA IMINEKE MW'ISOKO,4781,Market stall: food & drinks,"Retail sale via stalls and markets of food, beverages and tobacco products"
bacuruza ibyo kunywa,4711,"General shop, mainly food","Retail sale in non-specialized stores with food, beverages or tobacco predominating"
Ubucuruzi bwibintu bitandukanye higanjemo inkweto budandaza,4771,Clothing & shoe shop,"Retail sale of clothing, footwear and leather articles in specialized stores"
Kudoda imyenda higanjemo iyabakobwa,1410,Tailoring & clothing making,"Manufacture of wearing apparel, except fur apparel"
"UBUDANDAZI BWIBYO KURYA ;UMUCERI ,IBIRAYI, INTORYI IGITOKI",4721,Specialised food shop,Retail sale of food in specialized stores
UBUHI BWIBIGORI,0111,Growing cereals & legumes,"Growing of cereals (except rice), leguminous crops and oil seeds"
UBUCURUZI BWA SERVICE ZITANGWA NA KANTINE,5610,Restaurants & food service,Restaurants and mobile food service activities
"Kundadaza amakara munzu y,ubucuruzi",4773,Other specialised shop,Other retail sale of new goods in specialized stores
ubucuruzi bwubuconco(kudandaza ibiribwa),4721,Specialised food shop,Retail sale of food in specialized stores
badandaza ibisheke n'itomati,4721,Specialised food shop,Retail sale of food in specialized stores
Guserva Inzoga Higanjemo iza bralirwa ndetse na Boutique,4711,"General shop, mainly food","Retail sale in non-specialized stores with food, beverages or tobacco predominating"
UBUHINZI BWIGANJEMO IBISHYIMBO,0111,Growing cereals & legumes,"Growing of cereals (except rice), leguminous crops and oil seeds"
Ubucuruzi bw'inzoga mukabari,5630,Bars & beverage serving,Beverage serving activities
UBUDANDAZI BW'IMBOGA ZIGANJEMO IBITUNGURU MU ISOKO,4781,Market stall: food & drinks,"Retail sale via stalls and markets of food, beverages and tobacco products"
Acuruza ibyo kurya bitandukanye muri boutiqwe,4773,Other specialised shop,Other retail sale of new goods in specialized stores
UBUCURUZI BUDANDAZA IBIRAYI MU MASOKO,4781,Market stall: food & drinks,"Retail sale via stalls and markets of food, beverages and tobacco products"
GUTUNGANYA IBITAMBARO BIKAVAMO IMYENDA YUZUYE,1410,Tailoring & clothing making,"Manufacture of wearing apparel, except fur apparel"
"Kuranguza inzoga zipfundikirwa( byeri na mitsing,)",4630,Wholesale of food & drinks,"Wholesale of food, beverages and tobacco"
"ubucuruzi bwurwagwa , ikigage, ubusheri",5630,Bars & beverage serving,Beverage serving activities
UBUCURUZI BWIGANJEKO AMATA,5610,Restaurants & food service,Restaurants and mobile food service activities
UBUHINZI BW'AMASHU,0113,Growing vegetables & tubers,"Growing of vegetables and melons, roots and tubers"
ubucuruzi bw'icyayi na chapati,5610,Restaurants & food service,Restaurants and mobile food service activities
UBUCURUZI BEIGANJEMO IMINEKE NIMBADA,4711,"General shop, mainly food","Retail sale in non-specialized stores with food, beverages or tobacco predominating"
"Kogosha abana ,abagabo ,abagore",9602,Hairdressing & beauty,Hairdressing and other beauty treatment
kwakira abagenzi no kubagaburira,5610,Restaurants & food service,Restaurants and mobile food service activities
NI UKOTSA INYAMA BOURCHETTE,5610,Restaurants & food service,Restaurants and mobile food service activities
"ubucuruzi budandaza  ibintu bitandukanye higanjemo ibitari ibirinbwa(amakaye, amakaramu, amavuta yo kwisiga ....)",4719,"General shop, other goods",Other retail sale in non-specialized stores
boutique icuruza amandazi,4711,"General shop, mainly food","Retail sale in non-specialized stores with food, beverages or tobacco predominating"
Kudandaza muri boutique higanjemo amafu n'amavuta yo kurya,4711,"General shop, mainly food","Retail sale in non-specialized stores with food, beverages or tobacco predominating"
Kudandaza ibintu bitandukanye mu iduka.,4719,"General shop, other goods",Other retail sale in non-specialized stores
uburezi bwamashuri yincuke nabanza,8510,Primary education,Pre-primary and primary education
kudoda imyenda mubinge,1410,Tailoring & clothing making,"Manufacture of wearing apparel, except fur apparel"
"uburezi bw,ibanze imyaka itandatu",8510,Primary education,Pre-primary and primary education
biutic idandaza kd ikaranguza inyongera musaruro(ifumbire mva ruganda),4773,Other specialised shop,Other retail sale of new goods in specialized stores
ubucuruzi budandaza bushingiye kubiribwa,4721,Specialised food shop,Retail sale of food in specialized stores
UBUHINZI BWOROZI BUTUNGA URUGO,9810,Household own-use production,Undifferentiated goods-producing activities of private households for own use
"UBUCURUZI BW'ISABUNE,UMUNYU,UMUCELI,AMAVUTA YO KURYA,AMAVUTA YO KWISIGA,BOMBO",4721,Specialised food shop,Retail sale of food in specialized stores
ubucuruzi bwibyumabyubwubatsi,4752,Hardware & paint shop,"Retail sale of hardware, paints and glass in specialized stores"
"kugurisha( amafata,amazi,omo,salsa,Jus)",4711,"General shop, mainly food","Retail sale in non-specialized stores with food, beverages or tobacco predominating"
UBUHINZI BW IBISHYIMBO N IBIGORI,0111,Growing cereals & legumes,"Growing of cereals (except rice), leguminous crops and oil seeds"
"ubucuruzi bw'imyaka umuceri, ibirayi",4721,Specialised food shop,Retail sale of food in specialized stores
SERVICES ZA SALON DE COIFFURE,9602,Hairdressing & beauty,Hairdressing and other beauty treatment
"ubuconco ubucuruzi buciriritse harimo nki inyanya,intoryi,imboga",4711,"General shop, mainly food","Retail sale in non-specialized stores with food, beverages or tobacco predominating"
Ubucuruzi bw'uruconsho higanjemo ubufu na mavuta yoguteka,4721,Specialised food shop,Retail sale of food in specialized stores
ateriye idoda imyenda yabagabo,1410,Tailoring & clothing making,"Manufacture of wearing apparel, except fur apparel"
"ubudandazi bwibinyobwa bidasembuye(,amazi,jus,fanta)",4773,Other specialised shop,Other retail sale of new goods in specialized stores
"ubucuruzi budandaza bwiganjemo ibitoki,ibirayi,salisa,umunyu",4711,"General shop, mainly food","Retail sale in non-specialized stores with food, beverages or tobacco predominating"
GUTABIRIRA IBIRAYI,0113,Growing vegetables & tubers,"Growing of vegetables and melons, roots and tubers"
GUCURUZA IKAWA YO KUNYWA,5610,Restaurants & food service,Restaurants and mobile food service activities
UBUCURUZI BUDANDAZA IBIRIBWA HIGANJE IBIRIBWA,4711,"General shop, mainly food","Retail sale in non-specialized stores with food, beverages or tobacco predominating"
"kudandaza higanjemo  umunyu, amasabune, isukari, ibibiriti",4773,Other specialised shop,Other retail sale of new goods in specialized stores
UBUCURUZI BUDANDAZA HIGANJEMO IBINYOBWA(URWANGWA),5630,Bars & beverage serving,Beverage serving activities
UBUCURUZI BUDANDAZA IBIKORESHO BY'AMAGARE,4711,"General shop, mainly food","Retail sale in non-specialized stores with food, beverages or tobacco predominating"
UBUHINZI BWOROZI BY'IBITUNGA URUGO,9810,Household own-use production,Undifferentiated goods-producing activities of private households for own use
"ubucuruzi  umuceri ,avoka,harimo amavuta",4721,Specialised food shop,Retail sale of food in specialized stores
ubucuruzi bwabotiue nibiribwa,4721,Specialised food shop,Retail sale of food in specialized stores
UBUCURUZI BWIGANJEMO IMYENDA BUKORERA MW'ISOKO,4782,Market stall: clothing,"Retail sale via stalls and markets of textiles, clothing and footwear"
UBUHINZI BWA CIYA SEED,0111,Growing cereals & legumes,"Growing of cereals (except rice), leguminous crops and oil seeds"
Ubucuruzi budandaza harimo amafu y'ubwoko bwose n'amasabune,4721,Specialised food shop,Retail sale of food in specialized stores
"ubucuruzi bwo kudandaza : amavuta, umuceli,kawunga,umunyu..",4772,Pharmacy & cosmetics shop,"Retail sale of pharmaceutical and medical goods, cosmetic and toilet articles in specialized stores"
UBUHINZI BW UBUNYOBWA,0111,Growing cereals & legumes,"Growing of cereals (except rice), leguminous crops and oil seeds"
ubucuruzi bwa cantine budandaza ibiribwa n'ibinyobwa,4711,"General shop, mainly food","Retail sale in non-specialized stores with food, beverages or tobacco predominating"
"kugurisha(Jus, amadazi ,amazi ,amajyane)",4781,Market stall: food & drinks,"Retail sale via stalls and markets of food, beverages and tobacco products"
"ubucuruzi budandaza ibiribwa bihiye birimo amarindazi,icyayi nibindi",5610,Restaurants & food service,Restaurants and mobile food service activities
Gucuruza ibiryo muri Restaurant,5610,Restaurants & food service,Restaurants and mobile food service activities
Ubucuruzi by'ubuconsho aha abantu icyo kurya nicyo kunywa,5610,Restaurants & food service,Restaurants and mobile food service activities
salon ikora imisatsi n'inzara,9602,Hairdressing & beauty,Hairdressing and other beauty treatment
UBUCURUZI BUDANDAZA BW IBITOKE BIBISI MU ISOKO,4781,Market stall: food & drinks,"Retail sale via stalls and markets of food, beverages and tobacco products"
UBUCURUZI BW'AMASAKA N'AMAMERA,4781,Market stall: food & drinks,"Retail sale via stalls and markets of food, beverages and tobacco products"
UBUDANDAZI BWIBIRIBWA BIBISI MURI BUTIKE,4711,"General shop, mainly food","Retail sale in non-specialized stores with food, beverages or tobacco predominating"
"kudandaza ibyo kurya higanjemo umuceri, akawunga, isukari n'ama uta yo guteka",4721,Specialised food shop,Retail sale of food in specialized stores
Gucuruza inzoga ziva mu bitoki Urwarwa,5630,Bars & beverage serving,Beverage serving activities
Umurimo w'ingenzi ni ugucuruza amafunguro atetse ndetss nibyo kunywa bidasembuye.,5610,Restaurants & food service,Restaurants and mobile food service activities
Adandaza imboga higanjemo imboga rwatsi,4781,Market stall: food & drinks,"Retail sale via stalls and markets of food, beverages and tobacco products"
"KUDANDAZA IBISHYIMBO,AMASAKA,INGANO,AMASHAZA",4721,Specialised food shop,Retail sale of food in specialized stores
Gucuruza_ibinyobwa,4630,Wholesale of food & drinks,"Wholesale of food, beverages and tobacco"
badoda imyenda mishya/ made in rwanda hamwe nubukorikori,1410,Tailoring & clothing making,"Manufacture of wearing apparel, except fur apparel"
guserva ibiribwa muri restaurent,5610,Restaurants & food service,Restaurants and mobile food service activities
UBUREZI MU MASHULI YINSHUKE,8510,Primary education,Pre-primary and primary education
UBUDANDAZI BWINGANJEMO IBINDI BIRIBWA,4711,"General shop, mainly food","Retail sale in non-specialized stores with food, beverages or tobacco predominating"
gutanga uburezi kubanyeshuri no kwigisha,8510,Primary education,Pre-primary and primary education
"KOGOSHA IMISATSI Y' ABANTU( ABAGABO, ABAGORE N' ABANA)",9602,Hairdressing & beauty,Hairdressing and other beauty treatment
UBUHINZI BW'IRIBWA BITANDUKANYE,0111,Growing cereals & legumes,"Growing of cereals (except rice), leguminous crops and oil seeds"
"Ubucuruzi bw'ibikoresho byisuku,isabune, amavuta yo kwisiga,inkweto zokogeramo n'ibindi",4719,"General shop, other goods",Other retail sale in non-specialized stores
kudandaza ibintu bivangavanze higanjemo ibigoma byabana,4773,Other specialised shop,Other retail sale of new goods in specialized stores
UBUHINZI BWU GUTUNGA URUGO,9810,Household own-use production,Undifferentiated goods-producing activities of private households for own use
gucuruza ibyuma irangi..,4752,Hardware & paint shop,"Retail sale of hardware, paints and glass in specialized stores"
ubucuruzi bwibinyobwa(umusururu),5630,Bars & beverage serving,Beverage serving activities
ubudandaza bwibiribwa bivangavanze,4719,"General shop, other goods",Other retail sale in non-specialized stores
ubucuruzi bw'inzoga zifunze,5630,Bars & beverage serving,Beverage serving activities
ubucuruzi bwibyokynywa nibiryo,5630,Bars & beverage serving,Beverage serving activities
KUDANDAZA AMAKARA,4773,Other specialised shop,Other retail sale of new goods in specialized stores
Iduka ricuruza ubuconco,4719,"General shop, other goods",Other retail sale in non-specialized stores
Gucuruza ibinyobwa bya Kinyarwanda( urwagwa),5630,Bars & beverage serving,Beverage serving activities
UBUDANDAZI BWIMGOGA MU ISOKO,4781,Market stall: food & drinks,"Retail sale via stalls and markets of food, beverages and tobacco products"
boutique y'ibiribwa n'ibinyobwa bidatetse,4721,Specialised food shop,Retail sale of food in specialized stores
kucuruza ibinyorwa bya BRALIRWA,5630,Bars & beverage serving,Beverage serving activities
Gusuka abagore higanjemo gucuruza imisatsi,9602,Hairdressing & beauty,Hairdressing and other beauty treatment
Boutique y'ibintu bivangavanze,4719,"General shop, other goods",Other retail sale in non-specialized stores
gufasha abaturage kubona amagunguro(kurya),5610,Restaurants & food service,Restaurants and mobile food service activities
ubucuruzi bwiganjemo ubugari indagara ubunyobwa,4721,Specialised food shop,Retail sale of food in specialized stores
boutique icuruza ibiribwa,4721,Specialised food shop,Retail sale of food in specialized stores
Nugucuruza amandazi umuceri isukari,4721,Specialised food shop,Retail sale of food in specialized stores
Gucuruza umusururu mu buryo budandaza,5630,Bars & beverage serving,Beverage serving activities
ubicuruzi bw'ibiribwa budandaza,4721,Specialised food shop,Retail sale of food in specialized stores
"ubucuruzi bw'ubucuruzi( amafu,isukari, umuceri)",4721,Specialised food shop,Retail sale of food in specialized stores
UMURIMO WO KUDODA IMYEBDA MISHYA NO GUSANA IYANGIRITSE,1410,Tailoring & clothing making,"Manufacture of wearing apparel, except fur apparel"
Gutanga icyayi nicyo gufatisha,5610,Restaurants & food service,Restaurants and mobile food service activities
gucuruza  umunyu,4721,Specialised food shop,Retail sale of food in specialized stores
kugabura amata na jus muri kantine,5610,Restaurants & food service,Restaurants and mobile food service activities
boutique idandza higanjemo ibibwa,4711,"General shop, mainly food","Retail sale in non-specialized stores with food, beverages or tobacco predominating"
Gupima ikigajye,5630,Bars & beverage serving,Beverage serving activities
UBUCURUZI BWA ALIMENTATION CANTINE,5610,Restaurants & food service,Restaurants and mobile food service activities
"Gucuruza akawunga, umuceri nubunyobwa",4721,Specialised food shop,Retail sale of food in specialized stores
akabare gacuruza inzoga zipfundikiye,5630,Bars & beverage serving,Beverage serving activities
ubucuruzi budandaza isabune,4773,Other specialised shop,Other retail sale of new goods in specialized stores
"Kudandaza ibiribwa byiganjyemo ( akawunga,ifu yigikoma n'amavuta)",4721,Specialised food shop,Retail sale of food in specialized stores
"UBUCURUZI BW'IBINYOBWA URWAGWA,IZIPFUNDIKIYE",5630,Bars & beverage serving,Beverage serving activities
ICYUMA GISTYA AMAFU AKOMOKA KU IBIHINGWA,1061,Grain milling,Manufacture of grain mill products
"ubucuruzi bw'uruconsho bwiganjemo bwiganjemo ibyokurya  ( umuceri, kawunga, isukari, etc)",4711,"General shop, mainly food","Retail sale in non-specialized stores with food, beverages or tobacco predominating"
Kugurisha botique higanjemo ISUKARI,4711,"General shop, mainly food","Retail sale in non-specialized stores with food, beverages or tobacco predominating"
kudandaza imboga mwisoko,4781,Market stall: food & drinks,"Retail sale via stalls and markets of food, beverages and tobacco products"
UBUDOZI BUDODA IMYENDA,1410,Tailoring & clothing making,"Manufacture of wearing apparel, except fur apparel"
"Kudandaza ibiribwa bitandukanye higanjemo ibinyampeke, ibinyamisogwe",4721,Specialised food shop,Retail sale of food in specialized stores
UBUDANDAZI BWUBUCONCO BWIGANJEMO IBINYOBWA,4711,"General shop, mainly food","Retail sale in non-specialized stores with food, beverages or tobacco predominating"
Kwakira abantu mukabare kurwahwa,5630,Bars & beverage serving,Beverage serving activities
Ubwogoshi bwabantu,9602,Hairdressing & beauty,Hairdressing and other beauty treatment
gupima inzoga ikozwe mu masaka(ikigage),5630,Bars & beverage serving,Beverage serving activities
ubudandazi bwibyokurya no kunywa,5610,Restaurants & food service,Restaurants and mobile food service activities
kudandaza ubuvonco bwiganjemo ibiribwa,4711,"General shop, mainly food","Retail sale in non-specialized stores with food, beverages or tobacco predominating"
UBUHINZI BWOROZI BUGAMIJE GUTU GA URUGO,9810,Household own-use production,Undifferentiated goods-producing activities of private households for own use
uburezi bwi banze primary,8510,Primary education,Pre-primary and primary education
akabali kurwagwa,5630,Bars & beverage serving,Beverage serving activities
UBUHINZI BWOGUTUNGA URUGO,9810,Household own-use production,Undifferentiated goods-producing activities of private households for own use
UBUHINZI BW IBIHINGWA BIVANGAVANZE,0111,Growing cereals & legumes,"Growing of cereals (except rice), leguminous crops and oil seeds"
Akabari kadandaza ibigage,5630,Bars & beverage serving,Beverage serving activities
"Ubucuruzi budandaza  ibiribwa ahantu habugenewe higanjemo Umuceri, indagara",4721,Specialised food shop,Retail sale of food in specialized stores
"Ubucuruzi bwubaka (amarange,amasima ,...)",4752,Hardware & paint shop,"Retail sale of hardware, paints and glass in specialized stores"
"UBUCURUZI BUDANDAZA IMBOGA(INYANYA,INTORYI)MU ISOKO",4781,Market stall: food & drinks,"Retail sale via stalls and markets of food, beverages and tobacco products"
UBUHIMZI BWIBIRAYI,0113,Growing vegetables & tubers,"Growing of vegetables and melons, roots and tubers"
Ubucuruzi bw'ibisheke,4721,Specialised food shop,Retail sale of food in specialized stores
"Ubucuruzi budandaza: inyanya,intoryi,ifuyumyumbati",4721,Specialised food shop,Retail sale of food in specialized stores
UBUHINZI BWAMASHU,0113,Growing vegetables & tubers,"Growing of vegetables and melons, roots and tubers"
Kubyaza ifu mu bonyampeke,1061,Grain milling,Manufacture of grain mill products
Ubucuruzi Bupima ubushera,5630,Bars & beverage serving,Beverage serving activities
gucuruza imyenda muri contineur,4711,"General shop, mainly food","Retail sale in non-specialized stores with food, beverages or tobacco predominating"
GUHA ABANTU IBYO KUNYWA  (INZOGA),5630,Bars & beverage serving,Beverage serving activities
"UBUCURUZI BWIBINYOBWA BISEMBUYE(PRIMUS,SKOL,ASANTE)",5630,Bars & beverage serving,Beverage serving activities
Ubucuruza budandaza higanjrmo ibiribwa,4711,"General shop, mainly food","Retail sale in non-specialized stores with food, beverages or tobacco predominating"
FAST FOOD,5610,Restaurants & food service,Restaurants and mobile food service activities
Bapimaga urwagwa,5630,Bars & beverage serving,Beverage serving activities
"Ubuvuruzi bwa alimentation ( amata, icyayi, fanta, amandazi)",4711,"General shop, mainly food","Retail sale in non-specialized stores with food, beverages or tobacco predominating"
kugabura imigati n'icyayi,5630,Bars & beverage serving,Beverage serving activities
UBUCURUZI BUDANDAZA IMBUTO ZIGANJEMO IMINEKE,4781,Market stall: food & drinks,"Retail sale via stalls and markets of food, beverages and tobacco products"
UBUHINZI N'UBWOROZI BIKORERA URUGO,9810,Household own-use production,Undifferentiated goods-producing activities of private households for own use
guha abantu icyo kunywa  mu kabare,5610,Restaurants & food service,Restaurants and mobile food service activities
UBUHINZI BWOROZI BUGAMIJE GUTUNNA URUGO,9810,Household own-use production,Undifferentiated goods-producing activities of private households for own use
nuwo gucuruza amakara inyanya intoryi,4711,"General shop, mainly food","Retail sale in non-specialized stores with food, beverages or tobacco predominating"
"ubucuruzi budandaza(primus,fanta)",4711,"General shop, mainly food","Retail sale in non-specialized stores with food, beverages or tobacco predominating"
gucuruza inkweto za bodaboda,4711,"General shop, mainly food","Retail sale in non-specialized stores with food, beverages or tobacco predominating"
UBUHINZI WAMASAKA,0111,Growing cereals & legumes,"Growing of cereals (except rice), leguminous crops and oil seeds"
Ubucuruzi Budandaza Hingajemo Inkweto &Imyenda,4771,Clothing & shoe shop,"Retail sale of clothing, footwear and leather articles in specialized stores"
Uburuzi budandaza ibitandukanye byiganjemo amasaka,4711,"General shop, mainly food","Retail sale in non-specialized stores with food, beverages or tobacco predominating"
kudandaza ibintu bitandukanye mu iduka higanjemo ibiribwa,4711,"General shop, mainly food","Retail sale in non-specialized stores with food, beverages or tobacco predominating"
akabari gacuruza ibiribwa nibinyobwa bisembuye nibidasembuye,5630,Bars & beverage serving,Beverage serving activities
ubucuruzi bwokunywa bwiganjyemo igipende,5630,Bars & beverage serving,Beverage serving activities
ubucuruzi bwi bidiya,5610,Restaurants & food service,Restaurants and mobile food service activities
ubucuruzi budandaza ibiribwa higanjemo kawunga,4711,"General shop, mainly food","Retail sale in non-specialized stores with food, beverages or tobacco predominating"
kudetaya inkweto za bodaboda,4771,Clothing & shoe shop,"Retail sale of clothing, footwear and leather articles in specialized stores"
Kudandaza ibyombo,4773,Other specialised shop,Other retail sale of new goods in specialized stores
ubucuruzi bw'inzoga zo kunywa,5630,Bars & beverage serving,Beverage serving activities
UBUHINZI BWOROZI BWURUGO,9810,Household own-use production,Undifferentiated goods-producing activities of private households for own use
ubucoco,4719,"General shop, other goods",Other retail sale in non-specialized stores
kudandaza ibintu bitandukanye mu iduka higanjemo imyaka,4711,"General shop, mainly food","Retail sale in non-specialized stores with food, beverages or tobacco predominating"
uburezi kumashuri yi ncuke,8510,Primary education,Pre-primary and primary education
UBUCURUZI BW'IBIRIBWA NIBINYOBWA HIGANJEMO IBYO KUNNYWA NO KURYA,5610,Restaurants & food service,Restaurants and mobile food service activities
Ubucuruzi budandaza ubuconsho higanjemo ibikoresho bisimbura ibyashaje,4719,"General shop, other goods",Other retail sale in non-specialized stores
Gutya amasaka nibigori,1061,Grain milling,Manufacture of grain mill products
ubucuruzi bw ibitunguru,4711,"General shop, mainly food","Retail sale in non-specialized stores with food, beverages or tobacco predominating"
ubucuruzi bwindabyo,4719,"General shop, other goods",Other retail sale in non-specialized stores
UBUCURUZI BW'URWAGWA,5630,Bars & beverage serving,Beverage serving activities
Uburezi bw'amashuri abanza na Gardienne,8510,Primary education,Pre-primary and primary education
"Service zigabura,higanjemo ikigage",5630,Bars & beverage serving,Beverage serving activities
UBUCURIZI BUDANDAZA BWIMYAKA CYANE CYANE AKAWUNGA NIBISHYIMBO,4711,"General shop, mainly food","Retail sale in non-specialized stores with food, beverages or tobacco predominating"
UBUCURUZU BUDANDAZA BW'IBIRIBWA,4721,Specialised food shop,Retail sale of food in specialized stores
ubucuruzi bupima,4719,"General shop, other goods",Other retail sale in non-specialized stores
"ubudozi,gusana",1410,Tailoring & clothing making,"Manufacture of wearing apparel, except fur apparel"
ubucuruzi bundandaza bwiganjemo umuceri nisabune namasukari,4719,"General shop, other goods",Other retail sale in non-specialized stores
UBUCURUZI BWIBYOKUNYWA MUKANARI,5630,Bars & beverage serving,Beverage serving activities
ubucuruzi budandaza buciriritse bwiganjemo ibinyobwa,4773,Other specialised shop,Other retail sale of new goods in specialized stores
umurimo w'ubucuruzi budandaza ibintu bya boutique byiganjemo inyanya,4721,Specialised food shop,Retail sale of food in specialized stores
UBUDOZI BW'IMYENDA MU ISOKO,1410,Tailoring & clothing making,"Manufacture of wearing apparel, except fur apparel"
boutique idandaza higanjemo ibyo kurya,4711,"General shop, mainly food","Retail sale in non-specialized stores with food, beverages or tobacco predominating"
"ubucuruzi bwibyo guteka( umuceri, kaunga, ifu yubugari bw'imyumbati) ibijyanye n'imboga( inyanya, ibitunguru) n'uduconco muri boutique",4711,"General shop, mainly food","Retail sale in non-specialized stores with food, beverages or tobacco predominating"
"Ubucuruzi budandaza amashuka ,ibiringiti , amasume",4782,Market stall: clothing,"Retail sale via stalls and markets of textiles, clothing and footwear"
Ubicuruzi budandaza amandazi n icyayi,5610,Restaurants & food service,Restaurants and mobile food service activities
Kugabura ibyo kunywa higanjemo ( umusururu udasembye),5630,Bars & beverage serving,Beverage serving activities
UBBUHINZI BWOROZI BWAKAWA NINGURUBE,0111,Growing cereals & legumes,"Growing of cereals (except rice), leguminous crops and oil seeds"
ubucuruzi budandaza bw ikinyobwa gisembuye ( ikigage),5630,Bars & beverage serving,Beverage serving activities
"Ubucuruzi: umuceri,isukari, amakaroni,kawunga",4721,Specialised food shop,Retail sale of food in specialized stores
"kudandaza higanjemo imbuto : amatunda, ibinyomoro, imineke",4781,Market stall: food & drinks,"Retail sale via stalls and markets of food, beverages and tobacco products"
Ubucuruzi bw'ubudandazi bwiganjemo ibirayi,4711,"General shop, mainly food","Retail sale in non-specialized stores with food, beverages or tobacco predominating"
ubucuruzi buciriritse budandaza ibiribwa,4781,Market stall: food & drinks,"Retail sale via stalls and markets of food, beverages and tobacco products"
UBUCURUZI BW IBIRIBWA MUMUHANDA,4799,Street & mobile vending,"Other retail sale not in stores, stalls or markets"
UBUDANDAZI BW'IMBOGA MUMAYIRA,4799,Street & mobile vending,"Other retail sale not in stores, stalls or markets"
akabari gacuruza urwagwa(Local beers ),5630,Bars & beverage serving,Beverage serving activities
UBUVURUZI BWIMBOGA,4721,Specialised food shop,Retail sale of food in specialized stores
ubucuruzi bwu bunyobwa amavuta yo kurya ifu yi gikoma amavuta yo kurya,4781,Market stall: food & drinks,"Retail sale via stalls and markets of food, beverages and tobacco products"
"gucuruza imyenda, inkweto",4771,Clothing & shoe shop,"Retail sale of clothing, footwear and leather articles in specialized stores"
ubidandazi bwiganjemo ibinyamafufu,4719,"General shop, other goods",Other retail sale in non-specialized stores
kudandaza inzagwa mu kabari,5630,Bars & beverage serving,Beverage serving activities
"kudandaza higanjemo : umuceri, indagagara, ubunyobwa, amavuta",4781,Market stall: food & drinks,"Retail sale via stalls and markets of food, beverages and tobacco products"
UBUCURUZI BW'INYANYA MU ISOKO,4781,Market stall: food & drinks,"Retail sale via stalls and markets of food, beverages and tobacco products"
kudandaza ibinyobwa byu rwangwa,5630,Bars & beverage serving,Beverage serving activities
Kudoda imyenda mishya y'abagabo n'abagore,1410,Tailoring & clothing making,"Manufacture of wearing apparel, except fur apparel"
umurimo wingenzi ikigo gikora nukogosha,9602,Hairdressing & beauty,Hairdressing and other beauty treatment
"Ubucuruzi bwubudodi ,nkisukari ,umunyu,umuceri, isabune nutundi tuntu duke",4711,"General shop, mainly food","Retail sale in non-specialized stores with food, beverages or tobacco predominating"
GUTUNGANYA UMUSATSI,9602,Hairdressing & beauty,Hairdressing and other beauty treatment
UBUHINZI BWIBISHYIMBO,0111,Growing cereals & legumes,"Growing of cereals (except rice), leguminous crops and oil seeds"
UBUCURUZI BWINYANYA MWISOKO,4781,Market stall: food & drinks,"Retail sale via stalls and markets of food, beverages and tobacco products"
ubuhinzi bw'ibiribwa ngandura rugo,4721,Specialised food shop,Retail sale of food in specialized stores
"ubucuruzi budandaza ibinyobwa higanjemo ibinyobwa bya bralirwa,na skol",5630,Bars & beverage serving,Beverage serving activities
Umurimo w'ingenzi ni ubucuruzi bwubuconco bwiganjemo ibiribwa.,4711,"General shop, mainly food","Retail sale in non-specialized stores with food, beverages or tobacco predominating"
"ubucuruzi budandaza bushingiye kumyumbati,ubunyobwa,ifu y'amasaka",4721,Specialised food shop,Retail sale of food in specialized stores
Kudandazi isabune,4719,"General shop, other goods",Other retail sale in non-specialized stores
"bacuruza imiti yica udukoko two mumyaka ,nibyokurya myamatungo",4773,Other specialised shop,Other retail sale of new goods in specialized stores
"UBUCURUZI BW'lBIRIBWA, lBISHYIMBO,IBIRAYI,  UMUNYU",4721,Specialised food shop,Retail sale of food in specialized stores
"UBUDANDAZI BW'IBIRIBWA  BYIGANJEMO IBISHYIMBO , AMASHYAZA",4781,Market stall: food & drinks,"Retail sale via stalls and markets of food, beverages and tobacco products"
Gucuruza ibiribwa ibinyobwa ibikoresho by isuku n amakara,4711,"General shop, mainly food","Retail sale in non-specialized stores with food, beverages or tobacco predominating"
UBUHINZI BWIBUNYOBWA,0111,Growing cereals & legumes,"Growing of cereals (except rice), leguminous crops and oil seeds"
ubucuruzi bwubuconsho,4719,"General shop, other goods",Other retail sale in non-specialized stores
badandaza ubushera,5630,Bars & beverage serving,Beverage serving activities
ubudadandazi bw'indagara mu isoko,4781,Market stall: food & drinks,"Retail sale via stalls and markets of food, beverages and tobacco products"
uruganda rudoda imyenda yo kwambara mishya ahabugenewe,1410,Tailoring & clothing making,"Manufacture of wearing apparel, except fur apparel"
ubudoze bwimyenda yibitenge,1410,Tailoring & clothing making,"Manufacture of wearing apparel, except fur apparel"
"Gucuruza ibinyobwa bidasembuye byiganjemo Jus, na Fanta",4711,"General shop, mainly food","Retail sale in non-specialized stores with food, beverages or tobacco predominating"
Boutique y'ubuconsho yiganjemo cyane ibiribwa,4711,"General shop, mainly food","Retail sale in non-specialized stores with food, beverages or tobacco predominating"
Kudanda higanjemo imyenda bikorerwa mu isoko,4782,Market stall: clothing,"Retail sale via stalls and markets of textiles, clothing and footwear"
KUDANDANA UDUCONCO,4719,"General shop, other goods",Other retail sale in non-specialized stores
"umurimo wingenzi nukudandaza ibyokurya byiganjemo ibirayi,amandazi,capati,amakaroni,amasabune,umunyu namavuta",4711,"General shop, mainly food","Retail sale in non-specialized stores with food, beverages or tobacco predominating"
ubucuruzi budandaza ibyokurya,4721,Specialised food shop,Retail sale of food in specialized stores
bacuruza badandaza imyenda itandukanye y'abana yiganjemo iya bagabo,4782,Market stall: clothing,"Retail sale via stalls and markets of textiles, clothing and footwear"
Kugaburura abantu (restaurant),5610,Restaurants & food service,Restaurants and mobile food service activities
Umurimo w'ingenzi ni ubucuruzi budandaza bwubuconco bwiganjemo ibikoresho by'isuku nibyo kunywa bisembuye n'ibidasembuye.,4711,"General shop, mainly food","Retail sale in non-specialized stores with food, beverages or tobacco predominating"
"UBUHINZI BW'IBINYABIJUMBA (AMATEKE, IMYUMBATI,..)",0113,Growing vegetables & tubers,"Growing of vegetables and melons, roots and tubers"
Gucuruza ubuconco ni birayi  ni bishyimbo,4711,"General shop, mainly food","Retail sale in non-specialized stores with food, beverages or tobacco predominating"
UBUCURUZI BWIBINTU BITANDUKANYE,4781,Market stall: food & drinks,"Retail sale via stalls and markets of food, beverages and tobacco products"
UBUCURUZI BW'IMYENDA BUDANDAZA,4771,Clothing & shoe shop,"Retail sale of clothing, footwear and leather articles in specialized stores"
gusya ibinyampeke no gikora akawunga,1061,Grain milling,Manufacture of grain mill products
ubucuruzi bwagaconsho bwiganjemo isukari,4711,"General shop, mainly food","Retail sale in non-specialized stores with food, beverages or tobacco predominating"
ubucurunzi bundandaza higajemo umunyu,4773,Other specialised shop,Other retail sale of new goods in specialized stores
"butika idandaza ibiribwa kawunga, umuceli,",4711,"General shop, mainly food","Retail sale in non-specialized stores with food, beverages or tobacco predominating"
GUKURUZA IKIGAGE,5630,Bars & beverage serving,Beverage serving activities
gusya imyumbati soya nubunyobwa,1061,Grain milling,Manufacture of grain mill products
"KOGOSHA ABAGORE,ABAGABO N'ABANA",9602,Hairdressing & beauty,Hairdressing and other beauty treatment
Kogosha abantu,9602,Hairdressing & beauty,Hairdressing and other beauty treatment
UBUCURUZI CANTINE,5610,Restaurants & food service,Restaurants and mobile food service activities
ubucuruzi bwinzoga (akabari),5630,Bars & beverage serving,Beverage serving activities
Acuruza amata yi nyage ndetse na manzi yi nyange,5610,Restaurants & food service,Restaurants and mobile food service activities
ubudozi bw'imyambaro ingeti zose,1410,Tailoring & clothing making,"Manufacture of wearing apparel, except fur apparel"
ubucuruzi budandaza ibitunguru mwisoko,4781,Market stall: food & drinks,"Retail sale via stalls and markets of food, beverages and tobacco products"
Ubucuruzi bw'ubuconho higanjemo ibyokurya,4772,Pharmacy & cosmetics shop,"Retail sale of pharmaceutical and medical goods, cosmetic and toilet articles in specialized stores"
BAGABURIRA IBYOKURYA BIKOZE MWIFARINI NDETSE NIBYO KUNYWA BITETSE NKICYAYI,5610,Restaurants & food service,Restaurants and mobile food service activities
butike iyiganjemo ibyo kunywa ubushera,5630,Bars & beverage serving,Beverage serving activities
"GUCURUZA IBINTU BITANDUKANYE CYANE CYANE IBIRIBWA ,IMYAMBARO,IBIKORESHO BYO MU RUGO",4721,Specialised food shop,Retail sale of food in specialized stores
UBUDANDAZI BWUBUCONSHO MURI BUTIKE,4721,Specialised food shop,Retail sale of food in specialized stores
ubucuruzi buvanze imyenda telphone,4771,Clothing & shoe shop,"Retail sale of clothing, footwear and leather articles in specialized stores"
"ubucuruzi bwubuconco, ibiribwa",4721,Specialised food shop,Retail sale of food in specialized stores
gucuruza ibintu bitandukanye harimo ibiribwa,4711,"General shop, mainly food","Retail sale in non-specialized stores with food, beverages or tobacco predominating"
UBUHINZI BUGAMIJE KUBATUNGA,9810,Household own-use production,Undifferentiated goods-producing activities of private households for own use
KOGOSHA ABANTU MURI SALON DE COIFURE,9602,Hairdressing & beauty,Hairdressing and other beauty treatment
ubucuruzi budandaza ibiryo bibisi,4721,Specialised food shop,Retail sale of food in specialized stores
"batanga ibiribwa nibinyobwa higanjemo icyayi ,amandazi ,imigati",5610,Restaurants & food service,Restaurants and mobile food service activities
Ubucuruzi bugari buranguza ibikoresho byiganjemo ibiryamirwa n ibindi bikoreshwa mumazu,4711,"General shop, mainly food","Retail sale in non-specialized stores with food, beverages or tobacco predominating"
KUDANDA IBIRIBWA BINYURANYE,4721,Specialised food shop,Retail sale of food in specialized stores
UBUHINZI BWOROZI BY'URUGO,9810,Household own-use production,Undifferentiated goods-producing activities of private households for own use
Ibyokunywa nibyo kurya,5610,Restaurants & food service,Restaurants and mobile food service activities
KOTSA INYAMA ARIKO AFITE AHO AKORERA HADAHINDUKA NUBWO ARI MU CYARO,5630,Bars & beverage serving,Beverage serving activities
ubucuruzi bwiganjemo ibiribwa nibinyobwa,4711,"General shop, mainly food","Retail sale in non-specialized stores with food, beverages or tobacco predominating"
UBUHINZI BWOROZI BWO BUTUNGA URUGO,9810,Household own-use production,Undifferentiated goods-producing activities of private households for own use
gupima inzoga zao mukabari za mukangoboka josian,5630,Bars & beverage serving,Beverage serving activities
UBUCURUZI BW'AKABARI KU RWANGWA,5630,Bars & beverage serving,Beverage serving activities
KUDANDAZA IBICURUZWA HIGANJEMO IBIRIBWA,4711,"General shop, mainly food","Retail sale in non-specialized stores with food, beverages or tobacco predominating"
AGRICULTURE ET ELEVAGE DE SUBSISTENCE,9810,Household own-use production,Undifferentiated goods-producing activities of private households for own use
Kudandaza ibiribwa higanjemo umuceri n'akawunga,4721,Specialised food shop,Retail sale of food in specialized stores
ubucuruzi bwa butike bwiganjemo ibikoresho by'isuku,4773,Other specialised shop,Other retail sale of new goods in specialized stores
Gu servant ibinyobwa,5610,Restaurants & food service,Restaurants and mobile food service activities
ubucuruzi mobil money,4719,"General shop, other goods",Other retail sale in non-specialized stores
Gucuruza ibintu bivanze muri Boutique,4719,"General shop, other goods",Other retail sale in non-specialized stores
Ubudandazi bwa gaz,4773,Other specialised shop,Other retail sale of new goods in specialized stores
GUCURUZA IMBUTO MUMUHANDA,4781,Market stall: food & drinks,"Retail sale via stalls and markets of food, beverages and tobacco products"
ubucuruzi bwabutic budanda bwiganjemo ibiribwa,4711,"General shop, mainly food","Retail sale in non-specialized stores with food, beverages or tobacco predominating"
Ubucuruzi bw' akabari budandaza inzoga higanjemo izisembuye,5630,Bars & beverage serving,Beverage serving activities
kogosha abato n'abakuru,9602,Hairdressing & beauty,Hairdressing and other beauty treatment
"GUSYA AMASAKA, IGIGORI NA SOYA(IBINYAMPEKE)",1061,Grain milling,Manufacture of grain mill products
BSHINGA IBIRAYI,0113,Growing vegetables & tubers,"Growing of vegetables and melons, roots and tubers"
"BOUTIQUE IDANDAZA AMAKARA,IBISHYIMBO,ARIKO HAKABA HIGANJEMO IBINYOBWA BISEMBUYE NA MA JUICE",4711,"General shop, mainly food","Retail sale in non-specialized stores with food, beverages or tobacco predominating"
ubufozi bw'imyambaro,1410,Tailoring & clothing making,"Manufacture of wearing apparel, except fur apparel"
GUSHYA AMASAKA N'IBIGORI,1061,Grain milling,Manufacture of grain mill products
ubudandazi buciriritse cyane arko higanjemo ibinyobwa (jus) n'ibiribwa,4719,"General shop, other goods",Other retail sale in non-specialized stores
ubudandazi bwibintu bitandukanye burimo ibiribwa ibikoresho byisuku nibindi,4719,"General shop, other goods",Other retail sale in non-specialized stores
UBUHINZI BWIBISHYIIMBO,0111,Growing cereals & legumes,"Growing of cereals (except rice), leguminous crops and oil seeds"
Boutique idandaza higanjemo ibikoresho by'isuku,4772,Pharmacy & cosmetics shop,"Retail sale of pharmaceutical and medical goods, cosmetic and toilet articles in specialized stores"
ubucuruzi bwinzoga urwabitoki,5630,Bars & beverage serving,Beverage serving activities
"ubudandazi bw'imineke ,Amandazi ,ibitunguru,soya",1410,Tailoring & clothing making,"Manufacture of wearing apparel, except fur apparel"
GUTUNGANYA INZARA NIMISATSI,9602,Hairdressing & beauty,Hairdressing and other beauty treatment
uburezi bw'amashuli abanza,8510,Primary education,Pre-primary and primary education
ubudandazi bwa boutique bwiganjemo ibyo kurya nkubugari...,4711,"General shop, mainly food","Retail sale in non-specialized stores with food, beverages or tobacco predominating"
ubundazi bwigajemo ibiribwa,4711,"General shop, mainly food","Retail sale in non-specialized stores with food, beverages or tobacco predominating"
ubucuruzi budandaza ibiribwa bwiganjemo imboga muri boutique,4711,"General shop, mainly food","Retail sale in non-specialized stores with food, beverages or tobacco predominating"
KUGABURIRA ABANTU IBIRYO BIHIYE,5610,Restaurants & food service,Restaurants and mobile food service activities
amasabune umunyu wo guteka amavuta yo kwisiga,4719,"General shop, other goods",Other retail sale in non-specialized stores
Ubucuruzi budandaza ibitoki,4711,"General shop, mainly food","Retail sale in non-specialized stores with food, beverages or tobacco predominating"
nuwuburuzi bucuruza ibitenge amashakoshi yaba mama,4711,"General shop, mainly food","Retail sale in non-specialized stores with food, beverages or tobacco predominating"
UBUNDANDAZI BWIGANJEMO IBIRIBWA MWISOKO,4719,"General shop, other goods",Other retail sale in non-specialized stores
Ubucuruzi bwibyuma byamagare muri boutique,4773,Other specialised shop,Other retail sale of new goods in specialized stores
UBUCURUZI BUDANDAZA INZOGA BUKORERWA AHANTU HABUGENEWE,5630,Bars & beverage serving,Beverage serving activities
baranguza ibinyobwa bisembuye nibadasembuye depot,4630,Wholesale of food & drinks,"Wholesale of food, beverages and tobacco"
"Ubucuruzi bwibiribwa muri boutique (isukali ,umuceli, kawunga )",4711,"General shop, mainly food","Retail sale in non-specialized stores with food, beverages or tobacco predominating"
UBICURUZI BW'IBINTU BITANDUKANYE HIGANJEMO IBIRIBWA,4711,"General shop, mainly food","Retail sale in non-specialized stores with food, beverages or tobacco predominating"
Badandaza Amakara yo gucana,4799,Street & mobile vending,"Other retail sale not in stores, stalls or markets"
kudandaza ibintu bitandukanye higanjemo inyanya,4711,"General shop, mainly food","Retail sale in non-specialized stores with food, beverages or tobacco predominating"
Boutique icuruza biswi n'umunyu,4719,"General shop, other goods",Other retail sale in non-specialized stores
salon de coiffure yogosha gusa imisatsi,9602,Hairdressing & beauty,Hairdressing and other beauty treatment
"KUGABURIRA ABANTU IGIKOMA,ICYAYI,AMATA,...",5610,Restaurants & food service,Restaurants and mobile food service activities
UBUREZI MU MASHURI,8510,Primary education,Pre-primary and primary education
ubuconsho nibiribwa,4719,"General shop, other goods",Other retail sale in non-specialized stores
ubucuruzi budandaza ibyokurya higanjemo icyayi namandazi,5610,Restaurants & food service,Restaurants and mobile food service activities
Ubucuruzi bw'ibiribwa n'ibinyobwa,5610,Restaurants & food service,Restaurants and mobile food service activities
ubucuruzi bw'imyumbati mw'isoko,4781,Market stall: food & drinks,"Retail sale via stalls and markets of food, beverages and tobacco products"
bakora ubucuruzi budandaza b'umunyu ni sabune,4719,"General shop, other goods",Other retail sale in non-specialized stores
ubucuruzi buranguza ibikapu,4771,Clothing & shoe shop,"Retail sale of clothing, footwear and leather articles in specialized stores"
KUDODA IMYENDA MISHYASHYA NO GUSANA ISHAJE,1410,Tailoring & clothing making,"Manufacture of wearing apparel, except fur apparel"
RESTAURENT YIBYO KUNYWA,5610,Restaurants & food service,Restaurants and mobile food service activities
UBUCURUZI BW'INZOGA URWAGWA N'IZIPFUNDIKIYE,5630,Bars & beverage serving,Beverage serving activities
"ubucuruzi:umunyu ,Amajyane , isukari, isabune",4721,Specialised food shop,Retail sale of food in specialized stores
Guha abantu ibyo kunywa (ubushera),5630,Bars & beverage serving,Beverage serving activities
kudandaza ibiribwa bibisi,4721,Specialised food shop,Retail sale of food in specialized stores
"KUGABURA IBYO KURYA ( AMANDAZI, ICYAYI,AMATA )",5610,Restaurants & food service,Restaurants and mobile food service activities
Ubucuruzi bw'ibyokurya bidshiye,4721,Specialised food shop,Retail sale of food in specialized stores
Kudandaza ibintu bitandukanye mu iduka higanjemo ibitenge .,4771,Clothing & shoe shop,"Retail sale of clothing, footwear and leather articles in specialized stores"
Iduka ridandaza ibicuruzwa bitandukanye muri butike,4719,"General shop, other goods",Other retail sale in non-specialized stores
gucuruza ibyo kurya (restourant),5610,Restaurants & food service,Restaurants and mobile food service activities
GUTEKA NO KUGABURIRA ABA CLIENTS,5610,Restaurants & food service,Restaurants and mobile food service activities
ubucuruzi bwibiryo byinkoko,4719,"General shop, other goods",Other retail sale in non-specialized stores
"ubucuruzi bw,ibinyobwa",5630,Bars & beverage serving,Beverage serving activities
gucuruza ubuconsho bwiganjemo imyenda,4719,"General shop, other goods",Other retail sale in non-specialized stores
GUTUNGANYA IMISATSA YIBANZE KOGOSHA ABAGABO,9602,Hairdressing & beauty,Hairdressing and other beauty treatment
ubucuruzi budandaza ibyiganjemo ibinyobwa n'ibiribwa,5610,Restaurants & food service,Restaurants and mobile food service activities
Boutique y'ubucuruzi bw'ubuconco,4719,"General shop, other goods",Other retail sale in non-specialized stores
ubudandazi bw'imyenda y'abana,4771,Clothing & shoe shop,"Retail sale of clothing, footwear and leather articles in specialized stores"
Kudandaza imyambaro yiganjemo iyambarwa n'iyabana n'abagabo,4771,Clothing & shoe shop,"Retail sale of clothing, footwear and leather articles in specialized stores"
Kugabura Ibinyobwa bisembuye (Musanze),5630,Bars & beverage serving,Beverage serving activities
ubucuruzi bwuconsho,4719,"General shop, other goods",Other retail sale in non-specialized stores
ubucuruzi bwinkweto zo kogeramo,4771,Clothing & shoe shop,"Retail sale of clothing, footwear and leather articles in specialized stores"
GUSYA IMYUMBATI NIBINDI,1061,Grain milling,Manufacture of grain mill products
GUCURUZA UBUSHERA N'UMUTOBE,5630,Bars & beverage serving,Beverage serving activities
ubucuruzi bwinkweto zabagabo,4782,Market stall: clothing,"Retail sale via stalls and markets of textiles, clothing and footwear"
UBUCURUZI BUDANDAZA BWIGANJEMO IBIRIBWA BUKORERWA AHANTU HABUGENEWE,4719,"General shop, other goods",Other retail sale in non-specialized stores
UBUCURUZI BUDANDAZA IFUMBIRE MVARUGANDA Y'URUGANDA RWA YALA,4773,Other specialised shop,Other retail sale of new goods in specialized stores
UBUREZI MUMASHU ABANZA,8510,Primary education,Pre-primary and primary education
service zo kogosha,9602,Hairdressing & beauty,Hairdressing and other beauty treatment
GUCURUZA AMABDAZI,4721,Specialised food shop,Retail sale of food in specialized stores
Gusya amafu y'imyumbati,1061,Grain milling,Manufacture of grain mill products
Ducuruza ubushera nibindi,5630,Bars & beverage serving,Beverage serving activities
UBUCURUZI BW'IMYENDA MU MUHAHANDA,4799,Street & mobile vending,"Other retail sale not in stores, stalls or markets"
kudandaza muri boutique higanjemo ibiribwa,4711,"General shop, mainly food","Retail sale in non-specialized stores with food, beverages or tobacco predominating"
gupima ikigage nurwagwa,5630,Bars & beverage serving,Beverage serving activities
"UBUHUNZI BW,IBIGORI",0111,Growing cereals & legumes,"Growing of cereals (except rice), leguminous crops and oil seeds"
"gupima ubushera,no gucuruza amandazi",5630,Bars & beverage serving,Beverage serving activities
"UBUCURUZI BWIBIRIBWA,  AMA TA ,ICYAYI , IMIGATI",5610,Restaurants & food service,Restaurants and mobile food service activities
ubucuruzi budandaza  imisatsi yo gusuka....,4773,Other specialised shop,Other retail sale of new goods in specialized stores
ubucuruzi buranguza imyaka,4711,"General shop, mainly food","Retail sale in non-specialized stores with food, beverages or tobacco predominating"
UBUCUZI,4773,Other specialised shop,Other retail sale of new goods in specialized stores
wholesale of food staff,4630,Wholesale of food & drinks,"Wholesale of food, beverages and tobacco"
UBUHINZI BEOROZI BYO GUTUNGA URUGO,9810,Household own-use production,Undifferentiated goods-producing activities of private households for own use
gupima ibyo kungwa higanjemo ibikomoka ku masaka,5630,Bars & beverage serving,Beverage serving activities
bacuruza ibikoresho bya plomberie higanjemo ama tuyeau,4752,Hardware & paint shop,"Retail sale of hardware, paints and glass in specialized stores"
IDUKA RIDANDAZA RYIGANJEMO IBYO KURYA,4711,"General shop, mainly food","Retail sale in non-specialized stores with food, beverages or tobacco predominating"
"UBUDANDAZI BW,IMBOGA N,IMBUTO MWISOKO",4781,Market stall: food & drinks,"Retail sale via stalls and markets of food, beverages and tobacco products"
Kudandaza amakara mwisoko,4773,Other specialised shop,Other retail sale of new goods in specialized stores
kudandaza ibikoresho by' ubwubatsi quincarelie,4752,Hardware & paint shop,"Retail sale of hardware, paints and glass in specialized stores"
gusya ibinyampeke hagamijwe kubona ifu,1061,Grain milling,Manufacture of grain mill products
kudandaza ibintu bitanduka byiganjema ibiribwa,4711,"General shop, mainly food","Retail sale in non-specialized stores with food, beverages or tobacco predominating"
Ubucuruzi budandazz ibiribwa higanjemo ibijumba n'avoca nimineke,4721,Specialised food shop,Retail sale of food in specialized stores
"Kudandaza(Boutique)Amandazi,buto,umunyu,isabune,etc...",4711,"General shop, mainly food","Retail sale in non-specialized stores with food, beverages or tobacco predominating"
UBUHINZI BWA SOYA,0111,Growing cereals & legumes,"Growing of cereals (except rice), leguminous crops and oil seeds"
UBUCURUZI BUDANDAZA BW INKWETO,4771,Clothing & shoe shop,"Retail sale of clothing, footwear and leather articles in specialized stores"
kudandaza ibyo kunywa n'ibiribwa,4711,"General shop, mainly food","Retail sale in non-specialized stores with food, beverages or tobacco predominating"
kudandaza muri boutique higanjemo Ibirayi n'amakara,4711,"General shop, mainly food","Retail sale in non-specialized stores with food, beverages or tobacco predominating"
UBUHINZI N'UBWOZI BY'URUGO,9810,Household own-use production,Undifferentiated goods-producing activities of private households for own use
Kudoda imyenda mishya no gusana ishaje,1410,Tailoring & clothing making,"Manufacture of wearing apparel, except fur apparel"
ubucuruzi bwicyokunywa,5630,Bars & beverage serving,Beverage serving activities
bakora umwuga wo kogosha,9602,Hairdressing & beauty,Hairdressing and other beauty treatment
kudandaza imyaka yo kurya higanjemo amasaka,4721,Specialised food shop,Retail sale of food in specialized stores
boutique yiganjemo ibiribwa nibyo kunwa,4721,Specialised food shop,Retail sale of food in specialized stores
GUCURUZA IBINYOBWA MU KABARI,5630,Bars & beverage serving,Beverage serving activities
Ubucuruzi budandaza bwa Alimentation,4711,"General shop, mainly food","Retail sale in non-specialized stores with food, beverages or tobacco predominating"
Ubucuruzi budandaza intoryi na karoti mwisoko rya DUHAHIRANE,4781,Market stall: food & drinks,"Retail sale via stalls and markets of food, beverages and tobacco products"
"Ubudandazibw,ibiribwa bwiganjemo ifarini,ibikoreshobyomurugo",4721,Specialised food shop,Retail sale of food in specialized stores
"ubucuruzi budandaza ibikoresho byubwubatsi byiganjemo ibikoresho bifashisha bakora amazi , amatiyo , ama tuwarete .muri kenkayeri",4752,Hardware & paint shop,"Retail sale of hardware, paints and glass in specialized stores"
"ubucuruzi budandaza bwiganjemo ibyo kurya: amandazi,umunyu,umukeri,akawunga",4711,"General shop, mainly food","Retail sale in non-specialized stores with food, beverages or tobacco predominating"
Ubucuruzi bw'inkweto zabagore nabagabo,4782,Market stall: clothing,"Retail sale via stalls and markets of textiles, clothing and footwear"
"UBUCURUZI BW,AMANDAZI",4711,"General shop, mainly food","Retail sale in non-specialized stores with food, beverages or tobacco predominating"
adandaza ibintu higanjemo ibiribwa n'ibikoresho by'isuku,4719,"General shop, other goods",Other retail sale in non-specialized stores
Boutique iciriritse icuruza ubuconsho higanjemo ibiribwa,4711,"General shop, mainly food","Retail sale in non-specialized stores with food, beverages or tobacco predominating"
uburucuzi bwibiribwa nibinyobwa,4781,Market stall: food & drinks,"Retail sale via stalls and markets of food, beverages and tobacco products"
Boutique (icuruza uduconsho higanjemo ibyo kurya)akaba anacuruza amafunguro atetse),4711,"General shop, mainly food","Retail sale in non-specialized stores with food, beverages or tobacco predominating"
UBUDOZI BW'IMYENDA ITANDUKANYE NO KUYISANA,1410,Tailoring & clothing making,"Manufacture of wearing apparel, except fur apparel"
ubucuruzi budandaza utwokurya murugo ducye.,4721,Specialised food shop,Retail sale of food in specialized stores
GUTANGA INZOGA ZIPFUNDIKIYE,5630,Bars & beverage serving,Beverage serving activities
IMIRIMO YOKUGABURA IBYO KURYA,5630,Bars & beverage serving,Beverage serving activities
ubucuruzi budandaza ibikoresho by' ubwubatsi n' ububaji bw' Imbaho,4752,Hardware & paint shop,"Retail sale of hardware, paints and glass in specialized stores"
BAHINFA IBIJUMBA,0113,Growing vegetables & tubers,"Growing of vegetables and melons, roots and tubers"
BACURUZA MU AVOCAT  ISOKO,4781,Market stall: food & drinks,"Retail sale via stalls and markets of food, beverages and tobacco products"
"Ubucuruzi bushyingiye ku mandazi,ifu,amavuta yo kwisiga",4719,"General shop, other goods",Other retail sale in non-specialized stores
"ubucuruzi bwibinyobwa, primus,skol ,fanta,....",4711,"General shop, mainly food","Retail sale in non-specialized stores with food, beverages or tobacco predominating"
UBUCURUZI BUDANDAZA IBIRIBWA BIBISI MU ISOKO,4781,Market stall: food & drinks,"Retail sale via stalls and markets of food, beverages and tobacco products"
Gupima ibinyobwa bisenbuye(ikigage n'urwagwa),5630,Bars & beverage serving,Beverage serving activities
UBUCURUZI BUDANDAZA BWIGANJEMO IBIRIBWA N'IBINYOBWA BIDASEMBUYE,5610,Restaurants & food service,Restaurants and mobile food service activities
KUDANDAZA INYANYA MUMUHANDA,4799,Street & mobile vending,"Other retail sale not in stores, stalls or markets"
UBUHINZI BW IMYUBATI,0113,Growing vegetables & tubers,"Growing of vegetables and melons, roots and tubers"
ubudozi budandaza bwimipira yishuri,4771,Clothing & shoe shop,"Retail sale of clothing, footwear and leather articles in specialized stores"
GUTANGA UBUREZI BWIBANZE( PRIMAIRE NA MATERINAIRE),8510,Primary education,Pre-primary and primary education
gupima ubushera bw'amasaka,5630,Bars & beverage serving,Beverage serving activities
bucoco,4719,"General shop, other goods",Other retail sale in non-specialized stores
KUDANDAZA AMASHUKA MU MUHANDA,4799,Street & mobile vending,"Other retail sale not in stores, stalls or markets"
KUGABURIRA ABANTU IBYO KURYA,5610,Restaurants & food service,Restaurants and mobile food service activities
KUDANDAZA IMYENDA Y' ABADAMU,4782,Market stall: clothing,"Retail sale via stalls and markets of textiles, clothing and footwear"
nukogosha umusatsi,9602,Hairdressing & beauty,Hairdressing and other beauty treatment
"ubucuruzi bwibintu bitandukanye ( ibiribwa ,ibinyobwa,fanta ,Mtzing ,primus ,jeus ,imyunyu,amazabune,umuceri ,amandazi)",4721,Specialised food shop,Retail sale of food in specialized stores
Ubucuruzi budandaza ubuconsho higanjemo amavuta,4773,Other specialised shop,Other retail sale of new goods in specialized stores
UBUREZI  MUMASHURI Y'INSHUKE,8510,Primary education,Pre-primary and primary education
gucuruza amasabune n'imyunyu,4773,Other specialised shop,Other retail sale of new goods in specialized stores
UBUHINZI BW' IBIHIGWA BYO GUTUNGA URUGO,9810,Household own-use production,Undifferentiated goods-producing activities of private households for own use
bwiganjemo inyanya gusa buraciriritse,4721,Specialised food shop,Retail sale of food in specialized stores
"ubudandazi bwibinyobwa nibyo kurya higanjemo amazi,fanta,ama biscuits",4711,"General shop, mainly food","Retail sale in non-specialized stores with food, beverages or tobacco predominating"
KUDANDAZA HIGANJEMO AMAFU,4711,"General shop, mainly food","Retail sale in non-specialized stores with food, beverages or tobacco predominating"
ubucuruzi bwimiti yamatungo niyimyaka,4711,"General shop, mainly food","Retail sale in non-specialized stores with food, beverages or tobacco predominating"
UBUDANDAZI BUTANDUKANYE MU IDUKA BWIGANJEMO IBIRIBWA,4721,Specialised food shop,Retail sale of food in specialized stores
ubucuruzi bwiganjemo imyenda bukorerwa mu isoko,4782,Market stall: clothing,"Retail sale via stalls and markets of textiles, clothing and footwear"
UBUCUEUZI BUTANDUKANYE BWIGANJEMO IBIEIBWA CYANE CYANE IMBOGA,4711,"General shop, mainly food","Retail sale in non-specialized stores with food, beverages or tobacco predominating"
ubucuruzi bw'amavuta n'imyenda,4772,Pharmacy & cosmetics shop,"Retail sale of pharmaceutical and medical goods, cosmetic and toilet articles in specialized stores"
ubudandazi bwa ibinyobwa bisembuye,5630,Bars & beverage serving,Beverage serving activities
kudandaza ibikoresho byo mu gikoni higanje amashyiga ya kijyambere,4711,"General shop, mainly food","Retail sale in non-specialized stores with food, beverages or tobacco predominating"
acuruza ibintu bitandukanye higanjemo umuceri,4711,"General shop, mainly food","Retail sale in non-specialized stores with food, beverages or tobacco predominating"
GUHINGA IMYUMBATI,0113,Growing vegetables & tubers,"Growing of vegetables and melons, roots and tubers"
ubucuruzi bw'ibiryo n'inzoga,5610,Restaurants & food service,Restaurants and mobile food service activities
ubucuruzi bwigipende budandaza,5630,Bars & beverage serving,Beverage serving activities
Kugabura ibiribwa higanjemo icyayi,5610,Restaurants & food service,Restaurants and mobile food service activities
gucuruza ibintu bitandukanye muri butike,4719,"General shop, other goods",Other retail sale in non-specialized stores
gucuruza amasambusa y'inyama n'ayibirayi,5610,Restaurants & food service,Restaurants and mobile food service activities
UBWOGOSHI MURI SALON,9602,Hairdressing & beauty,Hairdressing and other beauty treatment
KOGOSHA NO GUTUNGANYA IMISATSI,9602,Hairdressing & beauty,Hairdressing and other beauty treatment
uburuzi bwigiconco,4719,"General shop, other goods",Other retail sale in non-specialized stores
SERVICE YO KOGOSHA ABANTU,9602,Hairdressing & beauty,Hairdressing and other beauty treatment
Ubucuruzi bwubuconco muri Boutique,4711,"General shop, mainly food","Retail sale in non-specialized stores with food, beverages or tobacco predominating"
ubucuruzi budandaza ibyo kurya higanjemo umuceli isukari,4721,Specialised food shop,Retail sale of food in specialized stores
service yo kogosha abantu umusatsi,9602,Hairdressing & beauty,Hairdressing and other beauty treatment
ubucuruzi bwo kudadaza,4721,Specialised food shop,Retail sale of food in specialized stores
GUTANGA IBIRIBWA NIBINYOBWA MURI CANTINE,5610,Restaurants & food service,Restaurants and mobile food service activities
Ubucuruzi bwibyuma byokubaka amazu,4752,Hardware & paint shop,"Retail sale of hardware, paints and glass in specialized stores"
ubucuruzi budandaza bwiganjemo ibiribwa n'ibikoresho by'isuku,4719,"General shop, other goods",Other retail sale in non-specialized stores
kwegereza abaturage ibinyobwa,4773,Other specialised shop,Other retail sale of new goods in specialized stores
GUPIMA UMUSURU,5630,Bars & beverage serving,Beverage serving activities
Ubucuruzi budandaza ubushera,5630,Bars & beverage serving,Beverage serving activities
"gucuruza icyayi,amata,nibindi byokunywa bitandukanye byabana",5610,Restaurants & food service,Restaurants and mobile food service activities
ubucuruzi budandaza higanjemo ibikoresho by'ubwubatsi,4752,Hardware & paint shop,"Retail sale of hardware, paints and glass in specialized stores"
"Nubucuruzi budandaza bwiganjemo intoryi,inyanya",4711,"General shop, mainly food","Retail sale in non-specialized stores with food, beverages or tobacco predominating"
botike yinganjemo ibiribwa,4711,"General shop, mainly food","Retail sale in non-specialized stores with food, beverages or tobacco predominating"
kudoda imyenda mishya nogusana ishaje,1410,Tailoring & clothing making,"Manufacture of wearing apparel, except fur apparel"
kwenga cg gukora ubushera bakana bucuruza,5630,Bars & beverage serving,Beverage serving activities
ubucuruzi bw ibirayi ibitoki n imboga rwatsi,4721,Specialised food shop,Retail sale of food in specialized stores
"Ubudandazi bw' imiti, amavuta yo kwisiga n' ibikoresho by' isuku bukorerwa ahabugenewe",4772,Pharmacy & cosmetics shop,"Retail sale of pharmaceutical and medical goods, cosmetic and toilet articles in specialized stores"
UBUDANDAZI BW'IFUMBIRE MVARUGANDA,4773,Other specialised shop,Other retail sale of new goods in specialized stores
ubudozi butera ibiraka murimacye nugusana imyenda yacitse ninawo murimo wingenzi,1410,Tailoring & clothing making,"Manufacture of wearing apparel, except fur apparel"
kunandaza inintu bitandukanye mu iduka,4719,"General shop, other goods",Other retail sale in non-specialized stores
ubucuruzi budanza  bw igajemo ibiribwa  umuceri kahunga ibirayi igitoki,4711,"General shop, mainly food","Retail sale in non-specialized stores with food, beverages or tobacco predominating"
ubucurizi bwibiribwa budadanza,4721,Specialised food shop,Retail sale of food in specialized stores
kudandaza imineke na avoka,4781,Market stall: food & drinks,"Retail sale via stalls and markets of food, beverages and tobacco products"
ubucuruzi budandaza umuceri isukari,4711,"General shop, mainly food","Retail sale in non-specialized stores with food, beverages or tobacco predominating"
UBUDANDAZI BWIBIRIBWA HIGANJEMO UBUGARI NI BIRAYE,4721,Specialised food shop,Retail sale of food in specialized stores
Ubucuruzi bwiganjemo umuceri,4711,"General shop, mainly food","Retail sale in non-specialized stores with food, beverages or tobacco predominating"
boutique yiganjemo ifu y'ibigori,4711,"General shop, mainly food","Retail sale in non-specialized stores with food, beverages or tobacco predominating"
UBUREZI BWIBANZE MU MASHURI ABANZA,8510,Primary education,Pre-primary and primary education
Akabari kadandaza ibinyobwa bya blarirwa,5610,Restaurants & food service,Restaurants and mobile food service activities
KUBAGARA AMASAKA,0111,Growing cereals & legumes,"Growing of cereals (except rice), leguminous crops and oil seeds"
Kudandaza ibintu biyandukanye higanjemo Inzoga inzoga zitandukanye,5630,Bars & beverage serving,Beverage serving activities
Ubucuruzi bwakabare,4711,"General shop, mainly food","Retail sale in non-specialized stores with food, beverages or tobacco predominating"
"ubucuruzi budandaza muri boutique amavuta yo guteka,umuceri ,ibitoki",4711,"General shop, mainly food","Retail sale in non-specialized stores with food, beverages or tobacco predominating"
ubucuruzi bigiye bitandukanye byiganjemo imigati,4711,"General shop, mainly food","Retail sale in non-specialized stores with food, beverages or tobacco predominating"
GUSYA IFU,1061,Grain milling,Manufacture of grain mill products
kudandaza imiti y'amatungo n'ubuhinzi,4772,Pharmacy & cosmetics shop,"Retail sale of pharmaceutical and medical goods, cosmetic and toilet articles in specialized stores"
kubaga ingurube bakotsa imyama bakagaburira abantu,5630,Bars & beverage serving,Beverage serving activities
"ubucuruzi bw'icyayi namandazi,imigati,keke na capati",4711,"General shop, mainly food","Retail sale in non-specialized stores with food, beverages or tobacco predominating"
"gycuruza ibinyobwa higanjemo ibisembuye nibidasembuye(skol,brarirwa) nicyokezo cyinyama",5630,Bars & beverage serving,Beverage serving activities
UBUCURUZI BW'INZOGA MU KABARI NIBYO KURY,5630,Bars & beverage serving,Beverage serving activities
Iseta icuruza imyenda yabakuru kudandaza (caguwa),4782,Market stall: clothing,"Retail sale via stalls and markets of textiles, clothing and footwear"
ubudandazi bw' ibikapu bya magaze,4782,Market stall: clothing,"Retail sale via stalls and markets of textiles, clothing and footwear"
BACURUZA BOUTIQUE,4711,"General shop, mainly food","Retail sale in non-specialized stores with food, beverages or tobacco predominating"
Guha abantu ibyo kunywa/ Ubushera,5630,Bars & beverage serving,Beverage serving activities
kupima ikigage,5630,Bars & beverage serving,Beverage serving activities
Saloon y'abagabo/kogosha,9602,Hairdressing & beauty,Hairdressing and other beauty treatment
UBUCURUZI BUDANDAZA BWIGANJEMO UMUNYU NISABUNE MUKA BOUTIQUE,4719,"General shop, other goods",Other retail sale in non-specialized stores
botike icuruza ibyokurya ibinyobwa bidasembuye Mitsing Skol ...,4711,"General shop, mainly food","Retail sale in non-specialized stores with food, beverages or tobacco predominating"
gucuruza ibiribwa bidahiye,4721,Specialised food shop,Retail sale of food in specialized stores
UBUDANDAZI BWIMITI YAMATUNGO MURI PHARMACY,4772,Pharmacy & cosmetics shop,"Retail sale of pharmaceutical and medical goods, cosmetic and toilet articles in specialized stores"
"Ubucuruzi bw'ibiribwa, imineke, amavoka,ubunyobwa bwoguteka, umunyu ,amavuta yo guteka",4721,Specialised food shop,Retail sale of food in specialized stores
akabari k urwagwa ni inzogavza bralirwa,5630,Bars & beverage serving,Beverage serving activities
UBUDANDAZI BW' AMASHUKA BUKORERWA MU ISOKO,4782,Market stall: clothing,"Retail sale via stalls and markets of textiles, clothing and footwear"
ubucuruzi bwibinyobwa bitandukanye,4773,Other specialised shop,Other retail sale of new goods in specialized stores
gucuruza ibintu higanjemo ibyo kurya,4711,"General shop, mainly food","Retail sale in non-specialized stores with food, beverages or tobacco predominating"
Gucuruza ibyerekeye ubwubatsi,4752,Hardware & paint shop,"Retail sale of hardware, paints and glass in specialized stores"
cantine iha abantu icyayi,5610,Restaurants & food service,Restaurants and mobile food service activities
Ubudozi bw' imyenda y' abadamu,1410,Tailoring & clothing making,"Manufacture of wearing apparel, except fur apparel"
ubucuruzi bw'iribwa,4721,Specialised food shop,Retail sale of food in specialized stores
"ubucuruzi bw'ibinyobwa,amavuta,kawunga,ibibiriti,umunyu",4711,"General shop, mainly food","Retail sale in non-specialized stores with food, beverages or tobacco predominating"
Ubucuruzi bw'ibyuma bishaje,4719,"General shop, other goods",Other retail sale in non-specialized stores
"Kugaburira abantu(imvage,ifiriti,umuceri)",5610,Restaurants & food service,Restaurants and mobile food service activities
boutique icuruza ubuconco higanjemo ibintu byo kurya,4711,"General shop, mainly food","Retail sale in non-specialized stores with food, beverages or tobacco predominating"
ubudandazi bw'inkweto mu isoko,4782,Market stall: clothing,"Retail sale via stalls and markets of textiles, clothing and footwear"
"ubucuruzi bw'ubucogocogo(amavuta yo kurya no kwisiga,ibirayi,umuceri,isabune)",4721,Specialised food shop,Retail sale of food in specialized stores
"Bucuruzi:ukuranguza, umuceri,kawunga,inkweto",4630,Wholesale of food & drinks,"Wholesale of food, beverages and tobacco"
acuruza inkweto zabagore za caguwa,4782,Market stall: clothing,"Retail sale via stalls and markets of textiles, clothing and footwear"
KUDODA IMYENDA NO GUKORA MODEL,1410,Tailoring & clothing making,"Manufacture of wearing apparel, except fur apparel"
Restorant service,5610,Restaurants & food service,Restaurants and mobile food service activities
UBUHUNZI BWIMYUMBATI,0113,Growing vegetables & tubers,"Growing of vegetables and melons, roots and tubers"
Kwogosha abakiliya babagana,9602,Hairdressing & beauty,Hairdressing and other beauty treatment
tudandaza ibitandukanye higanjemo ibiribwa nibikoresho byisuku,4719,"General shop, other goods",Other retail sale in non-specialized stores
Adandaza ibyo kurya higanjemo umuceri,4711,"General shop, mainly food","Retail sale in non-specialized stores with food, beverages or tobacco predominating"
badandaza imyenda ninkweto,4771,Clothing & shoe shop,"Retail sale of clothing, footwear and leather articles in specialized stores"
"Ubucuruzi bw'ibiribwa muri boutique (umuceli,isukali,ubunyobwa )",4721,Specialised food shop,Retail sale of food in specialized stores
"bacuruza ibyo kurya bitetse nki firiti, umuceri , ni nyama",5610,Restaurants & food service,Restaurants and mobile food service activities
Ubucuruzi bwibiribwa budandaje muri boutique,4721,Specialised food shop,Retail sale of food in specialized stores
"UBUHINZI BW,AMASAKA",0111,Growing cereals & legumes,"Growing of cereals (except rice), leguminous crops and oil seeds"
"kudandaza amandazi,umugati",4721,Specialised food shop,Retail sale of food in specialized stores
"ubucuruzi budandaza bwiganjemo ibitunguru,ubugali,salisa,umunyu,etc...",4721,Specialised food shop,Retail sale of food in specialized stores
Gusya ibinyampeke higanjemo amasaka,1061,Grain milling,Manufacture of grain mill products
"acuruza inyanya ,nibitunguru",4781,Market stall: food & drinks,"Retail sale via stalls and markets of food, beverages and tobacco products"
UBUCURUZI BWIBIKORESHO BYUBAKA,4752,Hardware & paint shop,"Retail sale of hardware, paints and glass in specialized stores"
"Ubucuruzi buranguzabukadandaza bwiganjemo ibikoresho byisuku,ibyubwubatsi nibyo kurya",4719,"General shop, other goods",Other retail sale in non-specialized stores
Gucuruza urwagwa rwa kinyarwanda,5630,Bars & beverage serving,Beverage serving activities
"ubucuruzi bwimyunyu ,amavuta yokwisiga ,amavuta yoguteka ,umuceri ,kawunga ,ibishyimbo",4719,"General shop, other goods",Other retail sale in non-specialized stores
ubudansazi bw' ibiribwa mu iduka,4721,Specialised food shop,Retail sale of food in specialized stores
ubucuruzi imyenda yibitenge,4782,Market stall: clothing,"Retail sale via stalls and markets of textiles, clothing and footwear"
BARASUKA BA KANOGOSHA,9602,Hairdressing & beauty,Hairdressing and other beauty treatment
UBUDOZI BWIMYENDA YABAGORE MUISOKO,1410,Tailoring & clothing making,"Manufacture of wearing apparel, except fur apparel"
boutique idandaza higanjemo ibiribwa,4711,"General shop, mainly food","Retail sale in non-specialized stores with food, beverages or tobacco predominating"
UBUCURUZI BWIBIRIBWA MUSOKO,4781,Market stall: food & drinks,"Retail sale via stalls and markets of food, beverages and tobacco products"
HBUCURUXI B2IGANJEMO CEMENT,4752,Hardware & paint shop,"Retail sale of hardware, paints and glass in specialized stores"
"ubucuruzi budandaza bwiganjemo umunyu,isabune",4719,"General shop, other goods",Other retail sale in non-specialized stores
UBUHINZI BWINANASI,0113,Growing vegetables & tubers,"Growing of vegetables and melons, roots and tubers"
nuwo gucuruza imboga mbisi tungurusumu intoryi pavuro karotto,4711,"General shop, mainly food","Retail sale in non-specialized stores with food, beverages or tobacco predominating"
UBUHINZI BW'OGUTUNGA URUGO,9810,Household own-use production,Undifferentiated goods-producing activities of private households for own use
Butike idandaza ibitunguru,4781,Market stall: food & drinks,"Retail sale via stalls and markets of food, beverages and tobacco products"
"icyuma gisya ibikomoka kubinyampeke kikabihindura ifu:  ubugali, ibigori, saya, amasaka,",1061,Grain milling,Manufacture of grain mill products
"UBUHINZI BW,IBIRIBWA",0111,Growing cereals & legumes,"Growing of cereals (except rice), leguminous crops and oil seeds"
ubucuruzi budandaza bw'icyayi,5610,Restaurants & food service,Restaurants and mobile food service activities
ubucuruzi bw'ibyayi nimigati,5610,Restaurants & food service,Restaurants and mobile food service activities
"gucuruza ibiribwa,ibikoresho byisuku,inkwi zogucana",4719,"General shop, other goods",Other retail sale in non-specialized stores
Gucuruza adandaza higanje ifu n'isabune,4719,"General shop, other goods",Other retail sale in non-specialized stores
Ubudandazi bwinzoga za kinyarwanda(rwabitoki),5630,Bars & beverage serving,Beverage serving activities
"ubucuruzi bw'ibiribwa ibitoki,ibirayi,umuceri",4711,"General shop, mainly food","Retail sale in non-specialized stores with food, beverages or tobacco predominating"
gukwirakwiza imiti mumavuriro ya leta  n'amavuriro yabihaye imana,4772,Pharmacy & cosmetics shop,"Retail sale of pharmaceutical and medical goods, cosmetic and toilet articles in specialized stores"
"gucuruza ibirayi, ifu, isabune",4711,"General shop, mainly food","Retail sale in non-specialized stores with food, beverages or tobacco predominating"
ubucuruzi bukorera ahantu habugenewe  inzoga z' ibitoki,5630,Bars & beverage serving,Beverage serving activities
UBUHINZI BW'O GUTUNGA URUGO,9810,Household own-use production,Undifferentiated goods-producing activities of private households for own use
Akabari gacuruza ibyo kunywa,5630,Bars & beverage serving,Beverage serving activities
uburezi mumashuli abanza,8510,Primary education,Pre-primary and primary education
UBUCURUZI BW'IBYUMA BY'AMAGARE,4719,"General shop, other goods",Other retail sale in non-specialized stores
"ubudozi bwinyenda,ibitenge,amashati,amakabutura,amakanzu",1410,Tailoring & clothing making,"Manufacture of wearing apparel, except fur apparel"
GUCURUZA GAZ,4773,Other specialised shop,Other retail sale of new goods in specialized stores
ubucuruzi budandaza (boutique),4719,"General shop, other goods",Other retail sale in non-specialized stores
ubucurizii,4719,"General shop, other goods",Other retail sale in non-specialized stores
Kudandaza ibicuruzwa byiganjemo ibyokurya,4711,"General shop, mainly food","Retail sale in non-specialized stores with food, beverages or tobacco predominating"
KWOGOSHA NO GUSUKA IMISATSI,9602,Hairdressing & beauty,Hairdressing and other beauty treatment
Badandaza amazi ya jibu nisukari,4711,"General shop, mainly food","Retail sale in non-specialized stores with food, beverages or tobacco predominating"
ubucuruzi budandaza ibiribwa bidahiye harimo amafu atandukanye,4711,"General shop, mainly food","Retail sale in non-specialized stores with food, beverages or tobacco predominating"
"GUSYA IBINYAMPEKE(AMASAKA, IBIGORI, INGANO, IMYUMBATI)",1061,Grain milling,Manufacture of grain mill products
Guha abantu icyo kunywa,5630,Bars & beverage serving,Beverage serving activities
ADANDAZA AMAKARA YOGUTEKESHA MWISOKO RYA KABYAZA,4773,Other specialised shop,Other retail sale of new goods in specialized stores
gucuruza uduconsho,4719,"General shop, other goods",Other retail sale in non-specialized stores
"Kubaga ingurube akagurisha inyama zitetse akanatanga ibiterane (inyama bashyira mwifufu y,imyumbati bakabiteka mumavuta)",5610,Restaurants & food service,Restaurants and mobile food service activities
Boutique idandaza ibintu bitandukanye higanjemo ibirirwa,4711,"General shop, mainly food","Retail sale in non-specialized stores with food, beverages or tobacco predominating"
kudandaza bodaboda,4711,"General shop, mainly food","Retail sale in non-specialized stores with food, beverages or tobacco predominating"
Umucuruzi udandaza inyanya,4781,Market stall: food & drinks,"Retail sale via stalls and markets of food, beverages and tobacco products"
Ubucuruzi budandaza inkweto mu duka,4771,Clothing & shoe shop,"Retail sale of clothing, footwear and leather articles in specialized stores"
"Gucuruza ibinyobwa bisembuye, nibidasembuye,meraneza",5630,Bars & beverage serving,Beverage serving activities
"UBUHINZI BW,IMBUTO",0113,Growing vegetables & tubers,"Growing of vegetables and melons, roots and tubers"
KURANGURA IMYAKA MUNGO UKAYIGURISHA,4799,Street & mobile vending,"Other retail sale not in stores, stalls or markets"
UBUDANDAZI BW'IBIRAYI BIBISI KU MUNDA,4799,Street & mobile vending,"Other retail sale not in stores, stalls or markets"
"gucuruza  ibyo kurya na boutique(ibitoki,ifi,umunyu,fanta,inzoga)...)",4711,"General shop, mainly food","Retail sale in non-specialized stores with food, beverages or tobacco predominating"
UBUDANDAZI BWUBUCONCO BWIGANJEMO IBIRIBWA(BOUTIQUE),4711,"General shop, mainly food","Retail sale in non-specialized stores with food, beverages or tobacco predominating"
KUDANDAZA INKOKO MU ISOKO,4781,Market stall: food & drinks,"Retail sale via stalls and markets of food, beverages and tobacco products"
"kudandaza higanjemo ibiribwa kawunga, umuceri",4711,"General shop, mainly food","Retail sale in non-specialized stores with food, beverages or tobacco predominating"
"ubudandazi buciriritse cyane (jus,amandazi,umunyu,amavuta yo ku isiga gusa )",4719,"General shop, other goods",Other retail sale in non-specialized stores
"UBUCURUZI BUDANDAZA IBINYOBWA ,IBIRIBWA",4711,"General shop, mainly food","Retail sale in non-specialized stores with food, beverages or tobacco predominating"
Acuruza icya namandazi.,4721,Specialised food shop,Retail sale of food in specialized stores
UBUDANDAZI BW'UBUNYOBWA KUMUHANDA,4799,Street & mobile vending,"Other retail sale not in stores, stalls or markets"
acuruza urwagwa rwabitoki,5630,Bars & beverage serving,Beverage serving activities
ubucuruzi bwi biribwa kuri detail,4721,Specialised food shop,Retail sale of food in specialized stores
UBUDANDAZI BWIBIRIBWA MUSOKO,4781,Market stall: food & drinks,"Retail sale via stalls and markets of food, beverages and tobacco products"
UBUHINZI BW'IBISHYIMBO N'AMASAKA,0111,Growing cereals & legumes,"Growing of cereals (except rice), leguminous crops and oil seeds"
UBUCURUZI BWA RESTAURENT,5610,Restaurants & food service,Restaurants and mobile food service activities
kudetaya inkweto ziganjemo bodaboda,4771,Clothing & shoe shop,"Retail sale of clothing, footwear and leather articles in specialized stores"
Ubucuruzi bwamarangi kore imisumari na prafo,4711,"General shop, mainly food","Retail sale in non-specialized stores with food, beverages or tobacco predominating"
GUCURUZA UBUNSHONCO,4719,"General shop, other goods",Other retail sale in non-specialized stores
UBUDANDAZI BW'AMAPERA MU ISOKO,4781,Market stall: food & drinks,"Retail sale via stalls and markets of food, beverages and tobacco products"
"ibicuruzwa, umuceri, akawunga, amakayi, amandqzi, amasabune",4719,"General shop, other goods",Other retail sale in non-specialized stores
kuranguza inzoga za Rickel muri sous depot,4630,Wholesale of food & drinks,"Wholesale of food, beverages and tobacco"
Ubucuruzi bw'amakara kukadobo,4773,Other specialised shop,Other retail sale of new goods in specialized stores
ubucuruzi bwa akabari kiganjemo Urwagwa,5630,Bars & beverage serving,Beverage serving activities
UBUHINZI BUGAMIJE GUTUNGA URUGO RWE,9810,Household own-use production,Undifferentiated goods-producing activities of private households for own use
"Gucuruza icyayi,imireti,n'amandazi nufusambusa",5610,Restaurants & food service,Restaurants and mobile food service activities
GUCURUZA IBIDIYA RY'INGANO,4711,"General shop, mainly food","Retail sale in non-specialized stores with food, beverages or tobacco predominating"
Kudandaza ibintu bitandukanye muri butike hinganjrmo biscuits,4711,"General shop, mainly food","Retail sale in non-specialized stores with food, beverages or tobacco predominating"
"Gucuruza no kuranguza imyaka ,ibishyimbo na masaka",4630,Wholesale of food & drinks,"Wholesale of food, beverages and tobacco"
uburezi bwigisha nasary na primaire,8510,Primary education,Pre-primary and primary education
ubucuruI bwiganjo inzoga z'urwarwa,5630,Bars & beverage serving,Beverage serving activities
Ubudozi bwimyenda,1410,Tailoring & clothing making,"Manufacture of wearing apparel, except fur apparel"
Ubucurizi budanzaza,4711,"General shop, mainly food","Retail sale in non-specialized stores with food, beverages or tobacco predominating"
"ubucuruzi budandaza inyama,inzoga",5630,Bars & beverage serving,Beverage serving activities
ubucuruzi bw imyenda,4771,Clothing & shoe shop,"Retail sale of clothing, footwear and leather articles in specialized stores"
Gucuruza ibyo kurya no kunywa n ibikoresho by isuku,4711,"General shop, mainly food","Retail sale in non-specialized stores with food, beverages or tobacco predominating"
Imirimo yo kugabura muri canteen,5610,Restaurants & food service,Restaurants and mobile food service activities
UBUCURUZI BUDANDAZA BWIGANJEMO  UMUCERI,4773,Other specialised shop,Other retail sale of new goods in specialized stores
akabari  gacuruza inyobwa(bapima ikigage),5630,Bars & beverage serving,Beverage serving activities
"Boutique yiganjemo ibiribwa ,amavuta, nifu",4711,"General shop, mainly food","Retail sale in non-specialized stores with food, beverages or tobacco predominating"
Ubudandazi bwibiribwa muri boutique byiganjemo umuceri ibirayi,4711,"General shop, mainly food","Retail sale in non-specialized stores with food, beverages or tobacco predominating"
"ubudandazi bwibyo kurya higanjemo umuceri,kawunga,ubugari, nibyo kunywa bisembuye nibidasembuye",4721,Specialised food shop,Retail sale of food in specialized stores
"gucuruza amandazi, imigati, imineke,icyayi",5610,Restaurants & food service,Restaurants and mobile food service activities
"ubucuruzi bw,ibirimbwa ,inkweto,ibikoresho by,isuku n,ibinyombwa",4711,"General shop, mainly food","Retail sale in non-specialized stores with food, beverages or tobacco predominating"
Kudandaza ibiribwa higanjemo ibirayi n'igitoki muri boutique,4711,"General shop, mainly food","Retail sale in non-specialized stores with food, beverages or tobacco predominating"
kudandaza amafu mwisoko,4781,Market stall: food & drinks,"Retail sale via stalls and markets of food, beverages and tobacco products"
"UBUCURUZI BUDANDAZA, AMAKANZU, UDUKAPU,",4771,Clothing & shoe shop,"Retail sale of clothing, footwear and leather articles in specialized stores"
Ubucuruzi bwi ibirayi,4630,Wholesale of food & drinks,"Wholesale of food, beverages and tobacco"
GUTUNGANYA IMISATSI HIGANJEMO IYABAGABO,9602,Hairdressing & beauty,Hairdressing and other beauty treatment
"acuruza;icyayi,jus,igikoma,andazi,...",5610,Restaurants & food service,Restaurants and mobile food service activities
KUSYA IFU,1061,Grain milling,Manufacture of grain mill products
UBUCURUZI BWA QUENCAIL,4752,Hardware & paint shop,"Retail sale of hardware, paints and glass in specialized stores"
"Kundandaza ibintu bitandukanye birimo isukali,umuceli n'isabuni muri boutique",4773,Other specialised shop,Other retail sale of new goods in specialized stores
Ubucuruzobw'inzoga higanjemo ibigage,5630,Bars & beverage serving,Beverage serving activities
Ubucuruzi bwibitenge na mavuta nimibavu nibikoresho byi suku,4711,"General shop, mainly food","Retail sale in non-specialized stores with food, beverages or tobacco predominating"
UBUCURUZI BW IMYENDA MU MUHANDA,4799,Street & mobile vending,"Other retail sale not in stores, stalls or markets"
ubucuruzi bujyanye nibiryo bibisi nibindi byamasuku boutick,4773,Other specialised shop,Other retail sale of new goods in specialized stores
ubucuruzi budandaza bw'urwagwa,5630,Bars & beverage serving,Beverage serving activities
UBUHINZI BW' IBIJUMBS,0113,Growing vegetables & tubers,"Growing of vegetables and melons, roots and tubers"
IBIRYO BYINKOKO,4773,Other specialised shop,Other retail sale of new goods in specialized stores
KUDANDAZA AMAVUTA MU IDUKA,4772,Pharmacy & cosmetics shop,"Retail sale of pharmaceutical and medical goods, cosmetic and toilet articles in specialized stores"
Bavomesha amazi,4711,"General shop, mainly food","Retail sale in non-specialized stores with food, beverages or tobacco predominating"
Kudandaza icyayi na amandazi,5610,Restaurants & food service,Restaurants and mobile food service activities
GUSHYA IBINYAMPEKE BIKAVAMO AMAFU,1061,Grain milling,Manufacture of grain mill products
